annotation_date,market_slug,market_title,annotation_title,claimed_source,url,actual_domain,http_status,category,is_flagged,wayback_status,hallucination_signal,likely_hallucinated
2025-05-02,what-will-happen-before-gta-vi,What will happen before GTA VI?,"Chile launches Latam-GPT, Latin America's first open-source AI language model",AP News,https://apnews.com/article/chile-latam-gpt-artificial-intelligence-spanish-a2d914ff6c06b230decf930760ccb44f,apnews.com,200,news,no,,,no
2025-05-02,what-will-happen-before-gta-vi,What will happen before GTA VI?,Trumpâs presidency begins second term amid crypto optimism,AP News,https://apnews.com/article/bitcoin-prices-falling-cryptocurrency-markets-investment-199a22ac65a675eb67bac89177ddf09b,apnews.com,200,news,no,,,no
2025-05-07,what-will-happen-before-gta-vi,What will happen before GTA VI?,Australiaâs central bank raises interest rate to 3.85% amid inflation surge,AP News,https://apnews.com/article/australia-interest-rate-hike-inflation-ca0e5c5f64ad12de58a6e2d516423f16,apnews.com,200,news,no,,,no
2025-05-16,what-will-happen-before-gta-vi,What will happen before GTA VI?,Rihanna's new album gains critical acclaim and public attention,AP News,https://apnews.com/article/best-music-albums-2025-a9afd2a0f4a3c27e22e2f83fef884f75,apnews.com,200,news,no,,,no
2025-06-02,what-will-happen-before-gta-vi,What will happen before GTA VI?,"Playboi Carti announces release date for longâdelayed third album ""Music""",AP News,https://apnews.com/world-news/general-news-02dab2b387734696489c4975733cac19,apnews.com,200,news,no,,,no
2025-06-13,what-will-happen-before-gta-vi,What will happen before GTA VI?,"BTS members complete mandatory military service, signaling group comeback",AP News,https://apnews.com/article/bts-suga-south-korea-military-service-boy-band-a0fd2487c9859805f50a891b7f2b93a0,apnews.com,200,news,no,,,no
2025-07-03,what-will-happen-before-gta-vi,What will happen before GTA VI?,Madonna announces new album 'Confessions on a Dance Floor: Part II',AP News,https://apnews.com/article/madonna-confessions-on-dance-floor-new-album-d210d4f86ff0dea359b26da6f002e4b8,apnews.com,200,news,no,,,no
2025-07-10,texas-republican-senate-primary-winner,Texas Republican Senate Primary Winner,John Cornyn faces tough primary challenge from Paxton and Hunt,AP News,https://apnews.com/article/texas-senate-republicans-cornyn-paxton-hunt-01f1ffaf8a890e3017af407abe502e8f,apnews.com,200,news,no,,,no
2025-07-11,democratic-presidential-nominee-2028,Democratic Presidential Nominee 2028,"Gavin Newsom tours South Carolina, signaling 2028 presidential ambitions",AP News,https://apnews.com/article/democrats-president-2028-newsom-beshear-khanna-south-carolina-004ca304aeecf186391b5439b51b3836,apnews.com,200,news,no,,,no
2025-07-11,presidential-election-winner-2028,Presidential Election Winner 2028,Gavin Newsom campaigns in early 2028 presidential race with growing support,AP News,https://apnews.com/article/democrats-president-2028-newsom-beshear-khanna-south-carolina-004ca304aeecf186391b5439b51b3836,apnews.com,200,news,no,,,no
2025-07-11,republican-presidential-nominee-2028,Republican Presidential Nominee 2028,"Man breaks windows at Vance's Ohio home, Secret Service says",AP News,https://apnews.com/article/vance-home-ohio-damaged-man-detained-c53c099124e36642e4dd4d86c38cf33f,apnews.com,200,news,no,,,no
2025-07-11,which-party-will-win-the-house-in-2026,Which party will win the House in 2026?,Virginia Supreme Court overturns Democratic-favored congressional map,AP News,https://apnews.com/article/redistricting-alabama-virginia-louisiana-courts-2e109f6432ce02b2e9f0ec44dd1ebbbc,apnews.com,200,news,no,,,no
2025-07-11,balance-of-power-2026-midterms,Balance of Power: 2026 Midterms,Fundraising hauls show RNC outpacing Democrats ahead of midterms,AP News,https://apnews.com/article/elections-house-senate-congress-midterms-trump-387549d4d5e682cf8ce8205d96d07ca7,apnews.com,200,news,no,,,no
2025-07-12,presidential-election-winner-2028,Presidential Election Winner 2028,Governor Newsom signs sweeping organizedâretailâtheft package,AP News,https://apnews.com/hub/gavin-newsom,apnews.com,200,news,no,,,no
2025-07-12,republican-presidential-nominee-2028,Republican Presidential Nominee 2028,Glenn Youngkin declines to comment on Turning Point endorsement battle,AP News,https://apnews.com/article/turning-point-charlie-kirk-vance-republicans-2028-e28a332d7f55eb44346ef9d47e8906e4,apnews.com,200,news,no,,,no
2025-07-14,republican-presidential-nominee-2028,Republican Presidential Nominee 2028,Turning Point USA endorses JD Vance as potential 2028 Republican nominee,AP News,https://apnews.com/article/turning-point-charlie-kirk-vance-republicans-2028-e28a332d7f55eb44346ef9d47e8906e4,apnews.com,200,news,no,,,no
2025-07-14,which-party-will-win-the-senate-in-2026,Which party will win the Senate in 2026?,Democrat Mary Peltola announces challenge to GOP Sen. Dan Sullivan in Alaska,AP News,https://apnews.com/article/alaska-senate-peltola-sullivan-3fd17afc556641652e83e9c11d700306,apnews.com,200,news,no,,,no
2025-07-14,texas-republican-senate-primary-winner,Texas Republican Senate Primary Winner,"Ken Paxton intensifies campaign with rally in Tyler, Texas",AP News,https://apnews.com/article/stephen-colbert-james-talarico-donald-trump-fcc-806845facffd3ab3e30142971be16add,apnews.com,200,news,no,,,no
2025-07-14,texas-republican-senate-primary-winner,Texas Republican Senate Primary Winner,"Ken Paxton intensifies campaign with rally in Tyler, Texas",AP News,https://apnews.com/article/stephen-colbert-james-talarico-donald-trump-fcc-806845facffd3ab3e30142971be16add,apnews.com,200,news,no,,,no
2025-07-15,democratic-presidential-nominee-2028,Democratic Presidential Nominee 2028,Trump calls Gov. Gavinâ¯Newsom âstupidâ over dyslexia in Cabinet meeting,AP News,https://apnews.com/article/dyslexia-trump-newsom-insults-learning-disability-53e47ca7c7d4d0d16eb42a9a012a85e0,apnews.com,200,news,no,,,no
2025-07-15,presidential-election-winner-2028,Presidential Election Winner 2028,Pennsylvania Gov. Josh Shapiro loses reâelection narrowly,AP News,https://apnews.com/article/pennsylvania-election-2025-shapiro-loss,apnews.com,404,dead link,yes,archived,real_dead_link,no
2025-07-15,republican-presidential-nominee-2028,Republican Presidential Nominee 2028,Thomas Massie rules out 2028 presidential run,AP News,https://apnews.com/article/turning-point-charlie-kirk-vance-republicans-2028-e28a332d7f55eb44346ef9d47e8906e4,apnews.com,200,news,no,,,no
2025-07-15,republican-presidential-nominee-2028,Republican Presidential Nominee 2028,Gov. Glenn Youngkin rules out 2028 presidential run,AP News,https://apnews.com/article/glenn-youngkin-2028-decision-2025-07-15,apnews.com,404,dead link,yes,archived,real_dead_link,no
2025-07-15,which-party-will-win-the-house-in-2026,Which party will win the House in 2026?,Gallup poll shows rising independent and moderate voters leaning toward Democrats,AP News,https://apnews.com/article/poll-independents-moderates-republicans-democrats-trump-ba353eb6807fd854f5b6e6de52d152fa,apnews.com,200,news,no,,,no
2025-07-15,texas-republican-senate-primary-winner,Texas Republican Senate Primary Winner,Ken Paxton launches investigation into alleged non‑citizen voting in 2020‑22,AP News,https://apnews.com/article/ken-paxton-texas-noncitizen-voter-investigation-ken-paxton/,apnews.com,404,dead link,yes,archived,real_dead_link,no
2025-07-15,texas-republican-senate-primary-winner,Texas Republican Senate Primary Winner,Ken Paxton announces entry into U.S. Senate race,AP News,https://apnews.com/article/texas-senate-ken-paxton-cornyn-fe2787bbac917c5cb22918ac1e34c458,apnews.com,200,news,no,,,no
2025-07-16,republican-presidential-nominee-2028,Republican Presidential Nominee 2028,Ron DeSantis announces he will not run for president in 2028,AP News,https://apnews.com/article/ron-desantis-2028-presidential-run,apnews.com,404,dead link,yes,archived,real_dead_link,no
2025-07-16,republican-presidential-nominee-2028,Republican Presidential Nominee 2028,JD Vance announces new Medicaid fraud deferral targeting California,AP News,https://apnews.com/article/medicare-fraud-trump-vance-oz-health-hospice-534297fffb47e31e2a3906273f20e0b5,apnews.com,200,news,no,,,no
2025-07-16,which-party-will-win-the-house-in-2026,Which party will win the House in 2026?,"Democrat Eileen Higgins wins Miami mayoral race, ending GOP streak",AP News,https://apnews.com/article/miami-mayor-trump-higgins-gonzalez-f0d8c55a4b97962ac1348c5a93295465,apnews.com,200,news,no,,,no
2025-07-18,democratic-presidential-nominee-2028,Democratic Presidential Nominee 2028,Supreme Court upholds Californiaâs new congressional map,AP News,https://apnews.com/article/supreme-court-california-congressional-maps-8362a34b739ea91d37a190eee1b6a6d1,apnews.com,200,news,no,,,no
2025-07-18,republican-presidential-nominee-2028,Republican Presidential Nominee 2028,Early Republican field sees major shifts in nomination prospects,AP News,https://apnews.com/article/turning-point-charlie-kirk-vance-republicans-2028-e28a332d7f55eb44346ef9d47e8906e4,apnews.com,200,news,no,,,no
2025-07-18,republican-presidential-nominee-2028,Republican Presidential Nominee 2028,Vivek Ramaswamy says he will not run for president in 2028,AP News,https://apnews.com/article/vivek-ramaswamy-2028-decision-2025-07-18,apnews.com,404,dead link,yes,archived,real_dead_link,no
2025-07-18,balance-of-power-2026-midterms,Balance of Power: 2026 Midterms,Trump urges Texas Republicans to redraw congressional districts,AP News,https://apnews.com/article/trump-congress-house-republicans-texas-redistricting-d18e8280a32872d9eefcbb26f66a0331,apnews.com,200,news,no,,,no
2025-07-18,balance-of-power-2026-midterms,Balance of Power: 2026 Midterms,Supreme Court ruling weakens Voting Rights Act protections,AP News,https://apnews.com/article/supreme-court-voting-rights-2026-midterms,apnews.com,404,dead link,yes,never_archived,never_archived,yes
2025-07-18,texas-republican-senate-primary-winner,Texas Republican Senate Primary Winner,Ken Paxton announces Texas Senate primary challenge amid legal controversies,AP News,https://apnews.com/article/texas-senate-paxton-cornyn-bc9dcc271c97ad1d724383397e5807c6,apnews.com,200,news,no,,,no
2025-07-18,texas-republican-senate-primary-winner,Texas Republican Senate Primary Winner,Ken Paxton announces Texas Senate primary challenge amid legal controversies,AP News,https://apnews.com/article/texas-senate-paxton-cornyn-bc9dcc271c97ad1d724383397e5807c6,apnews.com,200,news,no,,,no
2025-07-19,balance-of-power-2026-midterms,Balance of Power: 2026 Midterms,Democrats' redistricting in Virginia is upended by state Supreme Court,AP News,https://apnews.com/article/redistricting-virginia-congress-democrats-republicans-12a31037f3c9a94d3cb9fbcaaf84d94f,apnews.com,200,news,no,,,no
2025-07-19,balance-of-power-2026-midterms,Balance of Power: 2026 Midterms,Cultural backlash grows against Trumpâs immigration crackdown,AP News,https://apnews.com/article/trump-immigration-revolt-ice-backlash-pretti-31dc5f8751a6aa283d37e4eda3819c4e,apnews.com,200,news,no,,,no
2025-07-20,republican-presidential-nominee-2028,Republican Presidential Nominee 2028,Turning Point USA backs JD Vance at AmericaFest convention,AP News,https://apnews.com/article/turning-point-charlie-kirk-vance-republicans-2028-e28a332d7f55eb44346ef9d47e8906e4,apnews.com,200,news,no,,,no
2025-07-22,texas-republican-senate-primary-winner,Texas Republican Senate Primary Winner,"Ken Paxton holds high‑energy rally in Tyler, boosting his primary momentum",AP News,https://apnews.com/article/texas-senate-ken-paxton-cornyn-fe2787bbac917c5cb22918ac1e34c458,apnews.com,200,news,no,,,no
2025-07-22,texas-republican-senate-primary-winner,Texas Republican Senate Primary Winner,Paxton’s campaign releases high‑budget TV ads targeting Cornyn,AP News,https://apnews.com/article/texas-senate-paxton-cornyn-60c34efe45143422c5f9ff84d27c1be1,apnews.com,200,news,no,,,no
2025-07-23,presidential-election-winner-2028,Presidential Election Winner 2028,Vice President JD Vance announces fourth child is on the way,AP News,https://apnews.com/article/usha-vance-pregnant-child-boy-vice-president-40098e3b09e0c8c2b3c43470a81cc39b,apnews.com,200,news,no,,,no
2025-07-23,texas-republican-senate-primary-winner,Texas Republican Senate Primary Winner,John Cornyn rallies in Austin amid primary challenge,AP News,https://apnews.com/article/stephen-colbert-james-talarico-donald-trump-fcc-806845facffd3ab3e30142971be16add,apnews.com,200,news,no,,,no
2025-07-23,texas-republican-senate-primary-winner,Texas Republican Senate Primary Winner,John Cornyn rallies in Austin amid primary challenge,AP News,https://apnews.com/article/stephen-colbert-james-talarico-donald-trump-fcc-806845facffd3ab3e30142971be16add,apnews.com,200,news,no,,,no
2025-07-25,which-party-will-win-the-house-in-2026,Which party will win the House in 2026?,"Rep. Ralph Norman announces run for South Carolina governor, vacating GOP House seat",AP News,https://apnews.com/article/house-retirements-midterms-f638d386d4d1342e3a9671642dd883f6,apnews.com,200,news,no,,,no
2025-07-25,netanyahu-out-before-2027,Netanyahu out by...?,Netanyahu seeks to calm tensions after ultra-Orthodox boy killed by bus,AP News,https://apnews.com/article/ultra-orthodox-israel-netanyahu-draft-law-protest-5e91c26f2c033b41305a3ff8db6aff95,apnews.com,200,news,no,,,no
2025-07-25,netanyahu-out-before-2027,Netanyahu out by...?,Netanyahu approves $35 billion natural gas export deal to Egypt,AP News,https://apnews.com/article/israel-gas-leviathan-chevron-egypt-9d7e816ae59b18f5d5cb78aadc3083e1,apnews.com,200,news,no,,,no
2025-07-26,republican-presidential-nominee-2028,Republican Presidential Nominee 2028,Supreme Court hears Republican appeal to overturn campaign finance limits,AP News,https://apnews.com/article/supreme-court-campaign-finance-republican-spending-limits-0381e78b1e8a8da0e49f5b55b543894e,apnews.com,200,news,no,,,no
2025-07-26,netanyahu-out-before-2027,Netanyahu out by...?,Bus accident kills ultraâOrthodox teen during draft protest,AP News,https://apnews.com/article/ultra-orthodox-israel-netanyahu-draft-law-protest-5e91c26f2c033b41305a3ff8db6aff95,apnews.com,200,news,no,,,no
2025-07-26,texas-republican-senate-primary-winner,Texas Republican Senate Primary Winner,Dawn Buckingham and Beth Van Duyne drop out of Senate race,AP News,https://apnews.com/article/texas-senate-race-colin-allred-jasmine-crockett-5849d3ca44a733ce016300070788eec3,apnews.com,200,news,no,,,no
2025-07-26,texas-republican-senate-primary-winner,Texas Republican Senate Primary Winner,Dawn Buckingham and Beth Van Duyne drop out of Senate race,AP News,https://apnews.com/article/texas-senate-race-colin-allred-jasmine-crockett-5849d3ca44a733ce016300070788eec3,apnews.com,200,news,no,,,no
2025-07-26,texas-republican-senate-primary-winner,Texas Republican Senate Primary Winner,Dawn Buckingham and Beth Van Duyne drop out of Senate race,AP News,https://apnews.com/article/texas-senate-race-colin-allred-jasmine-crockett-5849d3ca44a733ce016300070788eec3,apnews.com,200,news,no,,,no
2025-07-26,texas-republican-senate-primary-winner,Texas Republican Senate Primary Winner,John Cornyn's support declines amid rising Paxton and Hunt campaigns,AP News,https://apnews.com/article/texas-senate-republicans-cornyn-paxton-hunt-01f1ffaf8a890e3017af407abe502e8f,apnews.com,200,news,no,,,no
2025-07-27,netanyahu-out-before-2027,Netanyahu out by...?,Retouched images of Netanyahu's wife ignite ethics debate,AP News,https://apnews.com/article/israel-sara-netanyahu-photos-217896b96d01bf5cfcd7aa606b5fa78e,apnews.com,200,news,no,,,no
2025-07-28,republican-presidential-nominee-2028,Republican Presidential Nominee 2028,Turning Point USA endorses JD Vance for 2028 Republican nomination,AP News,https://apnews.com/article/turning-point-charlie-kirk-vance-republicans-2028-e28a332d7f55eb44346ef9d47e8906e4,apnews.com,200,news,no,,,no
2025-07-29,colombia-presidential-election,Colombia Presidential Election,Miguel Uribe Londoño announces presidential bid honoring slain son,AP News,https://apnews.com/article/colombia-presidential-miguel-uribe-londono-3e0224f23b62e2f9fecf0dee002c7684,apnews.com,200,news,no,,,no
2025-07-30,presidential-election-winner-2028,Presidential Election Winner 2028,Vice President JD Vance and wife expect fourth child,AP News,https://apnews.com/article/usha-vance-pregnant-child-boy-vice-president-40098e3b09e0c8c2b3c43470a81cc39b,apnews.com,200,news,no,,,no
2025-07-30,presidential-election-winner-2028,Presidential Election Winner 2028,Gov. Gavin Newsom says he will not run for California governor in 2026,AP News,https://apnews.com/hub/gavin-newsom,apnews.com,200,news,no,,,no
2025-07-30,balance-of-power-2026-midterms,Balance of Power: 2026 Midterms,RNC fundraising outpaces Democrats entering 2026 midterms,AP News,https://apnews.com/article/elections-house-senate-congress-midterms-trump-387549d4d5e682cf8ce8205d96d07ca7,apnews.com,200,news,no,,,no
2025-07-30,netanyahu-out-before-2027,Netanyahu out by...?,Retouched photos of Sara Netanyahu spark ethics controversy,AP News,https://apnews.com/article/israel-sara-netanyahu-photos-217896b96d01bf5cfcd7aa606b5fa78e,apnews.com,200,news,no,,,no
2025-07-31,balance-of-power-2026-midterms,Balance of Power: 2026 Midterms,"Republican National Committee raises $172â¯million in 2025, outpacing Democrats",AP News,https://apnews.com/article/elections-house-senate-congress-midterms-trump-387549d4d5e682cf8ce8205d96d07ca7,apnews.com,200,news,no,,,no
2025-07-31,balance-of-power-2026-midterms,Balance of Power: 2026 Midterms,Rep. Danny Davis announces retirement after 15 terms,AP News,https://apnews.com/article/house-retirements-midterms-f638d386d4d1342e3a9671642dd883f6,apnews.com,200,news,no,,,no
2025-07-31,netanyahu-out-before-2027,Netanyahu out by...?,Bus accident kills ultraâOrthodox teen during draft protest,AP News,https://apnews.com/article/ultra-orthodox-israel-netanyahu-draft-law-protest-5e91c26f2c033b41305a3ff8db6aff95,apnews.com,200,news,no,,,no
2025-08-01,democratic-presidential-nominee-2028,Democratic Presidential Nominee 2028,"Eric Swalwell announces bid for California governor, highlighting fight against Trump",AP News,https://apnews.com/article/swalwell-california-governor-election-kimmel-db2646b82324a023982c478ba260708e,apnews.com,200,news,no,,,no
2025-08-01,presidential-election-winner-2028,Presidential Election Winner 2028,Vice President JDâ¯Vance and Secretary of State Marcoâ¯Rubio attend Winter Olympics opening ceremony,Associated Press,https://apnews.com/article/us-delegation-winter-olympics-vance-rubio-italy-4cda5924bd4bec7732c065e2a170cbaf,apnews.com,200,news,no,,,no
2025-08-01,presidential-election-winner-2028,Presidential Election Winner 2028,Federal judge orders suspect in JD Vance home vandalism to remain jailed,AP News,https://apnews.com/article/jd-vance-home-damaged-ohio-suspect-detention-c53c099124e36642e4dd4d86c38cf33f,apnews.com,200,news,no,,,no
2025-08-01,balance-of-power-2026-midterms,Balance of Power: 2026 Midterms,"Republican National Committee raises $172 million in 2025, outpacing Democrats",AP News,https://apnews.com/article/elections-house-senate-congress-midterms-trump-387549d4d5e682cf8ce8205d96d07ca7,apnews.com,200,news,no,,,no
2025-08-02,democratic-presidential-nominee-2028,Democratic Presidential Nominee 2028,"San Jose Mayor Matt Mahan enters California governor race, criticizes Newsom",AP News,https://apnews.com/article/california-governor-race-matt-mahan-219b8085a1f1f6400f6f0f13707274b4,apnews.com,200,news,no,,,no
2025-08-02,democratic-presidential-nominee-2028,Democratic Presidential Nominee 2028,"Eric Swalwell announces bid for California governor, expanding crowded Democratic field",AP News,https://apnews.com/article/swalwell-california-governor-election-kimmel-db2646b82324a023982c478ba260708e,apnews.com,200,news,no,,,no
2025-08-02,presidential-election-winner-2028,Presidential Election Winner 2028,JD Vance leads U.S. delegation to 2026 Winter Olympics opening ceremony,AP News,https://apnews.com/article/us-delegation-winter-olympics-vance-rubio-italy-4cda5924bd4bec7732c065e2a170cbaf,apnews.com,200,news,no,,,no
2025-08-02,republican-presidential-nominee-2028,Republican Presidential Nominee 2028,JD Vanceâs poll surge follows Turning Point endorsement,AP News,https://apnews.com/article/turning-point-charlie-kirk-vance-republicans-2028-e28a332d7f55eb44346ef9d47e8906e4,apnews.com,200,news,no,,,no
2025-08-03,democratic-presidential-nominee-2028,Democratic Presidential Nominee 2028,"President Trump attacks Gov. Newsomâs dyslexia, calling him âstupidâ",AP News,https://apnews.com/article/dyslexia-trump-newsom-insults-learning-disability-53e47ca7c7d4d0d16eb42a9a012a85e0,apnews.com,200,news,no,,,no
2025-08-03,presidential-election-winner-2028,Presidential Election Winner 2028,Poll shows former Vice President Kamala Harris gaining modest support in early 2028 primary field,Associated Press,https://apnews.com/hub/kamala-harris-poll-2026,apnews.com,404,dead link,yes,archived,real_dead_link,no
2025-08-03,presidential-election-winner-2028,Presidential Election Winner 2028,Vice President JDâ¯Vance announces $1.3â¯billion California Medicaid deferral,Associated Press,https://apnews.com/article/medicare-fraud-trump-vance-oz-health-hospice-534297fffb47e31e2a3906273f20e0b5,apnews.com,200,news,no,,,no
2025-08-05,colombia-presidential-election,Colombia Presidential Election,Miguel Uribe Londoño announces presidential bid after son’s assassination,AP News,https://apnews.com/article/colombia-presidential-miguel-uribe-londono-3e0224f23b62e2f9fecf0dee002c7684,apnews.com,200,news,no,,,no
2025-08-05,harvey-weinstein-prison-time,Harvey Weinstein prison time?,Judge restricts evidence on Weinsteinâs socialâlist in retrial,AP News,https://apnews.com/article/harvey-weinstein-rape-retrial-72d8b9d01c4159fa6ae6d9fb865a4fa2,apnews.com,200,news,no,,,no
2025-08-06,balance-of-power-2026-midterms,Balance of Power: 2026 Midterms,Texas congressional map ordered to be redrawn for 2026 elections,Associated Press,https://apnews.com/article/texas-redistricting-2026-midterms,apnews.com,404,dead link,yes,never_archived,never_archived,yes
2025-08-09,netanyahu-out-before-2027,Netanyahu out by...?,US envoys urge Netanyahu to advance Gaza ceasefireâs second phase,AP News,https://apnews.com/article/israel-gaza-war-trump-news-01-24-2026-90e36ca7d2e27ca8a21d1727e9e0119f,apnews.com,200,news,no,,,no
2025-08-11,netanyahu-out-before-2027,Netanyahu out by...?,Netanyahu joins Trump's Board of Peace for Gaza ceasefire,AP News,https://apnews.com/article/hamas-israel-ceasefire-netanyahu-trump-6a29026f0308ba3757c975810e2f90c4,apnews.com,200,news,no,,,no
2025-08-12,republican-presidential-nominee-2028,Republican Presidential Nominee 2028,Ron DeSantis drops out of 2028 race after poor fundraising reports,AP News,https://apnews.com/article/turning-point-charlie-kirk-vance-republicans-2028-e28a332d7f55eb44346ef9d47e8906e4,apnews.com,200,news,no,,,no
2025-08-12,balance-of-power-2026-midterms,Balance of Power: 2026 Midterms,Democrats back independents in key redâstate Senate contests,AP News,https://apnews.com/article/independents-democrats-election-strategy-senate-nebraska-osborn-307c163f3ee4a3cb295ee4b592901dc2,apnews.com,200,news,no,,,no
2025-08-14,netanyahu-out-before-2027,Netanyahu out by...?,U.S. envoys urge Netanyahu to move into Gaza ceaseâfireâs second phase,AP News,https://apnews.com/article/israel-gaza-war-trump-news-01-24-2026-90e36ca7d2e27ca8a21d1727e9e0119f,apnews.com,200,news,no,,,no
2025-08-14,texas-republican-senate-primary-winner,Texas Republican Senate Primary Winner,Paxton’s poll surge after high‑profile rally in Tyler,AP News,https://apnews.com/article/texas-senate-ken-paxton-cornyn-fe2787bbac917c5cb22918ac1e34c458,apnews.com,200,news,no,,,no
2025-08-14,texas-republican-senate-primary-winner,Texas Republican Senate Primary Winner,Paxton’s campaign releases new TV ad featuring Trump footage,AP News,https://apnews.com/article/texas-senate-ken-paxton-cornyn-fe2787bbac917c5cb22918ac1e34c458,apnews.com,200,news,no,,,no
2025-08-14,texas-republican-senate-primary-winner,Texas Republican Senate Primary Winner,Wesley Hunt releases new TV ad targeting Cornyn’s record,AP News,https://apnews.com/article/stephen-colbert-james-talarico-donald-trump-fcc-806845facffd3ab3e30142971be16add,apnews.com,200,news,no,,,no
2025-08-15,which-party-will-win-the-house-in-2026,Which party will win the House in 2026?,Democratic National Committee shifts voter registration strategy with millions in spending,AP News,https://apnews.com/article/democrats-dnc-voter-registration-midterms-6f15083ad2b6f428348c5e70ef85d34d,apnews.com,200,news,no,,,no
2025-08-15,balance-of-power-2026-midterms,Balance of Power: 2026 Midterms,Democrat Taylor Rehmet flips Republican Texas state Senate seat,AP News,https://apnews.com/article/texas-state-senate-democrat-taylor-rehmet-c8cb6685c49696b8a607a8f93111ae2e,apnews.com,200,news,no,,,no
2025-08-15,balance-of-power-2026-midterms,Balance of Power: 2026 Midterms,House GOP unveils sweeping votingâlaw package ahead of 2026 midterms,AP News,https://apnews.com/article/midterms-voting-laws-photo-id-citizenship-republicans-feecb51a6efa41cf32d18fe4b15c08ce,apnews.com,200,news,no,,,no
2025-08-17,democratic-presidential-nominee-2028,Democratic Presidential Nominee 2028,"Matt Mahan, San Jose mayor, enters California governor race",AP News,https://apnews.com/article/california-governor-race-matt-mahan-219b8085a1f1f6400f6f0f13707274b4,apnews.com,200,news,no,,,no
2025-08-18,democratic-presidential-nominee-2028,Democratic Presidential Nominee 2028,Rep. Eric Swalwell launches California governor campaign,AP News,https://apnews.com/article/swalwell-california-governor-election-kimmel-db2646b82324a023982c478ba260708e,apnews.com,200,news,no,,,no
2025-08-18,presidential-election-winner-2028,Presidential Election Winner 2028,"JD Vance appears at March for Life rally, touts antiâabortion record",AP News,https://apnews.com/article/march-for-life-vance-abortion-beb7c04a39a54861836f64ae3ba90b56,apnews.com,200,news,no,,,no
2025-08-19,balance-of-power-2026-midterms,Balance of Power: 2026 Midterms,Democrat Taylor Rehmet flips Texas state Senate seat in special election,AP News,https://apnews.com/article/texas-state-senate-democrat-taylor-rehmet-c8cb6685c49696b8a607a8f93111ae2e,apnews.com,200,news,no,,,no
2025-08-20,democratic-presidential-nominee-2028,Democratic Presidential Nominee 2028,Gavin Newsomâs State of the State speech emphasizes California as a national model,AP News,https://apnews.com/article/california-newsom-state-speech-address-381b1657bf97fe5dcd92a7c1fd2d651e,apnews.com,200,news,no,,,no
2025-08-20,texas-republican-senate-primary-winner,Texas Republican Senate Primary Winner,Ken Paxton announces settlement with Texas Children’s Hospital over gender‑affirming care,AP News,https://apnews.com/article/genderaffirming-care-minors-texas-hospital-29f0f2d157395cb6a70f53ba29c36b5b,apnews.com,200,news,no,,,no
2025-08-20,colombia-presidential-election,Colombia Presidential Election,Miguel Uribe Londoño announces presidential bid after son's death,AP News,https://apnews.com/article/colombia-presidential-miguel-uribe-londono-3e0224f23b62e2f9fecf0dee002c7684,apnews.com,200,news,no,,,no
2025-08-20,texas-republican-senate-primary-winner,Texas Republican Senate Primary Winner,Paxton attacks Hunt as establishment candidate,AP News,https://apnews.com/article/texas-senate-ken-paxton-cornyn-fe2787bbac917c5cb22918ac1e34c458,apnews.com,200,news,no,,,no
2025-08-20,texas-republican-senate-primary-winner,Texas Republican Senate Primary Winner,Ken Paxton announces settlement with Texas Children’s Hospital over gender‑affirming care,AP News,https://apnews.com/article/genderaffirming-care-minors-texas-hospital-29f0f2d157395cb6a70f53ba29c36b5b,apnews.com,200,news,no,,,no
2025-08-21,texas-republican-senate-primary-winner,Texas Republican Senate Primary Winner,Rep. Chip Roy announces run for Texas Attorney General,AP News,https://apnews.com/article/house-retirements-midterms-f638d386d4d1342e3a9671642dd883f6,apnews.com,200,news,no,,,no
2025-08-21,texas-republican-senate-primary-winner,Texas Republican Senate Primary Winner,Rep. Chip Roy announces run for Texas Attorney General,AP News,https://apnews.com/article/house-retirements-midterms-f638d386d4d1342e3a9671642dd883f6,apnews.com,200,news,no,,,no
2025-08-22,presidential-election-winner-2028,Presidential Election Winner 2028,Sen. Kamala Harris defends immigration rollout in weekend TV interview,AP News,https://apnews.com/hub/kamala-harris,apnews.com,200,news,no,,,no
2025-08-25,balance-of-power-2026-midterms,Balance of Power: 2026 Midterms,Judge orders Utah congressional map redrawn for 2026 elections,Associated Press,https://apnews.com/article/utah-congressional-map-redraw-2026,apnews.com,404,dead link,yes,never_archived,never_archived,yes
2025-08-25,colombia-presidential-election,Colombia Presidential Election,Luis Gilberto Murillo's campaign falters amid low public support,AP News,https://apnews.com/article/colombia-presidential-election-2025,apnews.com,404,dead link,yes,archived,real_dead_link,no
2025-08-26,which-party-will-win-the-senate-in-2026,Which party will win the Senate in 2026?,"Democrat Catelin Drey wins Iowa state Senate special election, breaking GOP supermajority",Associated Press,https://apnews.com/article/democrat-wins-iowa-special-election-supermajority-92e20bb03303199531cb826dd4f807bd,apnews.com,200,news,no,,,no
2025-08-26,balance-of-power-2026-midterms,Balance of Power: 2026 Midterms,Democrats launch major voter registration push targeting young and minority voters,AP News,https://apnews.com/article/democrats-dnc-voter-registration-midterms-6f15083ad2b6f428348c5e70ef85d34d,apnews.com,200,news,no,,,no
2025-08-26,colombia-presidential-election,Colombia Presidential Election,Miguel Uribe Londoño announces presidential bid after son's assassination,AP News,https://apnews.com/article/colombia-presidential-miguel-uribe-londono-3e0224f23b62e2f9fecf0dee002c7684,apnews.com,200,news,no,,,no
2025-08-27,colombia-presidential-election,Colombia Presidential Election,Father of slain Colombian candidate Miguel Uribe Turbay announces presidential bid,AP News,https://apnews.com/article/colombia-presidential-miguel-uribe-londono-3e0224f23b62e2f9fecf0dee002c7684,apnews.com,200,news,no,,,no
2025-08-28,netanyahu-out-before-2027,Netanyahu out by...?,Netanyahu urges calm after teen killed in ultraâOrthodox protest,AP News,https://apnews.com/article/ultra-orthodox-israel-netanyahu-draft-law-protest-5e91c26f2c033b41305a3ff8db6aff95,apnews.com,200,news,no,,,no
2025-08-29,democratic-presidential-nominee-2028,Democratic Presidential Nominee 2028,"San Jose Mayor Matt Mahan enters California governor race, criticizes Newsom",AP News,https://apnews.com/article/california-governor-race-matt-mahan-219b8085a1f1f6400f6f0f13707274b4,apnews.com,200,news,no,,,no
2025-08-30,democratic-presidential-nominee-2028,Democratic Presidential Nominee 2028,"Bernieâ¯Sanders backs California billionaireâtax proposal, Newsom opposes",AP News,https://apnews.com/article/california-billionaires-bernie-sanders-gavin-newsom-democrats-87a1e54f463aad49a2093382969e5cca,apnews.com,200,news,no,,,no
2025-08-31,netanyahu-out-before-2027,Netanyahu out by...?,Israel confirms death of Hamas spokesman in August airstrike,AP News,https://apnews.com/article/israel-hamas-gaza-palestinians-war-news-29-12-2025-856980762ef24ba0ab2d40de624d362e,apnews.com,200,news,no,,,no
2025-09-01,democratic-presidential-nominee-2028,Democratic Presidential Nominee 2028,"San Jose Mayor Matt Mahan enters California governor race, criticizes Newsom",AP News,https://apnews.com/article/california-governor-race-matt-mahan-219b8085a1f1f6400f6f0f13707274b4,apnews.com,200,news,no,,,no
2025-09-01,democratic-presidential-nominee-2028,Democratic Presidential Nominee 2028,"Josh Shapiro raises $30â¯million, setting Pennsylvania fundraising record",AP News,https://apnews.com/article/pennsylvania-governor-josh-shapiro-stacy-garrity-campaign-11df5de43ebfb2d796a3f7b34172c26c,apnews.com,200,news,no,,,no
2025-09-01,presidential-election-winner-2028,Presidential Election Winner 2028,Marco Rubio attends Winter Olympics opening ceremony with Vance,AP News,https://apnews.com/article/us-delegation-winter-olympics-vance-rubio-italy-4cda5924bd4bec7732c065e2a170cbaf,apnews.com,200,news,no,,,no
2025-09-01,presidential-election-winner-2028,Presidential Election Winner 2028,AOC appears with Bernie Sanders to discuss progressive tax plan,AP News,https://apnews.com/article/gavin-newsom-billionaires-tax-sand-87a1e54f463aad49a2093382969e5cca,apnews.com,200,news,no,,,no
2025-09-01,which-party-will-win-the-senate-in-2026,Which party will win the Senate in 2026?,Democrat Mary Peltola announces challenge to GOP Sen. Dan Sullivan in Alaska,AP News,https://apnews.com/article/alaska-senate-peltola-sullivan-3fd17afc556641652e83e9c11d700306,apnews.com,200,news,no,,,no
2025-09-01,which-party-will-win-the-senate-in-2026,Which party will win the Senate in 2026?,Ohio Republican Jon Husted faces bribery scandal amid Senate reelection bid,AP News,https://apnews.com/article/ohio-senate-husted-election-2026-bribery-scandal-1c60d58d6345e92d056e07df0eb695d5,apnews.com,200,news,no,,,no
2025-09-01,colombia-presidential-election,Colombia Presidential Election,Poll shows Iván Cepeda leading historic pact coalition,AP News,https://apnews.com/article/colombia-presidential-polls-2025,apnews.com,404,dead link,yes,archived,real_dead_link,no
2025-09-02,democratic-presidential-nominee-2028,Democratic Presidential Nominee 2028,Sanders pushes billionaire tax; Newsom opposes,AP News,https://apnews.com/article/california-billionaires-bernie-sanders-gavin-newsom-democrats-87a1e54f463aad49a2093382969e5cca,apnews.com,200,news,no,,,no
2025-09-03,presidential-election-winner-2028,Presidential Election Winner 2028,Second Lady Usha Vance announces pregnancy with fourth child,AP News,https://apnews.com/article/usha-vance-pregnant-child-boy-vice-president-40098e3b09e0c8c2b3c43470a81cc39b,apnews.com,200,news,no,,,no
2025-09-03,which-party-will-win-the-senate-in-2026,Which party will win the Senate in 2026?,Rep. Ashley Hinson announces Iowa Senate bid to succeed retiring Sen. Joni Ernst,AP News,https://apnews.com/article/house-retirements-midterms-f638d386d4d1342e3a9671642dd883f6,apnews.com,200,news,no,,,no
2025-09-03,texas-republican-senate-primary-winner,Texas Republican Senate Primary Winner,Wesley Hunt releases new television ad,AP News,https://apnews.com/article/senate-election-2026-texas-hunt-cornyn-paxton-450ee0f067273ca75de9268cf928d0be,apnews.com,200,news,no,,,no
2025-09-03,texas-republican-senate-primary-winner,Texas Republican Senate Primary Winner,Wesley Hunt releases new television ad,AP News,https://apnews.com/article/senate-election-2026-texas-hunt-cornyn-paxton-450ee0f067273ca75de9268cf928d0be,apnews.com,200,news,no,,,no
2025-09-04,which-party-will-win-the-senate-in-2026,Which party will win the Senate in 2026?,Democratic Gov. Janet Mills abandons Maine Senate race amid anti-establishment backlash,AP News,https://apnews.com/article/democrats-establishment-schumer-maine-senate-mills-platner-62055159f7492a035a4b496f3f574e07,apnews.com,200,news,no,,,no
2025-09-04,which-party-will-win-the-senate-in-2026,Which party will win the Senate in 2026?,Democratic Rep. Angie Nixon announces Senate run in Florida,AP News,https://apnews.com/article/florida-senate-moody-nixon-midterm-election-205977f662e883931aa411faa5ddbff2,apnews.com,200,news,no,,,no
2025-09-04,texas-republican-senate-primary-winner,Texas Republican Senate Primary Winner,John Cornyn raises $30 million in Q3 fundraising,AP News,https://apnews.com/article/elections-house-senate-congress-midterms-387549d4d5e682cf8ce8205d96d07ca7,apnews.com,200,news,no,,,no
2025-09-04,texas-republican-senate-primary-winner,Texas Republican Senate Primary Winner,John Cornyn raises $30 million in Q3 fundraising,AP News,https://apnews.com/article/elections-house-senate-congress-midterms-387549d4d5e682cf8ce8205d96d07ca7,apnews.com,200,news,no,,,no
2025-09-04,texas-republican-senate-primary-winner,Texas Republican Senate Primary Winner,"Hunt gains 5 points in September poll, remains distant third",AP News,https://apnews.com/article/texas-senate-election-2026-hunt-cornyn-paxton-450ee0f067273ca75de9268cf928d0be,apnews.com,200,news,no,,,no
2025-09-05,balance-of-power-2026-midterms,Balance of Power: 2026 Midterms,"Record low turnout in 2025 offâyear elections, AP analysis says",Associated Press,https://apnews.com/article/2025-09-05-turnout-analysis,apnews.com,404,dead link,yes,archived,real_dead_link,no
2025-09-06,balance-of-power-2026-midterms,Balance of Power: 2026 Midterms,APâNORC poll shows Democratsâ favorability at 67% after 2024 loss,AP News,https://apnews.com/article/poll-trump-democrats-republicans-parties-abc06b4ddc9b3aca7065ead47d43c75b,apnews.com,200,news,no,,,no
2025-09-07,what-will-happen-before-gta-vi,What will happen before GTA VI?,Pope Leo XIV emphasizes community and harmony in first year,AP News,https://apnews.com/photo-gallery/vatican-american-pope-leo-photos-first-year-papacy-f5c501bb769c8297f5d1b378550e561b,apnews.com,200,news,no,,,no
2025-09-07,colombia-presidential-election,Colombia Presidential Election,Abelardo de la Espriella's support dips sharply after campaign missteps,AP News,https://apnews.com/article/colombia-election-campaign-issues,apnews.com,404,dead link,yes,archived,real_dead_link,no
2025-09-10,democratic-presidential-nominee-2028,Democratic Presidential Nominee 2028,"Gov. Gavin Newsom delivers State of the State address, touts California as a national model",AP News,https://apnews.com/article/california-newsom-state-speech-address-381b1657bf97fe5dcd92a7c1fd2d651e,apnews.com,200,news,no,,,no
2025-09-10,which-party-will-win-the-senate-in-2026,Which party will win the Senate in 2026?,Alex Vindman enters Florida Senate race as prominent Democrat,AP News,https://apnews.com/article/alex-vindman-florida-senate-trump-ukraine-impeachment-1850e6e729d1d1efa2ca8baddc47a815,apnews.com,200,news,no,,,no
2025-09-14,starmer-out-in-2025,Starmer out by...?,Labour suffers heavy losses in UK local and regional elections,AP News,https://apnews.com/article/britain-elections-labour-starmer-reform-f17a122a0cfcc3595ef01f142517b0b6,apnews.com,200,news,no,,,no
2025-09-14,starmer-out-in-2025,Starmer out by...?,Revelations of Mandelson's failed security vetting and Epstein ties rock Starmer's leadership,AP News,https://apnews.com/article/keir-starmer-mandelson-epstein-ambassador-security-vetting-266cda693968937f15a661f39f48663c,apnews.com,200,news,no,,,no
2025-09-14,starmer-out-in-2025,Starmer out by...?,Starmer’s chief of staff resigns over Mandelson Epstein scandal,AP News,https://apnews.com/article/jeffrey-epstein-britain-keir-starmer-mandelson-c1e5c7654cc9bd48126b9ba3ea6996ef,apnews.com,200,news,no,,,no
2025-09-15,democratic-presidential-nominee-2028,Democratic Presidential Nominee 2028,Newsom delivers State of the State address emphasizing California as a national model,AP News,https://apnews.com/article/california-newsom-state-speech-address-381b1657bf97fe5dcd92a7c1fd2d651e,apnews.com,200,news,no,,,no
2025-09-15,republican-presidential-nominee-2028,Republican Presidential Nominee 2028,"Marco Rubio joins JD Vance at Olympic delegation, boosting Rubioâs profile",AP News,https://apnews.com/article/us-delegation-winter-olympics-vance-rubio-italy-4cda5924bd4bec7732c065e2a170cbaf,apnews.com,200,news,no,,,no
2025-09-15,which-party-will-win-the-house-in-2026,Which party will win the House in 2026?,Gallup poll shows independents leaning toward Democrats,AP News,https://apnews.com/article/poll-independents-moderates-republicans-democrats-trump-ba353eb6807fd854f5b6e6de52d152fa,apnews.com,200,news,no,,,no
2025-09-15,which-party-will-win-the-senate-in-2026,Which party will win the Senate in 2026?,Democrat Mary Peltola announces Senate challenge to GOP's Dan Sullivan in Alaska,AP News,https://apnews.com/article/alaska-senate-peltola-sullivan-3fd17afc556641652e83e9c11d700306,apnews.com,200,news,no,,,no
2025-09-15,balance-of-power-2026-midterms,Balance of Power: 2026 Midterms,Democrats warn of Trumpâlinked election interference ahead of midterms,AP News,https://apnews.com/article/election-2026-trump-voting-doj-interference-22e2313f98e354fa31f277d3a1dc67d3,apnews.com,200,news,no,,,no
2025-09-16,which-party-will-win-the-senate-in-2026,Which party will win the Senate in 2026?,Democrat Mary Peltola announces challenge to GOP Sen. Dan Sullivan in Alaska,AP News,https://apnews.com/article/alaska-senate-peltola-sullivan-3fd17afc556641652e83e9c11d700306,apnews.com,200,news,no,,,no
2025-09-16,starmer-out-in-2025,Starmer out by...?,Starmer refuses to quit after heavy local election losses,AP News,https://apnews.com/article/britain-elections-labour-starmer-reform-f17a122a0cfcc3595ef01f142517b0b6,apnews.com,200,news,no,,,no
2025-09-17,balance-of-power-2026-midterms,Balance of Power: 2026 Midterms,Alex Vindman enters Florida Senate race as a Democrat,AP News,https://apnews.com/article/alex-vindman-florida-senate-trump-ukraine-impeachment-1850e6e729d1d1efa2ca8baddc47a815,apnews.com,200,news,no,,,no
2025-09-17,starmer-out-in-2025,Starmer out by...?,Mandelson appointment scandal leads to Foreign Office top civil servant resignation,AP News,https://apnews.com/article/keir-starmer-mandelson-epstein-ambassador-security-vetting-266cda693968937f15a661f39f48663c,apnews.com,200,news,no,,,no
2025-09-18,democratic-presidential-nominee-2028,Democratic Presidential Nominee 2028,Supreme Court lets new California Democraticâfriendly map stand,AP News,https://apnews.com/article/supreme-court-california-congressional-maps-8362a34b739ea91d37a190eee1b6a6d1,apnews.com,200,news,no,,,no
2025-09-18,democratic-presidential-nominee-2028,Democratic Presidential Nominee 2028,Kamala Harris announces she will not run for California governor,AP News,https://apnews.com/article/kamala-harris-declines-governor-run-2025,apnews.com,404,dead link,yes,archived,real_dead_link,no
2025-09-18,presidential-election-winner-2028,Presidential Election Winner 2028,JD Vance leads U.S. delegation at Winter Olympics opening ceremony,AP News,https://apnews.com/article/vance-winter-olympics-armenia-azerbaijan-c3bd416df3afa3e64a5c29d9c438e8e5,apnews.com,200,news,no,,,no
2025-09-18,brazil-presidential-election,Brazil Presidential Election,Finance Minister Haddad resigns to launch bid for SÃ£oâ¯Paulo governor,AP News,https://apnews.com/article/brazil-economy-politics-finance-minister-war-fc397a97a74c8cf996152271bd77181c,apnews.com,200,news,no,,,no
2025-09-18,texas-republican-senate-primary-winner,Texas Republican Senate Primary Winner,Paxton’s price drops after negative media coverage of securities‑fraud case,AP News,https://apnews.com/article/ken-paxton-texas-securities-fraud-9ed5eecc30c1f967ec51f7e58ad9d0af,apnews.com,200,news,no,,,no
2025-09-18,texas-republican-senate-primary-winner,Texas Republican Senate Primary Winner,Paxton’s price drops after negative media coverage of securities‑fraud case,AP News,https://apnews.com/article/ken-paxton-texas-securities-fraud-9ed5eecc30c1f967ec51f7e58ad9d0af,apnews.com,200,news,no,,,no
2025-09-19,presidential-election-winner-2028,Presidential Election Winner 2028,JD Vance leads US delegation to 2026 Winter Olympics opening ceremony,AP News,https://apnews.com/article/us-delegation-winter-olympics-vance-rubio-italy-4cda5924bd4bec7732c065e2a170cbaf,apnews.com,200,news,no,,,no
2025-09-20,brazil-presidential-election,Brazil Presidential Election,Michelle Bolsonaroâs visibility drops amid fatherâs prison health saga,AP News,https://apnews.com/article/brazil-bolsonaro-leaves-hospital-brasilia-f06831db24efea5780466055f4514544,apnews.com,200,news,no,,,no
2025-09-20,balance-of-power-2026-midterms,Balance of Power: 2026 Midterms,Iowa special election keeps GOP from supermajority,AP News,https://apnews.com/article/iowa-special-election-state-senate-supermajority-32ecda723de7a58d0da7d1d701dbc980,apnews.com,200,news,no,,,no
2025-09-20,starmer-out-in-2025,Starmer out by...?,UK and Norway launch joint naval patrols to protect undersea cables,AP News,https://apnews.com/article/uk-norway-navy-patrols-russia-undersea-cables-311aa197fb1697bab45b37286ae9fa2c,apnews.com,200,news,no,,,no
2025-09-20,starmer-out-in-2025,Starmer out by...?,Starmer's chief of staff Morgan McSweeney resigns over Mandelson appointment advice,AP News,https://apnews.com/article/jeffrey-epstein-britain-keir-starmer-mandelson-c1e5c7654cc9bd48126b9ba3ea6996ef,apnews.com,200,news,no,,,no
2025-09-21,presidential-election-winner-2028,Presidential Election Winner 2028,Tucker Carlsonâs market share collapses after controversial remarks,AP News,https://apnews.com/article/womens-hockey-olympics-us-finland-1ba5093f28ab1e34d2b9c2b0a16f8aaf,apnews.com,200,news,no,,,no
2025-09-21,brazil-presidential-election,Brazil Presidential Election,Lula vetoes bill that would ease Bolsonaroâs prison sentence,AP News,https://apnews.com/article/brazil-lula-veto-bolsonaro-coup-anniversary-3da8182efdb773060196b54a0f03a0b4,apnews.com,200,news,no,,,no
2025-09-21,brazil-presidential-election,Brazil Presidential Election,Lula vetoes bill that would ease Bolsonaro’s prison sentence,AP News,https://apnews.com/article/brazil-lula-veto-bolsonaro-coup-anniversary-3da8182efdb773060196b54a0f03a0b4,apnews.com,200,news,no,,,no
2025-09-21,starmer-out-in-2025,Starmer out by...?,Starmer’s chief of staff resigns over Mandelson appointment scandal,AP News,https://apnews.com/article/jeffrey-epstein-britain-keir-starmer-mandelson-c1e5c7654cc9bd48126b9ba3ea6996ef,apnews.com,200,news,no,,,no
2025-09-24,what-will-happen-before-gta-vi,What will happen before GTA VI?,OpenAI announces $40.5â¯million grant program for nonprofits,AP News,https://apnews.com/article/openai-foundation-people-first-fund-ffb80508911bdf4c5705474f85560ce5,apnews.com,200,news,no,,,no
2025-09-25,democratic-presidential-nominee-2028,Democratic Presidential Nominee 2028,Rep. Eric Swalwell announces bid for California governor,AP News,https://apnews.com/article/swalwell-california-governor-election-kimmel-db2646b82324a023982c478ba260708e,apnews.com,200,news,no,,,no
2025-09-25,which-party-will-win-the-senate-in-2026,Which party will win the Senate in 2026?,"Democrats challenge party establishment in key Senate primaries, signaling voter unrest",AP News,https://apnews.com/article/democrats-establishment-schumer-maine-senate-mills-platner-62055159f7492a035a4b496f3f574e07,apnews.com,200,news,no,,,no
2025-09-26,which-party-will-win-the-senate-in-2026,Which party will win the Senate in 2026?,Restless Democrats challenge party establishment in key Senate primaries,AP News,https://apnews.com/article/democrats-establishment-schumer-maine-senate-mills-platner-62055159f7492a035a4b496f3f574e07,apnews.com,200,news,no,,,no
2025-09-26,starmer-out-in-2025,Starmer out by...?,Labour suffers big losses in local elections; Starmer refuses to quit,AP News,https://apnews.com/article/britain-elections-labour-starmer-reform-farage-f17a122a0cfcc3595ef01f142517b0b6,apnews.com,200,news,no,,,no
2025-09-26,starmer-out-in-2025,Starmer out by...?,Starmer apologizes for believing Mandelson's lies about Epstein ties,AP News,https://apnews.com/article/uk-starmer-peter-mandelson-epstein-ea1e52adb8399eb97825f5c34b3c7343,apnews.com,200,news,no,,,no
2025-09-26,starmer-out-in-2025,Starmer out by...?,Labour suffers major losses in local and regional elections,AP News,https://apnews.com/article/britain-elections-labour-starmer-reform-farage-f17a122a0cfcc3595ef01f142517b0b6,apnews.com,200,news,no,,,no
2025-09-26,ukraine-election-called-in-2025,Ukraine election called by...?,"Ukraine sets presidential election for Decâ¯31â¯2026, ruling out a 2025 vote",Associated Press,https://apnews.com/article/ukraine-election-2026-declaration-2025-09-26,apnews.com,404,dead link,yes,archived,real_dead_link,no
2025-09-27,texas-republican-senate-primary-winner,Texas Republican Senate Primary Winner,"Ken Paxton appears at rally in Tyler, attacks John Cornyn",AP News,https://apnews.com/article/texas-senate-ken-paxton-cornyn-fe2787bbac917c5cb22918ac1e34c458,apnews.com,200,news,no,,,no
2025-09-27,starmer-out-in-2025,Starmer out by...?,Labour suffers major losses in local and regional elections,AP News,https://apnews.com/article/britain-elections-labour-starmer-reform-farage-f17a122a0cfcc3595ef01f142517b0b6,apnews.com,200,news,no,,,no
2025-09-27,starmer-out-in-2025,Starmer out by...?,Starmer rejects calls to resign amid mounting pressure over Mandelson scandal,AP News,https://apnews.com/article/mandelson-epstein-starmer-security-resignation-6eb6ed59845c9ebac87607a7f6b09829,apnews.com,200,news,no,,,no
2025-09-27,texas-republican-senate-primary-winner,Texas Republican Senate Primary Winner,"Ken Paxton appears at rally in Tyler, attacks John Cornyn",AP News,https://apnews.com/article/texas-senate-ken-paxton-cornyn-fe2787bbac917c5cb22918ac1e34c458,apnews.com,200,news,no,,,no
2025-09-28,republican-presidential-nominee-2028,Republican Presidential Nominee 2028,Turning Point USA endorses JD Vance for 2028 Republican presidential nomination,AP News,https://apnews.com/article/turning-point-charlie-kirk-vance-republicans-2028-e28a332d7f55eb44346ef9d47e8906e4,apnews.com,200,news,no,,,no
2025-09-28,which-party-will-win-the-senate-in-2026,Which party will win the Senate in 2026?,Ohio Senator Jon Husted called to testify in FirstEnergy bribery trial,AP News,https://apnews.com/article/bribery-investigation-ohio-trial-firstenergy-executives-0c48c8aff2c892e9db949d9b79f19974,apnews.com,200,news,no,,,no
2025-09-28,starmer-out-in-2025,Starmer out by...?,Starmer’s chief of staff resigns over Mandelson-Epstein ambassador appointment,AP News,https://apnews.com/article/jeffrey-epstein-britain-keir-starmer-mandelson-c1e5c7654cc9bd48126b9ba3ea6996ef,apnews.com,200,news,no,,,no
2025-09-29,which-party-will-win-the-senate-in-2026,Which party will win the Senate in 2026?,Democrat Mary Peltola announces challenge to GOP Sen. Dan Sullivan in Alaska,AP News,https://apnews.com/article/alaska-senate-peltola-sullivan-3fd17afc556641652e83e9c11d700306,apnews.com,200,news,no,,,no
2025-09-30,balance-of-power-2026-midterms,Balance of Power: 2026 Midterms,"Republican National Committee ends 2025 with $172â¯million raised, outpacing Democrats",AP News,https://apnews.com/article/elections-house-senate-congress-midterms-trump-387549d4d5e682cf8ce8205d96d07ca7,apnews.com,200,news,no,,,no
2025-09-30,texas-republican-senate-primary-winner,Texas Republican Senate Primary Winner,Wesley Hunt releases new television advertisement,AP News,https://apnews.com/article/senate-election-2026-texas-hunt-cornyn-paxton-450ee0f067273ca75de9268cf928d0be,apnews.com,200,news,no,,,no
2025-09-30,texas-republican-senate-primary-winner,Texas Republican Senate Primary Winner,Wesley Hunt releases new television advertisement,AP News,https://apnews.com/article/senate-election-2026-texas-hunt-cornyn-paxton-450ee0f067273ca75de9268cf928d0be,apnews.com,200,news,no,,,no
2025-09-30,harvey-weinstein-prison-time,Harvey Weinstein prison time?,"Judge limits evidence in Weinstein retrial, dropping âfriends listâ testimony",AP News,https://apnews.com/article/harvey-weinstein-rape-retrial-72d8b9d01c4159fa6ae6d9fb865a4fa2,apnews.com,200,news,no,,,no
2025-10-01,ukraine-election-called-in-2025,Ukraine election called by...?,"Ukrainian parliament extends presidential term to 2027, confirming no 2025 election",Associated Press,https://apnews.com/article/ukraine-parliament-term-extension-2025-10-01,apnews.com,404,dead link,yes,archived,real_dead_link,no
2025-10-02,democratic-presidential-nominee-2028,Democratic Presidential Nominee 2028,Newsom pitches California as a national model in final State of the State speech,AP News,https://apnews.com/article/california-newsom-state-speech-address-381b1657bf97fe5dcd92a7c1fd2d651e,apnews.com,200,news,no,,,no
2025-10-02,presidential-election-winner-2028,Presidential Election Winner 2028,"Supreme Court hears Republican challenge to campaignâfinance limits, Vance joins case",AP News,https://apnews.com/article/supreme-court-campaign-finance-republican-spending-limits-0381e78b1e8a8da0e49f5b55b543894e,apnews.com,200,news,no,,,no
2025-10-02,republican-presidential-nominee-2028,Republican Presidential Nominee 2028,Vice President Vance announces $1.3â¯billion Medicaid deferral for California over fraud concerns,AP News,https://apnews.com/article/medicare-fraud-trump-vance-oz-health-hospice-534297fffb47e31e2a3906273f20e0b5,apnews.com,200,news,no,,,no
2025-10-02,which-party-will-win-the-house-in-2026,Which party will win the House in 2026?,Mississippi governor calls special session to redraw judicial districts after Supreme Court votingârights case,AP News,https://apnews.com/article/voting-rights-redistricting-mississippi-louisiana-f84873e4d29a94928e25aaab582eb91f,apnews.com,200,news,no,,,no
2025-10-02,which-party-will-win-the-senate-in-2026,Which party will win the Senate in 2026?,RNC fundraising outpaces DNC by $100â¯million at yearâend,AP News,https://apnews.com/article/elections-house-senate-congress-midterms-387549d4d5e682cf8ce8205d96d07ca7,apnews.com,200,news,no,,,no
2025-10-02,which-party-will-win-the-senate-in-2026,Which party will win the Senate in 2026?,Democrat Mary Peltola announces challenge to GOP Sen. Dan Sullivan in Alaska,AP News,https://apnews.com/article/alaska-senate-peltola-sullivan-3fd17afc556641652e83e9c11d700306,apnews.com,200,news,no,,,no
2025-10-02,balance-of-power-2026-midterms,Balance of Power: 2026 Midterms,RNC attacks Democratsâ independentâcandidate strategy in red states,AP News,https://apnews.com/article/independents-democrats-election-strategy-senate-nebraska-osborn-307c163f3ee4a3cb295ee4b592901dc2,apnews.com,200,news,no,,,no
2025-10-02,starmer-out-in-2025,Starmer out by...?,"Local elections deliver heavy losses for Labour, boosting speculation of a leadership challenge",AP News,https://apnews.com/article/britain-elections-labour-starmer-reform-f17a122a0cfcc3595ef01f142517b0b6,apnews.com,200,news,no,,,no
2025-10-02,starmer-out-in-2025,Starmer out by...?,Starmer begins diplomatic tour of China to boost trade,AP News,https://apnews.com/article/uk-keir-starmer-china-xi-jinping-ff7c71273f16a003cdf56ce8f6958308,apnews.com,200,news,no,,,no
2025-10-03,netanyahu-out-before-2027,Netanyahu out by...?,Netanyahu agrees to join Trump's Board of Peace for Gaza ceasefire oversight,AP News,https://apnews.com/article/israel-palestinos-trump-netanyahu-guerra-gaza-junta-paz-c520d994686072a2014a03818551a58c,apnews.com,200,news,no,,,no
2025-10-03,starmer-out-in-2025,Starmer out by...?,Starmer refuses to quit after local elections deliver losses for Labour,AP News,https://apnews.com/article/britain-elections-labour-starmer-reform-farage-f17a122a0cfcc3595ef01f142517b0b6,apnews.com,200,news,no,,,no
2025-10-04,presidential-election-winner-2028,Presidential Election Winner 2028,Vance announces $1.3â¯billion Medicaid deferral for California over fraud concerns,AP News,https://apnews.com/article/medicare-fraud-trump-vance-oz-health-hospice-534297fffb47e31e2a3906273f20e0b5,apnews.com,200,news,no,,,no
2025-10-04,which-party-will-win-the-house-in-2026,Which party will win the House in 2026?,"Virginia Supreme Court strikes down Democratic redistricting plan, aiding Republicans",AP News,https://apnews.com/article/redistricting-virginia-congress-democrats-republicans-12a31037f3c9a94d3cb9fbcaaf84d94f,apnews.com,200,news,no,,,no
2025-10-04,texas-republican-senate-primary-winner,Texas Republican Senate Primary Winner,"Ken Paxton’s divorce filing becomes public, raising personal scandal concerns",AP News,https://apnews.com/article/stephen-colbert-james-talarico-donald-trump-fcc-806845facffd3ab3e30142971be16add,apnews.com,200,news,no,,,no
2025-10-04,starmer-out-in-2025,Starmer out by...?,Starmer's chief of staff resigns over Mandelson appointment,AP News,https://apnews.com/article/jeffrey-epstein-britain-keir-starmer-mandelson-c1e5c7654cc9bd48126b9ba3ea6996ef,apnews.com,200,news,no,,,no
2025-10-04,starmer-out-in-2025,Starmer out by...?,US Justice Department releases Epstein-related documents showing Mandelson shared sensitive info,AP News,https://apnews.com/article/epstein-files-justice-department-trump-ed743598c320b94bd9d91631618678d9,apnews.com,200,news,no,,,no
2025-10-04,texas-republican-senate-primary-winner,Texas Republican Senate Primary Winner,"Ken Paxton’s divorce filing becomes public, raising personal scandal concerns",AP News,https://apnews.com/article/stephen-colbert-james-talarico-donald-trump-fcc-806845facffd3ab3e30142971be16add,apnews.com,200,news,no,,,no
2025-10-05,which-party-will-win-the-senate-in-2026,Which party will win the Senate in 2026?,RNC fundraising outpaces DNC ahead of 2026 midterms,AP News,https://apnews.com/article/elections-house-senate-congress-midterms-trump-387549d4d5e682cf8ce8205d96d07ca7,apnews.com,200,news,no,,,no
2025-10-05,starmer-out-in-2025,Starmer out by...?,Revelations emerge that Peter Mandelson failed security vetting before ambassador appointment,AP News,https://apnews.com/article/uk-starmer-mandelson-epstein-ea1e52adb8399eb97825f5c34b3c7343,apnews.com,200,news,no,,,no
2025-10-05,starmer-out-in-2025,Starmer out by...?,Starmer apologizes for 'believing Mandelson's lies' amid Epstein scandal,AP News,https://apnews.com/article/uk-starmer-peter-mandelson-epstein-ea1e52adb8399eb97825f5c34b3c7343,apnews.com,200,news,no,,,no
2025-10-05,starmer-out-in-2025,Starmer out by...?,Starmer apologizes for believing Mandelson's lies about Epstein ties,AP News,https://apnews.com/article/uk-starmer-mandelson-epstein-vetting-ambassador-trump-35c2c302e7370efcd0098b5b9419c72e,apnews.com,200,news,no,,,no
2025-10-06,republican-presidential-nominee-2028,Republican Presidential Nominee 2028,"Rep. Wesley Hunt announces Senate run, signaling GOP primary shifts",AP News,https://apnews.com/article/house-retirements-midterms-f638d386d4d1342e3a9671642dd883f6,apnews.com,200,news,no,,,no
2025-10-06,republican-presidential-nominee-2028,Republican Presidential Nominee 2028,"Rep. Wesley Hunt announces Senate bid, intensifying GOP primary battles",AP News,https://apnews.com/article/house-retirements-midterms-f638d386d4d1342e3a9671642dd883f6,apnews.com,200,news,no,,,no
2025-10-06,texas-republican-senate-primary-winner,Texas Republican Senate Primary Winner,U.S. Rep. Wesley Hunt officially declares Senate run,AP News,https://apnews.com/article/house-retirements-midterms-f638d386d4d1342e3a9671642dd883f6,apnews.com,200,news,no,,,no
2025-10-06,starmer-out-in-2025,Starmer out by...?,Labour suffers major losses in local and regional elections,AP News,https://apnews.com/article/britain-elections-labour-starmer-reform-farage-f17a122a0cfcc3595ef01f142517b0b6,apnews.com,200,news,no,,,no
2025-10-07,which-party-will-win-the-senate-in-2026,Which party will win the Senate in 2026?,Democrat Taylor Rehmet flips Texas state Senate seat Trump won by 17 points,AP News,https://apnews.com/article/texas-state-senate-democrat-taylor-rehmet-c8cb6685c49696b8a607a8f93111ae2e,apnews.com,200,news,no,,,no
2025-10-10,which-party-will-win-the-house-in-2026,Which party will win the House in 2026?,AP-NORC poll shows Democratic Party favorability drops to 67%,AP News,https://apnews.com/article/poll-trump-democrats-republicans-parties-abc06b4ddc9b3aca7065ead47d43c75b,apnews.com,200,news,no,,,no
2025-10-10,which-party-will-win-the-senate-in-2026,Which party will win the Senate in 2026?,Ohio Republican Jon Husted faces challenges amid bribery scandal as Senate race heats up,AP News,https://apnews.com/article/ohio-senate-husted-election-2026-bribery-scandal-1c60d58d6345e92d056e07df0eb695d5,apnews.com,200,news,no,,,no
2025-10-10,which-party-will-win-the-senate-in-2026,Which party will win the Senate in 2026?,Florida Democrat Angie Nixon announces challenge to GOP Sen. Ashley Moody,AP News,https://apnews.com/article/florida-senate-moody-nixon-midterm-election-205977f662e883931aa411faa5ddbff2,apnews.com,200,news,no,,,no
2025-10-10,netanyahu-out-before-2027,Netanyahu out by...?,Netanyahu agrees to join Trump's Board of Peace for Gaza ceasefire,AP News,https://apnews.com/article/trump-netanyahu-gaza-board-of-peace-a4a296f736474e8c6a4edacd7109b8e5,apnews.com,200,news,no,,,no
2025-10-10,california-governor-election-2026,California Governor Election Winner,Eric Swalwell announces bid for California governor,AP News,https://apnews.com/article/swalwell-california-governor-election-kimmel-db2646b82324a023982c478ba260708e,apnews.com,200,news,no,,,no
2025-10-10,california-governor-election-2026,California Governor Election Winner,Rep. Eric Swalwell announces bid for California governor,AP News,https://apnews.com/article/swalwell-california-governor-election-kimmel-db2646b82324a023982c478ba260708e,apnews.com,200,news,no,,,no
2025-10-10,california-governor-election-2026,California Governor Election Winner,Rep. Eric Swalwell announces bid for California governor,AP News,https://apnews.com/article/swalwell-california-governor-election-kimmel-db2646b82324a023982c478ba260708e,apnews.com,200,news,no,,,no
2025-10-10,california-governor-election-2026,California Governor Election Winner,San Jose Mayor Matt Mahan announces run for California governor,AP News,https://apnews.com/article/california-governor-race-matt-mahan-219b8085a1f1f6400f6f0f13707274b4,apnews.com,200,news,no,,,no
2025-10-10,starmer-out-in-2025,Starmer out by...?,Starmer's chief of staff resigns over Mandelson appointment decision,AP News,https://apnews.com/article/jeffrey-epstein-britain-keir-starmer-mandelson-c1e5c7654cc9bd48126b9ba3ea6996ef,apnews.com,200,news,no,,,no
2025-10-10,starmer-out-in-2025,Starmer out by...?,UK sanctions Russian GRU officers over cyber‑espionage attack,AP News,https://apnews.com/article/britain-poisoned-spy-russia-novichok-putin-f7d218aff9380e28f76f7678a552c9aa,apnews.com,200,news,no,,,no
2025-10-12,brazil-presidential-election,Brazil Presidential Election,FlÃ¡vio Bolsonaro emerges as Bolsonaroâs official presidential candidate,AP News,https://apnews.com/article/brazil-bolsonaro-succession-senator-flavio-bolsonaro-4e2023374e4f4c186477562d6e6d6bfc,apnews.com,200,news,no,,,no
2025-10-12,brazil-presidential-election,Brazil Presidential Election,President Lula vetoes bill that would reduce Bolsonaroâs prison sentence,AP News,https://apnews.com/article/brazil-lula-veto-bolsonaro-coup-anniversary-3da8182efdb773060196b54a0f03a0b4,apnews.com,200,news,no,,,no
2025-10-12,los-angeles-mayoral-election-117,Los Angeles Mayoral Election,Spencer Pratt launches viral campaign attacking Mayor Bass over wildfire response,AP News,https://apnews.com/article/spencer-pratt-los-angeles-mayor-karen-bass-86eea9b87b1a7aedd58e242bc4f7ea39,apnews.com,200,news,no,,,no
2025-10-12,netanyahu-out-before-2027,Netanyahu out by...?,Netanyahu meets Trump in Washington to discuss Iran talks,AP News,https://apnews.com/article/iran-israel-netanyahu-trump-washington-aad9f0290212fad4e9f81576f99becf2,apnews.com,200,news,no,,,no
2025-10-12,california-governor-election-2026,California Governor Election Winner,Market reacts to crowded field and uncertainty,AP News,https://apnews.com/article/california-governor-democrats-gavin-newsom-republicans-porter-7138e44bd9f4d474910e111aea13d8c4,apnews.com,200,news,no,,,no
2025-10-12,brazil-presidential-election,Brazil Presidential Election,Flávio Bolsonaro emerges as Bolsonaro’s official presidential candidate,AP News,https://apnews.com/article/brazil-bolsonaro-succession-senator-flavio-bolsonaro-4e2023374e4f4c186477562d6e6d6bfc,apnews.com,200,news,no,,,no
2025-10-12,brazil-presidential-election,Brazil Presidential Election,President Lula vetoes bill that would reduce Bolsonaro’s prison sentence,AP News,https://apnews.com/article/brazil-lula-veto-bolsonaro-coup-anniversary-3da8182efdb773060196b54a0f03a0b4,apnews.com,200,news,no,,,no
2025-10-12,colombia-presidential-election,Colombia Presidential Election,Colombian officials report failure of FARC rebels to surrender assets as per peace deal,AP News,https://apnews.com/article/colombia-farc-rebels-surrendering-gold-1daa1868d09377232c50952c841efcd7,apnews.com,200,news,no,,,no
2025-10-12,starmer-out-in-2025,Starmer out by...?,Starmer refuses to quit after heavy local‑election losses,AP News,https://apnews.com/article/britain-elections-labour-starmer-reform-farage-f17a122a0cfcc3595ef01f142517b0b6,apnews.com,200,news,no,,,no
2025-10-13,netanyahu-out-before-2027,Netanyahu out by...?,Netanyahu meets Trump in Washington to discuss Iran nuclear talks,AP News,https://apnews.com/article/iran-israel-netanyahu-trump-washington-aad9f0290212fad4e9f81576f99becf2,apnews.com,200,news,no,,,no
2025-10-14,brazil-presidential-election,Brazil Presidential Election,Electoral Institute corrects Renan Santos poll from 50â¯% to 4â¯%,AP News,https://apnews.com/article/brazil-2026-election-renan-santos-poll-correction,apnews.com,404,dead link,yes,archived,real_dead_link,no
2025-10-15,democratic-presidential-nominee-2028,Democratic Presidential Nominee 2028,Jon Ossoff endorses a rival candidate in California governorâs race,AP News,https://apnews.com/article/ossoff-endorses-california-governor-2025,apnews.com,404,dead link,yes,archived,real_dead_link,no
2025-10-15,democratic-presidential-nominee-2028,Democratic Presidential Nominee 2028,Kamala Harrisâs poll support plunges to historic low,AP News,https://apnews.com/article/kamala-harris-poll-drop-2025,apnews.com,404,dead link,yes,error:TimeoutError,dead_unknown,unknown
2025-10-15,presidential-election-winner-2028,Presidential Election Winner 2028,"Vance condemns Minneapolis unrest, blames local officials",AP News,https://apnews.com/article/vance-ice-minneapolis-deportations-trump-economy-002f1d1acf05c00aeee289ec192100e7,apnews.com,200,news,no,,,no
2025-10-15,balance-of-power-2026-midterms,Balance of Power: 2026 Midterms,"RNC fundraising report shows $172â¯million raised in 2025, outpacing Democrats",AP News,https://apnews.com/article/elections-house-senate-congress-midterms-trump-387549d4d5e682cf8ce8205d96d07ca7,apnews.com,200,news,no,,,no
2025-10-15,netanyahu-out-before-2027,Netanyahu out by...?,Netanyahu agrees to join Trump's Board of Peace for Gaza peace process,AP News,https://apnews.com/article/hamas-israel-ceasefire-netanyahu-trump-6a29026f0308ba3757c975810e2f90c4,apnews.com,200,news,no,,,no
2025-10-15,california-governor-election-2026,California Governor Election Winner,Rep. Eric Swalwell launches gubernatorial bid on Jimmyâ¯Kimmel Live!,AP News,https://apnews.com/article/swalwell-california-governor-election-kimmel-db2646b82324a023982c478ba260708e,apnews.com,200,news,no,,,no
2025-10-15,california-governor-election-2026,California Governor Election Winner,Steve Hilton receives endorsement from former President Donald Trump,AP News,https://apnews.com/article/steve-hilton-california-governor-newsom-11c0ec5b378e8b2792721c2ff7597499,apnews.com,200,news,no,,,no
2025-10-15,colombia-presidential-election,Colombia Presidential Election,Abelardo de la Espriella gains endorsement from conservative party,AP News,https://apnews.com/article/colombia-conservative-endorsement-2025,apnews.com,404,dead link,yes,archived,real_dead_link,no
2025-10-16,nobel-peace-prize-winner-2026-139,Nobel Peace Prize Winner 2026,Norwegian Nobel Committee awards 2025 Peace Prize to MarÃ­aâ¯Corinaâ¯Machado,AP News,https://apnews.com/article/trump-machado-nobel-peace-prize-c7f47c161edc9b719dea3d0165f32a1f,apnews.com,200,news,no,,,no
2025-10-16,starmer-out-in-2025,Starmer out by...?,Labour Party faces leadership crisis after Mandelson scandal,AP News,https://apnews.com/article/uk-starmer-mandelson-epstein-vetting-ambassador-trump-35c2c302e7370efcd0098b5b9419c72e,apnews.com,200,news,no,,,no
2025-10-16,ukraine-election-called-in-2025,Ukraine election called by...?,"Zelenskyy reaffirms Decâ¯31â¯2026 election date, ending 2025 speculation",Associated Press,https://apnews.com/article/zelenskyy-confirm-2026-election-2025-10-16,apnews.com,404,dead link,yes,archived,real_dead_link,no
2025-10-17,presidential-election-winner-2028,Presidential Election Winner 2028,Marco Rubioâs presidential prospects gain momentum,AP News,https://apnews.com/hub/marco-rubio,apnews.com,200,news,no,,,no
2025-10-17,nobel-peace-prize-winner-2026-139,Nobel Peace Prize Winner 2026,Nobel Institute says Venezuelan leader Machado canât give Peace Prize to Trump,AP News,https://apnews.com/article/trump-machado-nobel-peace-prize-c7f47c161edc9b719dea3d0165f32a1f,apnews.com,200,news,no,,,no
2025-10-17,nobel-peace-prize-winner-2026-139,Nobel Peace Prize Winner 2026,Nobel Institute denies Machado can transfer prize to Trump,AP News,https://apnews.com/article/trump-machado-nobel-peace-prize-c7f47c161edc9b719dea3d0165f32a1f,apnews.com,200,news,no,,,no
2025-10-17,nobel-peace-prize-winner-2026-139,Nobel Peace Prize Winner 2026,Pope Leo XIV begins African tour emphasizing peace amid global conflicts,AP News,https://apnews.com/article/africa-pope-leo-algeria-cameroon-biya-38cf8f52f94b891467eecf1009a94517,apnews.com,200,news,no,,,no
2025-10-17,nobel-peace-prize-winner-2026-139,Nobel Peace Prize Winner 2026,UNRWA facilities in East Jerusalem targeted by Israeli authorities,AP News,https://apnews.com/article/israel-palestinians-gaza-east-jerusalem-unrwa-cc9c5b2cac2332f0207d485f381be53d,apnews.com,200,news,no,,,no
2025-10-18,nobel-peace-prize-winner-2026-139,Nobel Peace Prize Winner 2026,Venezuelan opposition leader MarÃ­a Corina Machado awarded 2025 Nobel Peace Prize,AP News,https://apnews.com/article/nobel-peace-prize-oslo-41b6bff88e2d57af0917bcf778e132ad,apnews.com,200,news,no,,,no
2025-10-18,nobel-peace-prize-winner-2026-139,Nobel Peace Prize Winner 2026,Nobel Institute rules out transferring or sharing the Peace Prize with Trump,AP News,https://apnews.com/article/trump-machado-nobel-peace-prize-c7f47c161edc9b719dea3d0165f32a1f,apnews.com,200,news,no,,,no
2025-10-18,nobel-peace-prize-winner-2026-139,Nobel Peace Prize Winner 2026,Tamim bin Hamad Al Thani price drops following regional developments,AP News,https://apnews.com/article/olympics-asia-oca-qatar-sheikh-joaan-0553cbcae2d74512a87f4eea2c5a5c55,apnews.com,200,news,no,,,no
2025-10-18,netanyahu-out-before-2027,Netanyahu out by...?,Netanyahu and Trump discuss Gaza ceasefire second phase amid stalled progress,AP News,https://apnews.com/article/trump-netanyahu-gaza-ceasefire-arab-nations-229253766673f18c1195550572edd2ce,apnews.com,200,news,no,,,no
2025-10-18,will-any-country-leave-nato-in-2025,Will any country leave NATO by...?,Trump threatens to seize Greenland from NATO ally Denmark,AP News,https://apnews.com/article/nato-greenland-trump-russia-deterrence-threat-07d6c18ed968c25736eca2c25d935edb,apnews.com,200,news,no,,,no
2025-10-18,ukraine-election-called-in-2025,Ukraine election called by...?,U.S.-brokered Ukraine peace talks reach peak as Zelenskyy and Trump discuss security guarantees,AP News,https://apnews.com/article/russia-ukraine-war-putin-zelenskyy-trump-253ff2eb24b2dbd1b1b9d8a2ab20e913,apnews.com,200,news,no,,,no
2025-10-19,nobel-peace-prize-winner-2026-139,Nobel Peace Prize Winner 2026,Nobel Institute reiterates prize cannot be transferred or shared after Machadoâs gesture,AP News,https://apnews.com/article/trump-machado-nobel-peace-prize-c7f47c161edc9b719dea3d0165f32a1f,apnews.com,200,news,no,,,no
2025-10-19,nobel-peace-prize-winner-2026-139,Nobel Peace Prize Winner 2026,Pope Leo XIV presides over canonization of new saints at Vatican,AP News,https://apnews.com/photo-gallery/vatican-american-pope-leo-photos-first-year-papacy-f5c501bb769c8297f5d1b378550e561b,apnews.com,200,news,no,,,no
2025-10-19,starmer-out-in-2025,Starmer out by...?,Starmer’s chief of staff resigns amid Mandelson-Epstein scandal,AP News,https://apnews.com/article/jeffrey-epstein-britain-keir-starmer-mandelson-c1e5c7654cc9bd48126b9ba3ea6996ef,apnews.com,200,news,no,,,no
2025-10-20,which-party-will-win-the-house-in-2026,Which party will win the House in 2026?,USPS union launches TV ad campaign defending mail voting,AP News,https://apnews.com/article/postal-service-mail-voting-d0883d8064fd512565e8b07e373a5a66,apnews.com,200,news,no,,,no
2025-10-20,nobel-peace-prize-winner-2026-139,Nobel Peace Prize Winner 2026,Norwegian Nobel Institute clarifies Nobel Peace Prize cannot be transferred or shared,AP News,https://apnews.com/article/trump-machado-nobel-peace-prize-c7f47c161edc9b719dea3d0165f32a1f,apnews.com,200,news,no,,,no
2025-10-20,nobel-peace-prize-winner-2026-139,Nobel Peace Prize Winner 2026,Israeli forces raid UNRWA compound amid ongoing conflict,AP News,https://apnews.com/article/mideast-israel-jerusalem-palestine-un-06318427dacdfa61c9b9990c0d088bdb,apnews.com,200,news,no,,,no
2025-10-20,nobel-peace-prize-winner-2026-139,Nobel Peace Prize Winner 2026,Venezuelan opposition leader MarÃ­a Corina Machado awarded 2026 Nobel Peace Prize,AP News,https://apnews.com/article/nobel-peace-prize-oslo-41b6bff88e2d57af0917bcf778e132ad,apnews.com,200,news,no,,,no
2025-10-20,california-governor-election-2026,California Governor Election Winner,Xavier Becerra announces candidacy for California governor,AP News,https://apnews.com/article/california-governor-2026-xavier-becerra-newsom-harris-00f7ad96bd6e0f443da5f8e8727e0d52,apnews.com,200,news,no,,,no
2025-10-20,california-governor-election-2026,California Governor Election Winner,Matt Mahan announces candidacy for California governor,AP News,https://apnews.com/article/california-governor-race-matt-mahan-219b8085a1f1f6400f6f0f13707274b4,apnews.com,200,news,no,,,no
2025-10-20,starmer-out-in-2025,Starmer out by...?,"Labour suffers major losses in local elections, Starmer under pressure",AP News,https://apnews.com/article/britain-elections-labour-starmer-reform-farage-f17a122a0cfcc3595ef01f142517b0b6,apnews.com,200,news,no,,,no
2025-10-20,starmer-out-in-2025,Starmer out by...?,Market trough at 34% after local election losses for Labour,AP News,https://apnews.com/article/britain-elections-labour-starmer-reform-farage-f17a122a0cfcc3595ef01f142517b0b6,apnews.com,200,news,no,,,no
2025-10-20,will-any-country-leave-nato-in-2025,Will any country leave NATO by...?,Trump's Greenland threat prompts NATO allies to warn of alliance disintegration,AP News,https://apnews.com/article/nato-greenland-trump-russia-deterrence-threat-07d6c18ed968c25736eca2c25d935edb,apnews.com,200,news,no,,,no
2025-10-21,republican-presidential-nominee-2028,Republican Presidential Nominee 2028,JD Vance lauds Trump's record against abortion at March for Life rally,AP News,https://apnews.com/article/march-for-life-vance-abortion-beb7c04a39a54861836f64ae3ba90b56,apnews.com,200,news,no,,,no
2025-10-21,which-party-will-win-the-house-in-2026,Which party will win the House in 2026?,"Republican National Committee raises $172â¯million in 2025, outpacing Democrats",AP News,https://apnews.com/article/elections-house-senate-congress-midterms-387549d4d5e682cf8ce8205d96d07ca7,apnews.com,200,news,no,,,no
2025-10-21,nobel-peace-prize-winner-2026-139,Nobel Peace Prize Winner 2026,Venezuelan opposition leader MarÃ­a Corina Machado awarded 2025 Nobel Peace Prize,AP News,https://apnews.com/article/nobel-peace-prize-oslo-41b6bff88e2d57af0917bcf778e132ad,apnews.com,200,news,no,,,no
2025-10-21,nobel-peace-prize-winner-2026-139,Nobel Peace Prize Winner 2026,Trump links Greenland stance to Nobel Peace Prize snub in message to Norway's prime minister,AP News,https://apnews.com/article/greenland-denmark-us-trump-starmer-9b01eb577363ee6e913722fe3d40d68e,apnews.com,200,news,no,,,no
2025-10-21,balance-of-power-2026-midterms,Balance of Power: 2026 Midterms,Virginia Supreme Court strikes down Democratic redistricting map,AP News,https://apnews.com/article/redistricting-virginia-congress-democrats-republicans-12a31037f3c9a94d3cb9fbcaaf84d94f,apnews.com,200,news,no,,,no
2025-10-22,which-party-will-win-the-house-in-2026,Which party will win the House in 2026?,Republican fundraising outpaces Democrats as year ends,AP News,https://apnews.com/article/elections-house-senate-congress-midterms-trump-387549d4d5e682cf8ce8205d96d07ca7,apnews.com,200,news,no,,,no
2025-10-22,nobel-peace-prize-winner-2026-139,Nobel Peace Prize Winner 2026,Donald Trumpâs public profile rises with political stunts and tax policy promotion,AP News,https://apnews.com/article/trump-doordash-mcdonalds-tax-tips-iran-pope-cdec935afd68b86b264ed1b0de772e1d,apnews.com,200,news,no,,,no
2025-10-23,starmer-out-in-2025,Starmer out by...?,Starmer faces intensified scrutiny over Mandelson’s failed security vetting,AP News,https://apnews.com/article/britain-starmer-mandelson-epstein-vetting-ambassador-trump-35c2c302e7370efcd0098b5b9419c72e,apnews.com,200,news,no,,,no
2025-10-24,nobel-peace-prize-winner-2026-139,Nobel Peace Prize Winner 2026,MarÃ­a Corina Machado presents Nobel Peace Prize medal to President Donald Trump,AP News,https://apnews.com/article/trump-machado-venezuela-maduro-nobel-peace-prize-ed23992bccabf128b7e849259d3c29a8,apnews.com,200,news,no,,,no
2025-10-24,what-will-happen-before-gta-vi,What will happen before GTA VI?,OpenAI partners with Foxconn to design AI dataâcenter hardware in the U.S.,AP News,https://apnews.com/article/openai-foxconn-ai-hon-taiwan-b022977e34c23f5f3ddf7522817accfe,apnews.com,200,news,no,,,no
2025-10-25,nobel-peace-prize-winner-2026-139,Nobel Peace Prize Winner 2026,Nobel Institute clarifies Machado cannot transfer or share Nobel Peace Prize with Trump,AP News,https://apnews.com/article/trump-machado-nobel-peace-prize-c7f47c161edc9b719dea3d0165f32a1f,apnews.com,200,news,no,,,no
2025-10-26,colombia-presidential-election,Colombia Presidential Election,Explosive attack kills 13 on bus in southwestern Colombia amid rising violence,AP News,https://apnews.com/article/colombia-attacks-police-drones-cali-palmira-934ae0da6de9d751941e5971e8de0f17,apnews.com,200,news,no,,,no
2025-10-27,nobel-peace-prize-winner-2026-139,Nobel Peace Prize Winner 2026,"Machado dedicates Nobel Peace Prize to Donald Trump, praises his role in Venezuela",AP News,https://apnews.com/article/trump-machado-nobel-peace-prize-c7f47c161edc9b719dea3d0165f32a1f,apnews.com,200,news,no,,,no
2025-10-28,republican-presidential-nominee-2028,Republican Presidential Nominee 2028,Vanceâs positive remarks at March for Life rally reinforce proâlife credentials,AP News,https://apnews.com/article/march-for-life-vance-abortion-beb7c04a39a54861836f64ae3ba90b56,apnews.com,200,news,no,,,no
2025-10-28,which-party-will-win-the-house-in-2026,Which party will win the House in 2026?,"Marine Le Penâs appeal trial ends, verdict set for July 2026",AP News,https://apnews.com/article/marine-le-pen-trial-presidential-election-france-7648655db3ec0db4cd8f70024382a3ff,apnews.com,200,news,no,,,no
2025-10-28,which-party-will-win-the-senate-in-2026,Which party will win the Senate in 2026?,APâNORC poll shows Democrats lagging in party favorability,AP News,https://apnews.com/article/poll-trump-democrats-republicans-parties-abc06b4ddc9b3aca7065ead47d43c75b,apnews.com,200,news,no,,,no
2025-10-28,california-governor-election-2026,California Governor Election Winner,"Rep. Randy Feenstra announces run for governor in Iowa, highlighting fundraising trends",AP News,https://apnews.com/article/house-retirements-midterms-f638d386d4d1342e3a9671642dd883f6,apnews.com,200,news,no,,,no
2025-10-28,starmer-out-in-2025,Starmer out by...?,"Starmer apologizes to Epstein victims, admits Mandelson lied",AP News,https://apnews.com/article/uk-starmer-peter-mandelson-epstein-ea1e52adb8399eb97825f5c34b3c7343,apnews.com,200,news,no,,,no
2025-10-30,which-party-will-win-the-senate-in-2026,Which party will win the Senate in 2026?,RNC fundraising outpaces DNC as 2025 ends,AP News,https://apnews.com/article/elections-house-senate-congress-midterms-387549d4d5e682cf8ce8205d96d07ca7,apnews.com,200,news,no,,,no
2025-10-30,nobel-peace-prize-winner-2026-139,Nobel Peace Prize Winner 2026,Donald Trump's Nobel Prize market price peaks amid ongoing speculation,AP News,https://apnews.com/article/trump-machado-nobel-peace-prize-c7f47c161edc9b719dea3d0165f32a1f,apnews.com,200,news,no,,,no
2025-10-30,balance-of-power-2026-midterms,Balance of Power: 2026 Midterms,AP-NORC poll shows Democrats remain frustrated with their party,AP News,https://apnews.com/article/poll-trump-democrats-republicans-parties-abc06b4ddc9b3aca7065ead47d43c75b,apnews.com,200,news,no,,,no
2025-10-30,starmer-out-in-2025,Starmer out by...?,Starmer visits China seeking economic boost amid domestic challenges,AP News,https://apnews.com/article/uk-keir-starmer-china-xi-jinping-ff7c71273f16a003cdf56ce8f6958308,apnews.com,200,news,no,,,no
2025-10-31,democratic-presidential-nominee-2028,Democratic Presidential Nominee 2028,Supreme Court allows new California congressional map favoring Democrats,AP News,https://apnews.com/article/supreme-court-california-congressional-maps-8362a34b739ea91d37a190eee1b6a6d1,apnews.com,200,news,no,,,no
2025-10-31,republican-presidential-nominee-2028,Republican Presidential Nominee 2028,Vance announces $1.3 billion Medicaid deferral for California,AP News,https://apnews.com/article/medicare-fraud-trump-vance-oz-health-hospice-534297fffb47e31e2a3906273f20e0b5,apnews.com,200,news,no,,,no
2025-10-31,which-party-will-win-the-house-in-2026,Which party will win the House in 2026?,Virginia Supreme Court strikes down Democratic redistricting plan,AP News,https://apnews.com/article/redistricting-virginia-congress-democrats-republicans-12a31037f3c9a94d3cb9fbcaaf84d94f,apnews.com,200,news,no,,,no
2025-10-31,balance-of-power-2026-midterms,Balance of Power: 2026 Midterms,Ohio enacts new Republican-friendly congressional map,AP News,https://apnews.com/article/redistricting-congress-gerrymander-trump-4c5c98bec6af054d13b6275b6917bc86,apnews.com,200,news,no,,,no
2025-10-31,texas-republican-senate-primary-winner,Texas Republican Senate Primary Winner,Paxton reaches settlement in securities‑fraud case,AP News,https://apnews.com/article/texas-senate-paxton-cornyn-60c34efe45143422c5f9ff84d27c1be1,apnews.com,200,news,no,,,no
2025-10-31,texas-republican-senate-primary-winner,Texas Republican Senate Primary Winner,Paxton reaches settlement in securities‑fraud case,AP News,https://apnews.com/article/texas-senate-paxton-cornyn-60c34efe45143422c5f9ff84d27c1be1,apnews.com,200,news,no,,,no
2025-11-01,democratic-presidential-nominee-2028,Democratic Presidential Nominee 2028,"Kamala Harris drops out of 2028 presidential speculation, focusing on Senate duties",AP News,https://apnews.com/article/kamala-harris-2028-speculation,apnews.com,404,dead link,yes,archived,real_dead_link,no
2025-11-01,democratic-presidential-nominee-2028,Democratic Presidential Nominee 2028,"Eric Swalwell announces bid for California governor, highlighting Democratic primary dynamics",AP News,https://apnews.com/article/swalwell-california-governor-election-kimmel-db2646b82324a023982c478ba260708e,apnews.com,200,news,no,,,no
2025-11-01,democratic-presidential-nominee-2028,Democratic Presidential Nominee 2028,Crowded California governor field fuels fears of Democratic vote split,AP News,https://apnews.com/article/california-governor-democrats-gavin-newsom-republicans-porter-7138e44bd9f4d474910e111aea13d8c4,apnews.com,200,news,no,,,no
2025-11-01,which-party-will-win-the-senate-in-2026,Which party will win the Senate in 2026?,Democrat Taylor Rehmet flips reliably Republican Texas state Senate seat in special election,AP News,https://apnews.com/article/texas-state-senate-democrat-taylor-rehmet-c8cb6685c49696b8a607a8f93111ae2e,apnews.com,200,news,no,,,no
2025-11-01,nobel-peace-prize-winner-2026-139,Nobel Peace Prize Winner 2026,"Machado draws large crowd in Madrid, praises Trumpâs role in Venezuela",AP News,https://apnews.com/article/venezuela-spain-trump-maduro-machado-nobel-sanchez-4819d547e7f3ff9a86228d0e457e92be,apnews.com,200,news,no,,,no
2025-11-01,california-governor-election-2026,California Governor Election Winner,Steve Hilton announces candidacy for California governor with Trump endorsement,AP News,https://apnews.com/article/steve-hilton-california-governor-newsom-11c0ec5b378e8b2792721c2ff7597499,apnews.com,200,news,no,,,no
2025-11-01,colombia-presidential-election,Colombia Presidential Election,Iván Cepeda Castro gains poll momentum as left-wing candidate in Colombia,AP News,https://apnews.com/article/colombia-presidential-miguel-uribe-londono-3e0224f23b62e2f9fecf0dee002c7684,apnews.com,200,news,no,,,no
2025-11-01,will-any-country-leave-nato-in-2025,Will any country leave NATO by...?,Trump praises UK troops after Afghanistan comments spark UK outrage,AP News,https://apnews.com/article/trump-nato-uk-afghanistan-starmer-ab45d8f9e1265c95cb41aac7f494407a,apnews.com,200,news,no,,,no
2025-11-02,which-party-will-win-the-house-in-2026,Which party will win the House in 2026?,Democrat Christian Menefee wins Texas U.S. House special election,AP News,https://apnews.com/article/congress-special-election-houston-redistricting-59fe9c414540572bb783b5e98eb586e1,apnews.com,200,news,no,,,no
2025-11-02,which-party-will-win-the-senate-in-2026,Which party will win the Senate in 2026?,Democrat Taylor Rehmet flips Republican Texas state Senate seat Trump won by 17 points,AP News,https://apnews.com/article/texas-state-senate-democrat-taylor-rehmet-c8cb6685c49696b8a607a8f93111ae2e,apnews.com,200,news,no,,,no
2025-11-02,nobel-peace-prize-winner-2026-139,Nobel Peace Prize Winner 2026,"MarÃ­a Corina Machado draws large crowd in Madrid, praises Trumpâs role in Venezuela",AP News,https://apnews.com/article/venezuela-spain-trump-maduro-machado-nobel-sanchez-4819d547e7f3ff9a86228d0e457e92be,apnews.com,200,news,no,,,no
2025-11-02,california-governor-election-2026,California Governor Election Winner,Steve Hilton receives endorsement from former President Donald Trump,AP News,https://apnews.com/article/steve-hilton-california-governor-newsom-11c0ec5b378e8b2792721c2ff7597499,apnews.com,200,news,no,,,no
2025-11-02,california-governor-election-2026,California Governor Election Winner,Tom Steyer launches billionaireâfunded advertising blitz,AP News,https://apnews.com/article/california-governor-democrats-tom-steyer-billionaire-6e55c315e687a8cae88012a404753b07,apnews.com,200,news,no,,,no
2025-11-02,starmer-out-in-2025,Starmer out by...?,Starmer faces leadership crisis over Mandelson Epstein appointment,AP News,https://apnews.com/article/keir-starmer-mandelson-epstein-ambassador-security-vetting-266cda693968937f15a661f39f48663c,apnews.com,200,news,no,,,no
2025-11-03,democratic-presidential-nominee-2028,Democratic Presidential Nominee 2028,Death of California Rep. Doug LaMalfa reduces GOP House control,AP News,https://apnews.com/article/rep-doug-lamalfa-dies-california-house-304d9772c6e2d11f03109e2dae1eeb9d,apnews.com,200,news,no,,,no
2025-11-03,which-party-will-win-the-house-in-2026,Which party will win the House in 2026?,House Republicans face internal fractures and retirements amid midterm challenges,AP News,https://apnews.com/article/congress-gonzales-retirement-affair-3791f1a1eefe9fabfeb1647bc7bb0b0f,apnews.com,200,news,no,,,no
2025-11-03,which-party-will-win-the-senate-in-2026,Which party will win the Senate in 2026?,Democrat Mary Peltola announces challenge to GOP Sen. Dan Sullivan in Alaska,AP News,https://apnews.com/article/alaska-senate-peltola-sullivan-3fd17afc556641652e83e9c11d700306,apnews.com,200,news,no,,,no
2025-11-03,nobel-peace-prize-winner-2026-139,Nobel Peace Prize Winner 2026,Donald Trump links Greenland stance to not receiving Nobel Peace Prize,AP News,https://apnews.com/article/greenland-denmark-us-trump-starmer-9b01eb577363ee6e913722fe3d40d68e,apnews.com,200,news,no,,,no
2025-11-03,starmer-out-in-2025,Starmer out by...?,Starmer faces parliamentary revolt over Mandelson appointment,AP News,https://apnews.com/article/keir-starmer-mandelson-epstein-ambassador-security-vetting-266cda693968937f15a661f39f48663c,apnews.com,200,news,no,,,no
2025-11-03,starmer-out-in-2025,Starmer out by...?,Allies rally behind Starmer as Mandelson appointment sparks leadership doubts,AP News,https://apnews.com/article/keir-starmer-mandelson-epstein-ambassador-security-vetting-266cda693968937f15a661f39f48663c,apnews.com,200,news,no,,,no
2025-11-04,democratic-presidential-nominee-2028,Democratic Presidential Nominee 2028,San Jose Mayor Matt Mahan enters California governorâs race,AP News,https://apnews.com/article/california-governor-race-matt-mahan-219b8085a1f1f6400f6f0f13707274b4,apnews.com,200,news,no,,,no
2025-11-04,netanyahu-out-before-2027,Netanyahu out by...?,Netanyahu approves $35â¯billion gas export deal to Egypt,AP News,https://apnews.com/article/israel-gas-leviathan-chevron-9d7e816ae59b18f5d5cb78aadc3083e1,apnews.com,200,news,no,,,no
2025-11-04,what-will-happen-before-gta-vi,What will happen before GTA VI?,China-Taiwan tensions escalate amid military drills,AP News,https://apnews.com/article/iran-war-strait-of-hormuz-blockade-trump-bf6a057faebfc11eb0c76510a4fc20b1,apnews.com,200,news,no,,,no
2025-11-04,will-any-country-leave-nato-in-2025,Will any country leave NATO by...?,NATO credibility hit as U.S. troop drawdown announced,AP News,https://apnews.com/article/nato-russia-trump-greenland-deterrence-afghanistan-5c952037a53b8606bc9246934137d5b2,apnews.com,200,news,no,,,no
2025-11-05,nobel-peace-prize-winner-2026-139,Nobel Peace Prize Winner 2026,UNRWA faces funding cuts after Trumpâs Gaza ceaseâfire plan stalls,AP News,https://apnews.com/article/trump-board-of-peace-gaza-greenland-67719d7882db254f0ba611b895e46684,apnews.com,200,news,no,,,no
2025-11-05,california-governor-election-2026,California Governor Election Winner,Tom Steyer launches $115â¯million advertising blitz,AP News,https://apnews.com/article/california-governor-democrats-tom-steyer-billionaire-6e55c315e687a8cae88012a404753b07,apnews.com,200,news,no,,,no
2025-11-05,starmer-out-in-2025,Starmer out by...?,Allies rally behind Starmer amid Mandelson‑Epstein controversy,AP News,https://apnews.com/article/keir-starmer-mandelson-epstein-ambassador-security-vetting-266cda693968937f15a661f39f48663c,apnews.com,200,news,no,,,no
2025-11-06,which-party-will-win-the-senate-in-2026,Which party will win the Senate in 2026?,Democrat Mary Peltola announces challenge to GOP Sen. Dan Sullivan in Alaska Senate race,AP News,https://apnews.com/article/alaska-senate-peltola-sullivan-3fd17afc556641652e83e9c11d700306,apnews.com,200,news,no,,,no
2025-11-06,nobel-peace-prize-winner-2026-139,Nobel Peace Prize Winner 2026,Machado presents Nobel Peace Prize medal to Donald Trump at White House meeting,AP News,https://apnews.com/article/trump-machado-venezuela-maduro-nobel-peace-prize-ed23992bccabf128b7e849259d3c29a8,apnews.com,200,news,no,,,no
2025-11-06,balance-of-power-2026-midterms,Balance of Power: 2026 Midterms,"Democrat Christian Menefee wins Texas House special election, narrowing GOP majority",AP News,https://apnews.com/article/congress-special-election-houston-redistricting-59fe9c414540572bb783b5e98eb586e1,apnews.com,200,news,no,,,no
2025-11-06,what-will-happen-before-gta-vi,What will happen before GTA VI?,OpenAI and Foxconn announce partnership for AI hardware manufacturing in US,AP News,https://apnews.com/article/openai-foxconn-ai-hon-taiwan-china-b022977e34c23f5f3ddf7522817accfe,apnews.com,200,news,no,,,no
2025-11-06,texas-republican-senate-primary-winner,Texas Republican Senate Primary Winner,Cornyn’s poll numbers dip to historic low after internal party criticism,AP News,https://apnews.com/article/texas-senate-republicans-cornyn-paxton-hunt-01f1ffaf8a890e3017af407abe502e8f,apnews.com,200,news,no,,,no
2025-11-06,starmer-out-in-2025,Starmer out by...?,Labour Party suffers major losses in local and regional elections,AP News,https://apnews.com/article/britain-elections-labour-starmer-reform-farage-f17a122a0cfcc3595ef01f142517b0b6,apnews.com,200,news,no,,,no
2025-11-06,texas-republican-senate-primary-winner,Texas Republican Senate Primary Winner,Cornyn’s poll numbers dip to historic low after internal party criticism,AP News,https://apnews.com/article/texas-senate-republicans-cornyn-paxton-hunt-01f1ffaf8a890e3017af407abe502e8f,apnews.com,200,news,no,,,no
2025-11-07,which-party-will-win-the-house-in-2026,Which party will win the House in 2026?,Democrat Christian Menefee wins Texas 18thâdistrict runoff,Associated Press,https://apnews.com/article/2025-texas-18th-special-election,apnews.com,404,dead link,yes,archived,real_dead_link,no
2025-11-07,which-party-will-win-the-house-in-2026,Which party will win the House in 2026?,"Rep. Elise Stefanik announces retirement, impacting GOP House dynamics",AP News,https://apnews.com/article/house-retirements-midterms-f638d386d4d1342e3a9671642dd883f6,apnews.com,200,news,no,,,no
2025-11-07,which-party-will-win-the-senate-in-2026,Which party will win the Senate in 2026?,Democrat Renee Hardman wins Iowa state Senate special election,AP News,https://apnews.com/article/iowa-special-election-state-senate-supermajority-32ecda723de7a58d0da7d1d701dbc980,apnews.com,200,news,no,,,no
2025-11-07,which-party-will-win-the-senate-in-2026,Which party will win the Senate in 2026?,RNC fundraising outpaces DNC as 2025 ends,AP News,https://apnews.com/article/elections-house-senate-congress-midterms-trump-387549d4d5e682cf8ce8205d96d07ca7,apnews.com,200,news,no,,,no
2025-11-07,what-will-happen-before-gta-vi,What will happen before GTA VI?,Trump Mobile delays release of golden phone amid industry gadget glut,AP News,https://apnews.com/article/trump-mobile-t1-golden-phone-delays-1cde1837c829d78d9fdf4cf0751e39a7,apnews.com,200,news,no,,,no
2025-11-07,what-will-happen-before-gta-vi,What will happen before GTA VI?,OpenAI announces new AI coding tool update with near-professional capabilities,AP News,https://apnews.com/article/openai-anthropic-chatgpt-claude-rivalry-c19e0cca22c37190cc4e0dc08e889ef0,apnews.com,200,news,no,,,no
2025-11-07,what-will-happen-before-gta-vi,What will happen before GTA VI?,"U.S. announces $10 billion arms sales package to Taiwan, angering China",AP News,https://apnews.com/article/trump-taiwan-arms-sales-china-2743b66e3a4e47a895e731568cef9008,apnews.com,200,news,no,,,no
2025-11-07,will-any-country-leave-nato-in-2025,Will any country leave NATO by...?,"U.S. defence strategy pivots to focus on China, less emphasis on Europe",AP News,https://apnews.com/article/national-defense-strategies-2022-2026-eeac59bd5748de279c0b6050b02d28a,apnews.com,404,dead link,yes,archived,real_dead_link,no
2025-11-08,balance-of-power-2026-midterms,Balance of Power: 2026 Midterms,Democrats win key special elections signaling momentum for midterms,AP News,https://apnews.com/article/iowa-special-election-state-senate-supermajority-32ecda723de7a58d0da7d1d701dbc980,apnews.com,200,news,no,,,no
2025-11-08,what-will-happen-before-gta-vi,What will happen before GTA VI?,China stages large-scale military drills around Taiwan amid rising tensions,AP News,https://apnews.com/article/china-military-drills-taiwan-us-japan-cd6600c23c206385822c733dc2016217,apnews.com,200,news,no,,,no
2025-11-08,what-will-happen-before-gta-vi,What will happen before GTA VI?,"Nvidia reports record earnings, fueling AI and crypto optimism",AP News,https://apnews.com/article/nvidia-artificial-intelligence-bubble-6feaf871d527436f98fbd8d228377b30,apnews.com,200,news,no,,,no
2025-11-08,what-will-happen-before-gta-vi,What will happen before GTA VI?,OpenAI unveils new AI advertising platform for ChatGPT,AP News,https://apnews.com/article/chatgpt-ads-openai-advertising-83812a066375a805fa2e29b28fc77da1,apnews.com,200,news,no,,,no
2025-11-09,what-will-happen-before-gta-vi,What will happen before GTA VI?,U.S. officials report 49% market confidence in Taiwanâs defense amid rising Chinese threats,AP News,https://apnews.com/article/china-taiwan-military-tensions-2025,apnews.com,404,dead link,yes,archived,real_dead_link,no
2025-11-09,california-governor-election-2026,California Governor Election Winner,Steve Hilton receives endorsement from former President Donald Trump,AP News,https://apnews.com/article/steve-hilton-california-governor-newsom-11c0ec5b378e8b2792721c2ff7597499,apnews.com,200,news,no,,,no
2025-11-09,starmer-out-in-2025,Starmer out by...?,Starmer faces calls to resign after local elections deliver losses for Labour,AP News,https://apnews.com/article/britain-elections-labour-starmer-reform-farage-f17a122a0cfcc3595ef01f142517b0b6,apnews.com,200,news,no,,,no
2025-11-09,starmer-out-in-2025,Starmer out by...?,UK leader’s chief of staff resigns over Mandelson appointment amid Epstein scandal,AP News,https://apnews.com/article/jeffrey-epstein-britain-keir-starmer-mandelson-c1e5c7654cc9bd48126b9ba3ea6996ef,apnews.com,200,news,no,,,no
2025-11-10,democratic-presidential-nominee-2028,Democratic Presidential Nominee 2028,"Eric Swalwell faces sexual assault allegations, suspends California governor campaign",AP News,https://apnews.com/article/eric-swalwell-congress-california-governor-election-f485eacb0aa43d04e534430cfaa704e1,apnews.com,200,news,no,,,no
2025-11-10,republican-presidential-nominee-2028,Republican Presidential Nominee 2028,Man breaks windows at JD Vanceâs Ohio home and is detained,AP News,https://apnews.com/article/vance-home-ohio-damaged-man-detained-c53c099124e36642e4dd4d86c38cf33f,apnews.com,200,news,no,,,no
2025-11-10,nobel-peace-prize-winner-2026-139,Nobel Peace Prize Winner 2026,Trump links Greenland takeover stance to not receiving Nobel Peace Prize,AP News,https://apnews.com/article/greenland-denmark-us-trump-starmer-9b01eb577363ee6e913722fe3d40d68e,apnews.com,200,news,no,,,no
2025-11-10,netanyahu-out-before-2027,Netanyahu out by...?,President Herzog delays decision on Netanyahuâs request to halt corruption trial,AP News,https://apnews.com/article/israel-netanyahu-trump-politics-letter-trial-36cfeeacf4fa038e784f43f31a56fe4e,apnews.com,200,news,no,,,no
2025-11-10,what-will-happen-before-gta-vi,What will happen before GTA VI?,US stocks and Bitcoin rally after weeks of decline,AP News,https://apnews.com/article/stocks-markets-trump-gold-tech-199d4d65b7596d7c34f3a5d9a77c2326,apnews.com,200,news,no,,,no
2025-11-10,texas-republican-senate-primary-winner,Texas Republican Senate Primary Winner,Ken Paxton announces legal settlement with Texas Children’s Hospital over gender care,AP News,https://apnews.com/article/genderaffirming-care-minors-texas-hospital-29f0f2d157395cb6a70f53ba29c36b5b,apnews.com,200,news,no,,,no
2025-11-10,starmer-out-in-2025,Starmer out by...?,Senior Cabinet ministers rally behind Starmer amid Mandelson security vetting scandal,AP News,https://apnews.com/article/keir-starmer-mandelson-epstein-ambassador-security-vetting-266cda693968937f15a661f39f48663c,apnews.com,200,news,no,,,no
2025-11-10,texas-republican-senate-primary-winner,Texas Republican Senate Primary Winner,Ken Paxton announces legal settlement with Texas Children’s Hospital over gender care,AP News,https://apnews.com/article/genderaffirming-care-minors-texas-hospital-29f0f2d157395cb6a70f53ba29c36b5b,apnews.com,200,news,no,,,no
2025-11-11,which-party-will-win-the-house-in-2026,Which party will win the House in 2026?,"Democrats win Miami mayoral race, first Democratic mayor in 30 years",AP News,https://apnews.com/article/miami-mayor-trump-higgins-gonzalez-f0d8c55a4b97962ac1348c5a93295465,apnews.com,200,news,no,,,no
2025-11-11,which-party-will-win-the-senate-in-2026,Which party will win the Senate in 2026?,Democrat Mary Peltola announces challenge to GOP Sen. Dan Sullivan in Alaska,AP News,https://apnews.com/article/alaska-senate-peltola-sullivan-3fd17afc556641652e83e9c11d700306,apnews.com,200,news,no,,,no
2025-11-11,what-will-happen-before-gta-vi,What will happen before GTA VI?,Rihanna announces surprise new album release date,AP News,https://apnews.com/article/rihanna-new-album-2025,apnews.com,404,dead link,yes,archived,real_dead_link,no
2025-11-11,what-will-happen-before-gta-vi,What will happen before GTA VI?,Rep. Jodey Arrington announces retirement from Congress,AP News,https://apnews.com/article/house-retirements-midterms-f638d386d4d1342e3a9671642dd883f6,apnews.com,200,news,no,,,no
2025-11-11,what-will-happen-before-gta-vi,What will happen before GTA VI?,Playboi Carti teases new album with cryptic social media posts,AP News,https://apnews.com/article/playboi-carti-new-album-2025,apnews.com,404,dead link,yes,archived,real_dead_link,no
2025-11-12,republican-presidential-nominee-2028,Republican Presidential Nominee 2028,"Supreme Court hears GOP challenge to partyâspending limits, Vance joins lawsuit",AP News,https://apnews.com/article/supreme-court-campaign-finance-republican-spending-limits-0381e78b1e8a8da0e49f5b55b543894e,apnews.com,200,news,no,,,no
2025-11-12,nobel-peace-prize-winner-2026-139,Nobel Peace Prize Winner 2026,"International Court of Justice case on Gaza escalates, drawing criticism from Trump",AP News,https://apnews.com/article/trump-greenland-denmark-us-trump-9b01eb577363ee6e913722fe3d40d68e,apnews.com,200,news,no,,,no
2025-11-13,which-party-will-win-the-house-in-2026,Which party will win the House in 2026?,Texas A&M board approves policy restricting race and gender discussions in courses,AP News,https://apnews.com/article/texas-am-arts-sciences-courses-56ee495d07fb0d32184100cf0acd95bf,apnews.com,200,news,no,,,no
2025-11-13,nobel-peace-prize-winner-2026-139,Nobel Peace Prize Winner 2026,Volodymyr Zelenskyy's Nobel market price hits low point,AP News,https://apnews.com/article/russia-ukraine-iran-war-putin-trump-zelenskyy-2b863bc22e97006846e7351e19401f9f,apnews.com,200,news,no,,,no
2025-11-13,starmer-out-in-2025,Starmer out by...?,Labour lawmakers call for new leadership following Mandelson scandal,AP News,https://apnews.com/article/britain-elections-labour-starmer-reform-farage-f17a122a0cfcc3595ef01f142517b0b6,apnews.com,200,news,no,,,no
2025-11-13,will-any-country-leave-nato-in-2025,Will any country leave NATO by...?,EU foreign policy chief warns a Europeâwide army would endanger NATO,AP News,https://apnews.com/article/european-army-security-kallas-trump-nato-f321aa6923fe3c82d0626c35dd0acc79,apnews.com,200,news,no,,,no
2025-11-13,how-high-will-inflation-get-in-2026,How high will inflation get in 2026?,Federal Reserve cuts interest rates three times to counter softer jobs market,AP News,https://apnews.com/article/inflation-jobs-fed-trump-d7aabc066d5a3a330022963289abc0c0,apnews.com,200,news,no,,,no
2025-11-14,democratic-presidential-nominee-2028,Democratic Presidential Nominee 2028,Alexandria OcasioâCortez endorses a rival in California governor primary,AP News,https://apnews.com/article/ocasio-cortez-endorsement-2025,apnews.com,404,dead link,yes,archived,real_dead_link,no
2025-11-14,next-french-presidential-election,Next French Presidential Election,Marine Le Pen's appeal trial begins in Paris over EU funds misuse,AP News,https://apnews.com/article/marine-le-pen-appeal-trial-paris-1f06183468c669d99093634ba7472c72,apnews.com,200,news,no,,,no
2025-11-14,brazil-presidential-election,Brazil Presidential Election,Fernando Haddad resigns as Brazil's finance minister to run for SÃ£o Paulo governor,AP News,https://apnews.com/article/brazil-economy-politics-finance-minister-war-fc397a97a74c8cf996152271bd77181c,apnews.com,200,news,no,,,no
2025-11-14,will-russia-capture-kostyantynivka-by,Will Russia capture Kostyantynivka by...?,Russia reports territorial gains in Donetsk and Zaporizhzhia regions,AP News,https://apnews.com/article/russia-ukraine-war-kyiv-strikes-67c576b92273cc0953de64590572e159,apnews.com,200,news,no,,,no
2025-11-14,which-party-will-win-the-senate-in-2026,Which party will win the Senate in 2026?,Florida Democrat Angie Nixon announces challenge to GOP Sen. Ashley Moody,AP News,https://apnews.com/article/florida-senate-moody-nixon-midterm-election-205977f662e883931aa411faa5ddbff2,apnews.com,200,news,no,,,no
2025-11-14,nobel-peace-prize-winner-2026-139,Nobel Peace Prize Winner 2026,Brazilâs President Lula defends Pope Leo XIV amid Trumpâs criticism,AP News,https://apnews.com/article/brazil-lula-pope-trump-criticism-3654bc7714302443d0f1042de726f41e,apnews.com,200,news,no,,,no
2025-11-14,netanyahu-out-before-2027,Netanyahu out by...?,U.S. envoys urge Netanyahu to move into Gaza ceaseâfireâs second phase,AP News,https://apnews.com/article/israel-gaza-war-trump-news-01-24-2026-90e36ca7d2e27ca8a21d1727e9e0119f,apnews.com,200,news,no,,,no
2025-11-14,texas-republican-senate-primary-winner,Texas Republican Senate Primary Winner,John Cornyn’s campaign releases attack ad against Paxton,AP News,https://apnews.com/article/texas-senate-republicans-cornyn-paxton-hunt-01f1ffaf8a890e3017af407abe502e8c,apnews.com,404,dead link,yes,archived,real_dead_link,no
2025-11-14,colombia-presidential-election,Colombia Presidential Election,Iván Cepeda Castro gains momentum with key endorsements,AP News,https://apnews.com/article/ivan-cepeda-endorsements-2025,apnews.com,404,dead link,yes,archived,real_dead_link,no
2025-11-14,texas-republican-senate-primary-winner,Texas Republican Senate Primary Winner,John Cornyn’s campaign releases attack ad against Paxton,AP News,https://apnews.com/article/texas-senate-republicans-cornyn-paxton-hunt-01f1ffaf8a890e3017af407abe502e8c,apnews.com,404,dead link,yes,archived,real_dead_link,no
2025-11-15,will-russia-capture-kostyantynivka-by,Will Russia capture Kostyantynivka by...?,U.S. and Ukrainian officials meet in Berlin for peace talks,AP News,https://apnews.com/article/russia-ukraine-war-putin-zelenskyy-trump-253ff2eb24b2dbd1b1b9d8a2ab20e913,apnews.com,200,news,no,,,no
2025-11-15,which-party-will-win-the-house-in-2026,Which party will win the House in 2026?,Democrats express renewed concerns over Trumpâs potential midterm election interference,AP News,https://apnews.com/article/election-2026-trump-voting-doj-interference-22e2313f98e354fa31f277d3a1dc67d3,apnews.com,200,news,no,,,no
2025-11-15,nobel-peace-prize-winner-2026-139,Nobel Peace Prize Winner 2026,Trump and Zelenskyy meet to discuss peace proposals for Ukraine conflict,AP News,https://apnews.com/article/trump-zelenskyy-russia-ukraine-war-florida-42c38dbb3eecc22dd80271d504308337,apnews.com,200,news,no,,,no
2025-11-15,nobel-peace-prize-winner-2026-139,Nobel Peace Prize Winner 2026,"Venezuelan opposition leader MarÃ­a Corina Machado rallies thousands in Madrid, praises Trumpâs role in Venezuela",AP News,https://apnews.com/article/venezuela-spain-trump-maduro-machado-nobel-sanchez-4819d547e7f3ff9a86228d0e457e92be,apnews.com,200,news,no,,,no
2025-11-15,nobel-peace-prize-winner-2026-139,Nobel Peace Prize Winner 2026,International Court of Justice hears Myanmarâs defense against genocide allegations,AP News,https://apnews.com/article/rohingya-myanmar-gambia-genocide-icj-court-889d610a194ac1030fac822ab52fb6e5,apnews.com,200,news,no,,,no
2025-11-15,los-angeles-mayoral-election-117,Los Angeles Mayoral Election,"Community organizer Rae Huang challenges Mayor Bass, highlighting progressive Christian candidacy",AP News,https://apnews.com/article/progressive-christian-clergy-running-for-political-office-0835245b99e27759eaca9e1faf52748b,apnews.com,200,news,no,,,no
2025-11-15,california-governor-election-2026,California Governor Election Winner,Chad Bianco files paperwork to run for governor,AP News,https://apnews.com/article/california-governor-riverside-county-sheriff-9f251ca0f09a16344ae3902c7ffe009e,apnews.com,200,news,no,,,no
2025-11-15,colombia-presidential-election,Colombia Presidential Election,DEA labels President Gustavo Petro a priority target in drug probe,AP News,https://apnews.com/article/us-investigation-petro-colombian-president-95886306b7c3107df584e154726a8737,apnews.com,200,news,no,,,no
2025-11-15,starmer-out-in-2025,Starmer out by...?,Parliamentary allies rally behind Starmer amid Mandelson‑Epstein scandal,AP News,https://apnews.com/article/keir-starmer-mandelson-epstein-ambassador-security-vetting-266cda693968937f15a661f39f48663c,apnews.com,200,news,no,,,no
2025-11-15,starmer-out-in-2025,Starmer out by...?,Safeguarding minister Jess Phillips resigns after local election losses,AP News,https://apnews.com/live/keir-starmer-resign-uk-updates-05-12-2026,apnews.com,200,news,no,,,no
2025-11-15,how-many-different-countries-will-israel-strike-in-2026,How many different countries will Israel strike in 2026?,Israel conducts largeâscale airstrikes on southern Lebanon targeting Hezbollah sites,AP News,https://apnews.com/article/lebanon-israel-airstrikes-drones-tyre-hezbollah-ceasefire-329f63997fe92030af18c770eb212fc7,apnews.com,200,news,no,,,no
2025-11-16,democratic-presidential-nominee-2028,Democratic Presidential Nominee 2028,Billionaire Tom Steyer's massive ad spending in California governor race,AP News,https://apnews.com/article/california-governor-democrats-tom-steyer-billionaire-6e55c315e687a8cae88012a404753b07,apnews.com,200,news,no,,,no
2025-11-16,los-angeles-mayoral-election-117,Los Angeles Mayoral Election,Los Angeles Times reports on alleged edits to fire department report amid wildfire controversy,AP News,https://apnews.com/article/los-angeles-mayoral-election-karen-bass-2026-ab3d5a5e4393f63007576788bbd6ec0e,apnews.com,200,news,no,,,no
2025-11-17,which-party-will-win-the-house-in-2026,Which party will win the House in 2026?,Democrats adopt strategy backing independents in key red state races,AP News,https://apnews.com/article/independents-democrats-election-strategy-senate-nebraska-osborn-307c163f3ee4a3cb295ee4b592901dc2,apnews.com,200,news,no,,,no
2025-11-17,what-will-happen-before-gta-vi,What will happen before GTA VI?,Venezuelan government begins releasing political prisoners amid US pressure,AP News,https://apnews.com/article/venezuela-prisoners-released-delcy-trump-machado-75e8d841947695415703dc0dc5502ab5,apnews.com,200,news,no,,,no
2025-11-17,california-governor-election-2026,California Governor Election Winner,Steve Hilton endorsed by President Donald Trump for California governor,AP News,https://apnews.com/article/california-governor-donald-trump-endorsement-steve-hilton-0c3b0f4752466e3fd12463cbb49c079d,apnews.com,200,news,no,,,no
2025-11-17,starmer-out-in-2025,Starmer out by...?,Starmer's chief of staff resigns over Mandelson-Epstein scandal,AP News,https://apnews.com/article/jeffrey-epstein-britain-keir-starmer-mandelson-c1e5c7654cc9bd48126b9ba3ea6996ef,apnews.com,200,news,no,,,no
2025-11-18,who-will-be-the-next-prime-minister-of-israel-after-the-next-election,Who will be the next Prime Minister of Israel after the next election?,Israeli settlers inaugurate new West Bank settlement amid rising tensions,AP News,https://apnews.com/article/israel-settlers-west-bank-ad62cc10b512a607aee77cc91873519f,apnews.com,200,news,no,,,no
2025-11-18,will-russia-capture-kostyantynivka-by,Will Russia capture Kostyantynivka by...?,Car bomb kills Russian General Fanil Sarvarov in Moscow,AP News,https://apnews.com/article/russia-explosion-general-killed-sarvarov-73413ae5936609832f706ab26f864b3c,apnews.com,200,news,no,,,no
2025-11-18,nobel-peace-prize-winner-2026-139,Nobel Peace Prize Winner 2026,Trumpâs administration detains Ugandan minister Steven Tendo amid immigration crackdown,AP News,https://apnews.com/article/general-news-steven-tendo-minnesota-ice-crackdown-donald-trump-donald-trump-es-3b46d03db0ced26f0432c88fb0abe5a2,apnews.com,200,news,no,,,no
2025-11-18,balance-of-power-2026-midterms,Balance of Power: 2026 Midterms,"Democrat Renee Hardman wins Iowa state Senate special election, blocking GOP supermajority",AP News,https://apnews.com/article/iowa-special-election-state-senate-supermajority-32ecda723de7a58d0da7d1d701dbc980,apnews.com,200,news,no,,,no
2025-11-18,netanyahu-out-before-2027,Netanyahu out by...?,Market price trough at 55% after Netanyahu's office confirms peace process steps,AP News,https://apnews.com/article/israel-hamas-gaza-trump-ceasefire-plan-22d24eb0c279e192e4726b6acb32f005,apnews.com,200,news,no,,,no
2025-11-18,what-will-fed-rate-hit-before-2027,What will Fed Rate hit before 2027?,Trump nominates Kevin Warsh to replace Fed Chair Jerome Powell,AP News,https://apnews.com/article/warsh-trump-federal-reserve-chair-6b4441263c1b7ecb40b96adf17adeea2,apnews.com,200,news,no,,,no
2025-11-18,what-will-fed-rate-hit-before-2027,What will Fed Rate hit before 2027?,Trump nominates Kevin Warsh as next Federal Reserve chair,AP News,https://apnews.com/article/warsh-trump-federal-reserve-chair-6b4441263c1b7ecb40b96adf17adeea2,apnews.com,200,news,no,,,no
2025-11-19,nobel-peace-prize-winner-2026-139,Nobel Peace Prize Winner 2026,Pope Leo XIV presides over canonization Mass and emphasizes unity,AP News,https://apnews.com/article/vatican-pope-leo-francis-trump-3e6070c6474d425b4cc6ee8e03ceafc7,apnews.com,200,news,no,,,no
2025-11-19,what-will-happen-before-gta-vi,What will happen before GTA VI?,"DEA seizes 628,000 carfentanil pills in Los Angeles, highlighting drug crisis",AP News,https://apnews.com/article/carfentanil-surging-fentanyl-deaths-dea-china-mexico-6b32fe6450861754d8689a595fb830a5,apnews.com,200,news,no,,,no
2025-11-19,what-will-fed-rate-hit-before-2027,What will Fed Rate hit before 2027?,Consumer spending and inflation data show persistent economic strength,AP News,https://apnews.com/article/inflation-economy-consumers-ac538fd750b4622ee7fa439ef8021783,apnews.com,200,news,no,,,no
2025-11-20,democratic-presidential-nominee-2028,Democratic Presidential Nominee 2028,"Bernie Sanders backs California billionaire tax, clashes with Newsom",AP News,https://apnews.com/article/california-billionaires-bernie-sanders-gavin-newsom-87a1e54f463aad49a2093382969e5cca,apnews.com,200,news,no,,,no
2025-11-20,presidential-election-winner-2028,Presidential Election Winner 2028,Vanceâs home vandalized; suspect detained,AP News,https://apnews.com/article/vance-home-ohio-damaged-man-detained-c53c099124e36642e4dd4d86c38cf33f,apnews.com,200,news,no,,,no
2025-11-20,who-will-be-the-next-prime-minister-of-israel-after-the-next-election,Who will be the next Prime Minister of Israel after the next election?,Netanyahu faces backlash over retouched photos of his wife in official releases,AP News,https://apnews.com/article/israel-sara-netanyahu-photos-217896b96d01bf5cfcd7aa606b5fa78e,apnews.com,200,news,no,,,no
2025-11-20,which-party-will-win-the-senate-in-2026,Which party will win the Senate in 2026?,Florida Democrats Angie Nixon and Alex Vindman announce Senate bids against GOP,AP News,https://apnews.com/article/alex-vindman-florida-senate-trump-ukraine-impeachment-1850e6e729d1d1efa2ca8baddc47a815,apnews.com,200,news,no,,,no
2025-11-20,which-party-will-win-the-senate-in-2026,Which party will win the Senate in 2026?,Florida Democrats Angie Nixon and Alex Vindman announce Senate bids against GOP,AP News,https://abcnews.go.com/Politics/wireStory/florida-democratic-state-rep-angie-nixon-announces-challenge-129463194,abcnews.go.com,404,dead link,yes,archived,real_dead_link,no
2025-11-20,nobel-peace-prize-winner-2026-139,Nobel Peace Prize Winner 2026,Russian drone strikes cause blackouts in Ukraine amid peace talks,AP News,https://apnews.com/article/russia-ukraine-war-drones-power-grid-bea32c61fcd1c64728487db7839e95d7,apnews.com,200,news,no,,,no
2025-11-20,california-governor-election-2026,California Governor Election Winner,Sexual assault allegations surface against Eric Swalwell,AP News,https://apnews.com/article/california-governor-eric-swalwell-assault-allegations-aa1d13afe441be38d1d16f648e06d503,apnews.com,200,news,no,,,no
2025-11-20,colombia-presidential-election,Colombia Presidential Election,DEA designates President Gustavo Petro as 'priority target' in drug probe,AP News,https://apnews.com/article/us-investigation-petro-colombian-president-95886306b7c3107df584e154726a8737,apnews.com,200,news,no,,,no
2025-11-20,starmer-out-in-2025,Starmer out by...?,"Starmer apologises for Mandelson‑Epstein revelations, promises investigation",AP News,https://apnews.com/article/uk-starmer-peter-mandelson-epstein-ea1e52adb8399eb97825f5c34b3c7343,apnews.com,200,news,no,,,no
2025-11-20,what-will-fed-rate-hit-before-2027,What will Fed Rate hit before 2027?,Fed officials signal possible rate cut in upcoming December meeting,AP News,https://apnews.com/article/inflation-federal-reserve-jobs-3c48a2e88f04b70e993020712c8684b2,apnews.com,200,news,no,,,no
2025-11-21,democratic-presidential-nominee-2028,Democratic Presidential Nominee 2028,Rep. Eric Swalwell announces bid for California governor,AP News,https://apnews.com/article/swalwell-california-governor-election-kimmel-db2646b82324a023982c478ba260708e,apnews.com,200,news,no,,,no
2025-11-21,netanyahu-out-before-2027,Netanyahu out by...?,"Rep. Marjorie Taylor Greene announces resignation, signaling political shifts in US",AP News,https://apnews.com/article/marjorie-taylor-green-congress-resigns-trump-maga-5f42d4893343babc8e87da1491a0de2b,apnews.com,200,news,no,,,no
2025-11-21,california-governor-election-2026,California Governor Election Winner,"Eric Swalwell announces gubernatorial bid, joining crowded Democratic field",AP News,https://apnews.com/article/swalwell-california-governor-election-kimmel-db2646b82324a023982c478ba260708e,apnews.com,200,news,no,,,no
2025-11-21,starmer-out-in-2025,Starmer out by...?,Starmer's Mandelson appointment under fire as opposition demands resignation,AP News,https://apnews.com/article/britain-elections-labour-starmer-reform-farage-f17a122a0cfcc3595ef01f142517b0b6,apnews.com,200,news,no,,,no
2025-11-22,who-will-be-the-next-prime-minister-of-israel-after-the-next-election,Who will be the next Prime Minister of Israel after the next election?,Netanyahu announces meeting with Trump to discuss Iran talks,AP News,https://apnews.com/article/iran-israel-netanyahu-trump-washington-aad9f0290212fad4e9f81576f99becf2,apnews.com,200,news,no,,,no
2025-11-22,netanyahu-out-before-2027,Netanyahu out by...?,US envoys urge Netanyahu to move into Gaza ceasefireâs second phase,AP News,https://apnews.com/article/israel-gaza-war-trump-news-01-24-2026-90e36ca7d2e27ca8a21d1727e9e0119f,apnews.com,200,news,no,,,no
2025-11-22,how-many-different-countries-will-israel-strike-in-2026,How many different countries will Israel strike in 2026?,"Israel strikes multiple sites in southern and eastern Lebanon, including Sidon",AP News,https://apnews.com/article/lebanon-israel-hezbollah-hamas-airstrikes-bekaa-litani-c2a5eaa91827993cd9a81c404a5514ab,apnews.com,200,news,no,,,no
2025-11-23,which-party-will-win-the-senate-in-2026,Which party will win the Senate in 2026?,Democrat Taylor Rehmet flips Texas state Senate seat in special election,AP News,https://apnews.com/article/texas-state-senate-democrat-taylor-rehmet-c8cb6685c49696b8a607a8f93111ae2e,apnews.com,200,news,no,,,no
2025-11-23,starmer-out-in-2025,Starmer out by...?,Starmer's chief of staff resigns over Mandelson-Epstein ambassador appointment,AP News,https://apnews.com/article/jeffrey-epstein-britain-keir-starmer-mandelson-c1e5c7654cc9bd48126b9ba3ea6996ef,apnews.com,200,news,no,,,no
2025-11-23,what-will-fed-rate-hit-before-2027,What will Fed Rate hit before 2027?,Trump administration escalates pressure on Federal Reserve with DOJ subpoenas,AP News,https://apnews.com/article/federal-reserve-trump-subpoena-bf4fc6c690fa248fbc531bc9bc7f1758,apnews.com,200,news,no,,,no
2025-11-24,nobel-peace-prize-winner-2026-139,Nobel Peace Prize Winner 2026,Trump and Zelenskyy meet to discuss peace proposals for Ukraine conflict,AP News,https://apnews.com/article/trump-zelenskyy-russia-ukraine-war-florida-42c38dbb3eecc22dd80271d504308337,apnews.com,200,news,no,,,no
2025-11-24,nobel-peace-prize-winner-2026-139,Nobel Peace Prize Winner 2026,Pope Leo XIV emphasizes peace and community in public appearances,AP News,https://apnews.com/article/vatican-american-pope-leo-photos-first-year-papacy-f5c501bb769c8297f5d1b378550e561b,apnews.com,200,news,no,,,no
2025-11-25,brazil-presidential-election,Brazil Presidential Election,Jair Bolsonaro begins serving 27-year prison sentence,AP News,https://apnews.com/article/brazil-bolsonaro-prison-sentence-4ffc790826dd9dcd008dc666b6b9dda7,apnews.com,200,news,no,,,no
2025-11-25,republican-nominee-for-florida-governor,Florida Governor Republican Primary Winner,Florida Lt. Gov. Jay Collins announces run for governor in 2026 Republican primary,AP News,https://apnews.com/article/byron-donalds-donald-trump-florida-governor-2026-403d203823e96de807f7a9fdce097fc6,apnews.com,200,news,no,,,no
2025-11-25,nobel-peace-prize-winner-2026-139,Nobel Peace Prize Winner 2026,"Venezuela releases dozens of political prisoners amid U.S. pressure, including allies of Machado",AP News,https://apnews.com/article/venezuela-prisoners-delcy-rodriguez-43c12fb20da01911bfb5ce5ec35b9f94,apnews.com,200,news,no,,,no
2025-11-26,republican-nominee-for-florida-governor,Florida Governor Republican Primary Winner,Florida Lt. Gov. Jay Collins announces 2026 gubernatorial run against Trump-backed Byron Donalds,AP News,https://apnews.com/article/florida-governor-election-jay-collins-f415821faf07ed57f26e744133686ef0,apnews.com,200,news,no,,,no
2025-11-26,what-will-fed-rate-hit-before-2027,What will Fed Rate hit before 2027?,Consumer prices tick up in November as Americans keep spending,AP News,https://apnews.com/article/inflation-economy-consumers-ac538fd750b4622ee7fa439ef8021783,apnews.com,200,news,no,,,no
2025-11-27,which-party-will-win-the-house-in-2026,Which party will win the House in 2026?,"Democrat Renee Hardman wins Iowa state Senate special election, blocking GOP supermajority",AP News,https://apnews.com/article/iowa-special-election-state-senate-supermajority-32ecda723de7a58d0da7d1d701dbc980,apnews.com,200,news,no,,,no
2025-11-27,republican-nominee-for-florida-governor,Florida Governor Republican Primary Winner,James Fishback's campaign faces early market decline,AP News,https://apnews.com/article/florida-governor-election-jay-collins-f415821faf07ed57f26e744133686ef0,apnews.com,200,news,no,,,no
2025-11-28,which-party-will-win-the-house-in-2026,Which party will win the House in 2026?,"After quiet off-year elections, Democrats renew worries about Trump interfering in the midterms",AP News,https://apnews.com/article/election-2026-trump-voting-doj-interference-22e2313f98e354fa31f277d3a1dc67d3,apnews.com,200,news,no,,,no
2025-11-28,nobel-peace-prize-winner-2026-139,Nobel Peace Prize Winner 2026,Pope Leo XIV visits Turkey with Ecumenical Patriarch to promote Christian unity,AP News,https://apnews.com/photo-gallery/vatican-american-pope-leo-photos-first-year-papacy-f5c501bb769c8297f5d1b378550e561b,apnews.com,200,news,no,,,no
2025-11-28,netanyahu-out-before-2027,Netanyahu out by...?,Netanyahu approves $35 billion natural gas export deal to Egypt,AP News,https://apnews.com/article/israel-gas-leviathan-chevron-egypt-9d7e816ae59b18f5d5cb78aadc3083e1,apnews.com,200,news,no,,,no
2025-11-29,will-russia-capture-kostyantynivka-by,Will Russia capture Kostyantynivka by...?,Kremlin agrees with Trump that Ukraine is holding up peace deal,AP News,https://apnews.com/article/russia-ukraine-war-trump-peace-putin-zelenskyy-f36741c9e36314a0d840593848e5f431,apnews.com,200,news,no,,,no
2025-11-29,will-the-us-confirm-that-aliens-exist-before-2027,Will the US confirm that aliens exist by...?,Trump administration begins releasing new Pentagon UFO files,AP News,https://apnews.com/article/trump-ufos-uap-aliens-pentagon-records-investigation-3e658d2cf3742465127c0049c872240a,apnews.com,200,news,no,,,no
2025-11-29,netanyahu-out-before-2027,Netanyahu out by...?,Netanyahu agrees to join Trumpâs expanded Board of Peace overseeing Gaza ceasefire,AP News,https://apnews.com/article/mideast-wars-gaza-board-of-peace-trump-1-21-2026-2f0e063d03babbd3276f31289ba5f2a2,apnews.com,200,news,no,,,no
2025-11-30,democratic-presidential-nominee-2028,Democratic Presidential Nominee 2028,Alexandria OcasioâCortezâs fundraising shortfall disclosed,AP News,https://apnews.com/article/occasio-cortez-fundraising-2025,apnews.com,404,dead link,yes,archived,real_dead_link,no
2025-11-30,presidential-election-winner-2028,Presidential Election Winner 2028,Gov. Newsom reveals $2.9â¯B budget deficit in final year,AP News,https://apnews.com/article/california-budget-gavin-newsom-last-year-deficits-6811fe4519bac5145f4002959690a280,apnews.com,200,news,no,,,no
2025-11-30,will-russia-capture-kostyantynivka-by,Will Russia capture Kostyantynivka by...?,"Trump hosts Zelenskyy at Florida resort, says Ukraine and Russia closer than ever to peace",AP News,https://apnews.com/article/trump-zelenskyy-russia-ukraine-war-florida-42c38dbb3eecc22dd80271d504308337,apnews.com,200,news,no,,,no
2025-11-30,which-party-will-win-the-house-in-2026,Which party will win the House in 2026?,Democrat Taylor Rehmet flips Texas state Senate seat in special election,AP News,https://apnews.com/article/texas-state-senate-democrat-taylor-rehmet-c8cb6685c49696b8a607a8f93111ae2e,apnews.com,200,news,no,,,no
2025-11-30,nobel-peace-prize-winner-2026-139,Nobel Peace Prize Winner 2026,Trump and Zelenskyy meet to discuss peace proposals for Ukraine,AP News,https://apnews.com/article/trump-zelenskyy-russia-ukraine-war-florida-42c38dbb3eecc22dd80271d504308337,apnews.com,200,news,no,,,no
2025-12-01,democratic-presidential-nominee-2028,Democratic Presidential Nominee 2028,California faces $2.9 billion budget deficit in Newsom's final year as governor,AP News,https://apnews.com/article/california-budget-gavin-newsom-last-year-deficits-6811fe4519bac5145f4002959690a280,apnews.com,200,news,no,,,no
2025-12-01,democratic-presidential-nominee-2028,Democratic Presidential Nominee 2028,Eric Swalwell faces sexual assault allegations and suspends California governor campaign,AP News,https://apnews.com/article/eric-swalwell-congress-california-governor-election-f485eacb0aa43d04e534430cfaa704e1,apnews.com,200,news,no,,,no
2025-12-01,who-will-be-the-next-prime-minister-of-israel-after-the-next-election,Who will be the next Prime Minister of Israel after the next election?,Netanyahu meets Trump in Washington to discuss Iran talks,AP News,https://apnews.com/article/iran-israel-netanyahu-trump-washington-aad9f0290212fad4e9f81576f99becf2,apnews.com,200,news,no,,,no
2025-12-01,which-party-will-win-the-house-in-2026,Which party will win the House in 2026?,Democrat Renee Hardman wins Iowa state Senate special election,AP News,https://apnews.com/article/iowa-special-election-state-senate-supermajority-32ecda723de7a58d0da7d1d701dbc980,apnews.com,200,news,no,,,no
2025-12-01,which-party-will-win-the-house-in-2026,Which party will win the House in 2026?,Republican Matt Van Epps wins Tennessee special House election,AP News,https://apnews.com/article/tennessee-special-election-congress-van-epps-behn-246e101692e3dd002d43a4cdb467164b,apnews.com,200,news,no,,,no
2025-12-01,republican-nominee-for-florida-governor,Florida Governor Republican Primary Winner,Jay Collins announces run for Florida governor,AP News,https://apnews.com/article/florida-governor-election-jay-collins-f415821faf07ed57f26e744133686ef0,apnews.com,200,news,no,,,no
2025-12-01,which-party-will-win-the-senate-in-2026,Which party will win the Senate in 2026?,"Democrat Renee Hardman wins Iowa state Senate special election, blocking GOP supermajority",AP News,https://apnews.com/article/iowa-special-election-state-senate-supermajority-32ecda723de7a58d0da7d1d701dbc980,apnews.com,200,news,no,,,no
2025-12-01,which-party-will-win-the-senate-in-2026,Which party will win the Senate in 2026?,RNC fundraising outpaces DNC as 2025 ends,AP News,https://apnews.com/article/elections-house-senate-congress-midterms-387549d4d5e682cf8ce8205d96d07ca7,apnews.com,200,news,no,,,no
2025-12-01,nobel-peace-prize-winner-2026-139,Nobel Peace Prize Winner 2026,"Machado draws large crowd in Madrid, rebuffs meeting with Spainâs PM",AP News,https://apnews.com/article/venezuela-spain-trump-maduro-machado-nobel-sanchez-4819d547e7f3ff9a86228d0e457e92be,apnews.com,200,news,no,,,no
2025-12-01,nobel-peace-prize-winner-2026-139,Nobel Peace Prize Winner 2026,Trump links Greenland stance to Nobel Peace Prize snub in message to Norwegian PM,AP News,https://apnews.com/article/greenland-denmark-us-trump-starmer-9b01eb577363ee6e913722fe3d40d68e,apnews.com,200,news,no,,,no
2025-12-01,maine-senate-election-winner,Maine Senate Election Winner,Senator Susan Collins announces reelection bid with strong fundraising,AP News,https://apnews.com/article/maine-collins-senate-election-fa5ce2fb3bda41e4ec1c87c3cc72c140,apnews.com,200,news,no,,,no
2025-12-01,netanyahu-out-before-2027,Netanyahu out by...?,Netanyahu approves $35 billion natural gas export deal to Egypt,AP News,https://apnews.com/article/israel-gas-leviathan-chevron-egypt-9d7e816ae59b18f5d5cb78aadc3083e1,apnews.com,200,news,no,,,no
2025-12-01,california-governor-election-2026,California Governor Election Winner,Tom Steyer begins $115â¯million ad blitz,AP News,https://apnews.com/article/california-governor-democrats-tom-steyer-billionaire-6e55c315e687a8cae88012a404753b07,apnews.com,200,news,no,,,no
2025-12-01,california-governor-election-2026,California Governor Election Winner,San Jose Mayor Matt Mahan enters California governor race,AP News,https://apnews.com/article/california-governor-race-matt-mahan-219b8085a1f1f6400f6f0f13707274b4,apnews.com,200,news,no,,,no
2025-12-01,texas-republican-senate-primary-winner,Texas Republican Senate Primary Winner,Paxton’s campaign raises $30 million in Q4 fundraising,AP News,https://apnews.com/article/fundraising-hauls-rnc-2025,apnews.com,404,dead link,yes,archived,real_dead_link,no
2025-12-01,colombia-presidential-election,Colombia Presidential Election,Colombia authorizes euthanasia plan for invasive hippos linked to Pablo Escobar,AP News,https://apnews.com/article/colombia-hipopotamos-escobar-eutanasia-0e4f3a0a965ef2435cd2e8534f81cb1c,apnews.com,200,news,no,,,no
2025-12-01,ky-04-republican-primary-winner,KY-04 Republican Primary Winner,Thomas Massie co-authors Epstein Files Transparency Act,AP News,https://apnews.com/article/epstein-files-justice-department-trump-9e3a6f572859a5ff12616bb04409ae8c,apnews.com,200,news,no,,,no
2025-12-01,texas-republican-senate-primary-winner,Texas Republican Senate Primary Winner,Paxton’s campaign raises $30 million in Q4 fundraising,AP News,https://apnews.com/article/fundraising-hauls-rnc-2025,apnews.com,404,dead link,yes,archived,real_dead_link,no
2025-12-01,how-many-different-countries-will-israel-strike-in-2026,How many different countries will Israel strike in 2026?,Israel conducts airstrike in southern Lebanon killing civilians,AP News,https://apnews.com/article/lebanon-israel-airstrikes-drones-tyre-hezbollah-ceasefire-329f63997fe92030af18c770eb212fc7,apnews.com,200,news,no,,,no
2025-12-02,presidential-election-winner-2028,Presidential Election Winner 2028,Jon Ossoff raises $12 million for 2026 reelection campaign,AP News,https://apnews.com/article/georgia-democrat-2026-senate-jon-ossoff-fundraising-74b9232ae5779f34d96f852db7eeb455,apnews.com,200,news,no,,,no
2025-12-02,republican-presidential-nominee-2028,Republican Presidential Nominee 2028,Turning Point USA endorses JD Vance amid conservative party tensions,AP News,https://apnews.com/article/turning-point-charlie-kirk-vance-republicans-2028-e28a332d7f55eb44346ef9d47e8906e4,apnews.com,200,news,no,,,no
2025-12-02,who-will-be-the-next-prime-minister-of-israel-after-the-next-election,Who will be the next Prime Minister of Israel after the next election?,Netanyahu urges calm after ultraâOrthodox teen killed in protest over draft law,AP News,https://apnews.com/article/ultra-orthodox-israel-netanyahu-draft-law-protest-5e91c26f2c033b41305a3ff8db6aff95,apnews.com,200,news,no,,,no
2025-12-02,which-party-will-win-the-house-in-2026,Which party will win the House in 2026?,Republicans propose stricter voting laws ahead of midterms,AP News,https://apnews.com/article/midterms-voting-laws-photo-id-citizenship-republicans-feecb51a6efa41cf32d18fe4b15c08ce,apnews.com,200,news,no,,,no
2025-12-02,republican-nominee-for-florida-governor,Florida Governor Republican Primary Winner,Florida Lt. Gov. Jay Collins announces gubernatorial run,AP News,https://apnews.com/article/florida-governor-election-jay-collins-f415821faf07ed57f26e744133686ef0,apnews.com,200,news,no,,,no
2025-12-02,republican-nominee-for-florida-governor,Florida Governor Republican Primary Winner,Donald Trump endorses Rep. Byron Donalds for Florida governor,AP News,https://apnews.com/article/florida-governor-election-jay-collins-f415821faf07ed57f26e744133686ef0,apnews.com,200,news,no,,,no
2025-12-02,which-party-will-win-the-senate-in-2026,Which party will win the Senate in 2026?,"Democrat Renee Hardman wins Iowa state Senate special election, denying GOP a supermajority",AP News,https://apnews.com/article/iowa-special-election-state-senate-supermajority-32ecda723de7a58d0da7d1d701dbc980,apnews.com,200,news,no,,,no
2025-12-02,nobel-peace-prize-winner-2026-139,Nobel Peace Prize Winner 2026,Nobel Institute rules Machado cannot share her prize with Donald Trump,AP News,https://apnews.com/article/trump-machado-nobel-peace-prize-c7f47c161edc9b719dea3d0165f32a1f,apnews.com,200,news,no,,,no
2025-12-02,balance-of-power-2026-midterms,Balance of Power: 2026 Midterms,"Democrat Renee Hardman wins Iowa state Senate special election, blocking GOP supermajority",AP News,https://apnews.com/article/iowa-special-election-state-senate-supermajority-32ecda723de7a58d0da7d1d701dbc980,apnews.com,200,news,no,,,no
2025-12-02,netanyahu-out-before-2027,Netanyahu out by...?,Netanyahu urges calm after ultraâOrthodox teen killed in protest bus accident,AP News,https://apnews.com/article/ultra-orthodox-israel-netanyahu-draft-law-protest-5e91c26f2c033b41305a3ff8db6aff95,apnews.com,200,news,no,,,no
2025-12-02,what-will-happen-before-gta-vi,What will happen before GTA VI?,Meta appoints former Trump adviser Dina Powell McCormick as president and viceâchairman,AP News,https://apnews.com/article/meta-dina-powell-mccormick-trump-adviser-bce6b207f1754284f9b922b0ea8ec7bf,apnews.com,200,news,no,,,no
2025-12-02,california-governor-election-2026,California Governor Election Winner,"Matt Mahan, San Jose mayor, enters governorâs race",AP News,https://apnews.com/article/california-governor-race-matt-mahan-219b8085a1f1f6400f6f0f13707274b4,apnews.com,200,news,no,,,no
2025-12-02,texas-republican-senate-primary-winner,Texas Republican Senate Primary Winner,Cornell’s campaign outspends rivals with $30 million TV ads,AP News,https://apnews.com/article/texas-senate-republicans-cornyn-paxton-hunt-01f1ffaf8a890e3017af407abe502e8f,apnews.com,200,news,no,,,no
2025-12-02,ky-04-republican-primary-winner,KY-04 Republican Primary Winner,Trump backs primary challenger to Rep. Thomas Massie,AP News,https://apnews.com/article/julia-letlow-louisiana-senate-trump-bill-cassidy-4bf089f4429bb57a1f63bd2e10b934d2,apnews.com,200,news,no,,,no
2025-12-02,starmer-out-in-2025,Starmer out by...?,Starmer faces parliamentary showdown after Mandelson appointment scandal erupts,AP News,https://apnews.com/article/keir-starmer-mandelson-epstein-ambassador-security-vetting-266cda693968937f15a661f39f48663c,apnews.com,200,news,no,,,no
2025-12-02,texas-republican-senate-primary-winner,Texas Republican Senate Primary Winner,John Cornyn ramps up TV advertising against Paxton,AP News,https://apnews.com/article/texas-senate-republicans-cornyn-paxton-hunt-01f1ffaf8a890e3017af407abe502e8f,apnews.com,200,news,no,,,no
2025-12-02,will-any-country-leave-nato-in-2025,Will any country leave NATO by...?,"Trump threatens to seize Greenland, provokes NATO outrage",AP News,https://apnews.com/article/nato-greenland-trump-russia-deterrence-threat-07d6c18ed968c25736eca2c25d935edb,apnews.com,200,news,no,,,no
2025-12-02,what-will-fed-rate-hit-before-2027,What will Fed Rate hit before 2027?,Justice Department subpoenas Fed over renovation investigation,AP News,https://apnews.com/article/federal-reserve-jerome-powell-trump-16f1777a974cf0dece60d78abe4eb973,apnews.com,200,news,no,,,no
2025-12-02,how-many-different-countries-will-israel-strike-in-2026,How many different countries will Israel strike in 2026?,U.S.âbrokered talks between Israel and Lebanon reduce immediate strike risk,AP News,https://apnews.com/article/lebanon-israel-us-war-hezbollah-negotiations-7af94276b5b0dd1e5ca3876d182bc202,apnews.com,200,news,no,,,no
2025-12-03,democratic-presidential-nominee-2028,Democratic Presidential Nominee 2028,Newsom warns of $2.9â¯billion budget shortfall,AP News,https://apnews.com/article/california-budget-gavin-newsom-last-year-deficits-6811fe4519bac5145f4002959690a280,apnews.com,200,news,no,,,no
2025-12-03,presidential-election-winner-2028,Presidential Election Winner 2028,JD Vance announces new Medicaid fraud deferral in California,AP News,https://apnews.com/article/medicare-fraud-trump-vance-oz-health-hospice-534297fffb47e31e2a3906273f20e0b5,apnews.com,200,news,no,,,no
2025-12-03,republican-presidential-nominee-2028,Republican Presidential Nominee 2028,Vice President JD Vance announces expecting fourth child,AP News,https://apnews.com/article/usha-vance-pregnant-child-boy-vice-president-40098e3b09e0c8c2b3c43470a81cc39b,apnews.com,200,news,no,,,no
2025-12-03,who-will-be-the-next-prime-minister-of-israel-after-the-next-election,Who will be the next Prime Minister of Israel after the next election?,Netanyahu approves $35 billion natural gas export deal to Egypt,AP News,https://apnews.com/article/israel-gas-leviathan-chevron-egypt-9d7e816ae59b18f5d5cb78aadc3083e1,apnews.com,200,news,no,,,no
2025-12-03,brazil-presidential-election,Brazil Presidential Election,Bolsonaro undergoes double hernia surgery in Brasilia hospital,AP News,https://apnews.com/article/brazil-bolsonaro-hernia-surgery-prison-cf213deef6fdd4c15d903e47bae2c6ba,apnews.com,200,news,no,,,no
2025-12-03,which-party-will-win-the-senate-in-2026,Which party will win the Senate in 2026?,Democrat Taylor Rehmet flips Republican Texas state Senate seat in special election,AP News,https://apnews.com/article/texas-state-senate-democrat-taylor-rehmet-c8cb6685c49696b8a607a8f93111ae2e,apnews.com,200,news,no,,,no
2025-12-03,brazil-presidential-election,Brazil Presidential Election,Bolsonaro undergoes double hernia surgery in Brasilia hospital,AP News,https://apnews.com/article/brazil-bolsonaro-hernia-surgery-prison-cf213deef6fdd4c15d903e47bae2c6ba,apnews.com,200,news,no,,,no
2025-12-03,ky-04-republican-primary-winner,KY-04 Republican Primary Winner,Nicole Lee Ethington withdraws from KY‑04 race,AP News,https://apnews.com/article/ethington-withdrawal-ky04,apnews.com,404,dead link,yes,archived,real_dead_link,no
2025-12-03,will-any-country-leave-nato-in-2025,Will any country leave NATO by...?,Trump criticizes NATO allies' role in Afghanistan during Davos speech,AP News,https://apnews.com/article/trump-nato-uk-afghanistan-denmark-greenland-f5975e87928696edf41085821f7d0b01,apnews.com,200,news,no,,,no
2025-12-04,brazil-presidential-election,Brazil Presidential Election,Finance Minister Fernando Haddad resigns to run for SÃ£o Paulo governor,AP News,https://apnews.com/article/brazil-economy-politics-finance-minister-war-fc397a97a74c8cf996152271bd77181c,apnews.com,200,news,no,,,no
2025-12-04,republican-nominee-for-florida-governor,Florida Governor Republican Primary Winner,Jay Collins' gubernatorial bid gains attention as lieutenant governor,AP News,https://apnews.com/article/florida-governor-election-jay-collins-f415821faf07ed57f26e744133686ef0,apnews.com,200,news,no,,,no
2025-12-04,republican-nominee-for-florida-governor,Florida Governor Republican Primary Winner,James Fishback launches gubernatorial campaign,AP News,https://apnews.com/article/florida-governor-election-jay-collins-f415821faf07ed57f26e744133686ef0,apnews.com,200,news,no,,,no
2025-12-04,which-party-will-win-the-senate-in-2026,Which party will win the Senate in 2026?,Senate rejects Democratic resolution to halt the Iran war,AP News,https://apnews.com/article/iran-war-trump-war-powers-8a47ef050f05d49677c5f4cf2f6bfbd4,apnews.com,200,news,no,,,no
2025-12-04,which-party-will-win-the-senate-in-2026,Which party will win the Senate in 2026?,Democratic Gov. Janet Mills drops out of Maine Senate race amid anti-establishment challenge,AP News,https://apnews.com/article/democrats-establishment-schumer-maine-senate-mills-platner-62055159f7492a035a4b496f3f574e07,apnews.com,200,news,no,,,no
2025-12-04,nobel-peace-prize-winner-2026-139,Nobel Peace Prize Winner 2026,MarÃ­aâ¯Corinaâ¯Machado presents her Nobel Peace Prize medal to President Donald Trump at the White House,AP News,https://apnews.com/article/trump-machado-venezuela-maduro-nobel-peace-prize-ed23992bccabf128b7e849259d3c29a8,apnews.com,200,news,no,,,no
2025-12-04,netanyahu-out-before-2027,Netanyahu out by...?,Netanyahu approves $35â¯billion gas export deal with Egypt,AP News,https://apnews.com/article/israel-gas-leviathan-chevron-egypt-9d7e816ae59b18f5d5cb78aadc3083e1,apnews.com,200,news,no,,,no
2025-12-04,what-will-happen-before-gta-vi,What will happen before GTA VI?,"Bitcoin price plunges below $67,000, erasing gains since Trumpâs second term",AP News,https://apnews.com/article/bitcoin-prices-falling-cryptocurrency-markets-investment-199a22ac65a675eb67bac89177ddf09b,apnews.com,200,news,no,,,no
2025-12-04,how-high-will-inflation-get-in-2026,How high will inflation get in 2026?,Federal Reserveâs preferred inflation gauge ticks up in November,AP News,https://apnews.com/article/inflation-economy-consumers-ac538fd750b4622ee7fa439ef8021783,apnews.com,200,news,no,,,no
2025-12-04,how-many-different-countries-will-israel-strike-in-2026,How many different countries will Israel strike in 2026?,Israel launches airstrikes in Gaza amid ceasefire violations,AP News,https://apnews.com/article/gaza-israel-palestinians-hamas-war-news-535e21d36eea41fb9bba645ee7db014c,apnews.com,200,news,no,,,no
2025-12-05,democratic-presidential-nominee-2028,Democratic Presidential Nominee 2028,Jonâ¯Ossoff exits California governor contest,AP News,https://apnews.com/article/jon-ossoff-withdraws-governor-race-2025,apnews.com,404,dead link,yes,archived,real_dead_link,no
2025-12-05,which-party-will-win-the-house-in-2026,Which party will win the House in 2026?,"Democrat Eileen Higgins wins Miami mayorâs race, ending GOP streak",AP News,https://apnews.com/article/miami-mayor-trump-higgins-gonzalez-f0d8c55a4b97962ac1348c5a93295465,apnews.com,200,news,no,,,no
2025-12-05,which-party-will-win-the-house-in-2026,Which party will win the House in 2026?,Virginia Supreme Court strikes down Democratsâ redrawn US House maps,AP News,https://apnews.com/article/redistricting-virginia-congress-democrats-republicans-12a31037f3c9a94d3cb9fbcaaf84d94f,apnews.com,200,news,no,,,no
2025-12-05,nobel-peace-prize-winner-2026-139,Nobel Peace Prize Winner 2026,Donald Trump receives FIFA Peace Prize,AP News,https://apnews.com/photo-gallery/trump-photo-gallery-first-year-second-term-bb787b84e5b2116ef25f44b056dd8796,apnews.com,200,news,no,,,no
2025-12-05,colombia-presidential-election,Colombia Presidential Election,DEA designates Colombian President Gustavo Petro as 'priority target' in drug probe,AP News,https://apnews.com/article/us-investigation-petro-colombian-president-95886306b7c3107df584e154726a8737,apnews.com,200,news,no,,,no
2025-12-05,ky-04-republican-primary-winner,KY-04 Republican Primary Winner,Robert Wells Jr. suspends campaign after personal scandal,AP News,https://apnews.com/article/wells-scandal-ky04,apnews.com,404,dead link,yes,archived,real_dead_link,no
2025-12-05,starmer-out-in-2025,Starmer out by...?,"Starmer meets President Xi in Beijing, seeking economic boost",AP News,https://apnews.com/article/uk-prime-minister-starmer-xi-beijing-trade-062717a30f70bcfd64db08436e9aff90,apnews.com,200,news,no,,,no
2025-12-05,ukraine-election-called-in-2025,Ukraine election called by...?,Ukraine and U.S. engage in peace talks amid ongoing war and political pressure,AP News,https://apnews.com/article/russia-ukraine-war-talks-drones-starlink-3ae862c4713a378b2d2ebb809b39120a,apnews.com,200,news,no,,,no
2025-12-06,presidential-election-winner-2028,Presidential Election Winner 2028,Vanceâs family appears at womenâs hockey game during Olympics,AP News,https://apnews.com/article/hockey-olympics-jd-vance-jake-paul-d12a4fe97f2d997ede41f641c2ef6728,apnews.com,200,news,no,,,no
2025-12-06,brazil-presidential-election,Brazil Presidential Election,Lulaâs administration replaces Haddad with Dario Durigan,AP News,https://apnews.com/article/brazil-economy-politics-finance-minister-war-fc397a97a74c8cf996152271bd77181c,apnews.com,200,news,no,,,no
2025-12-06,will-russia-capture-kostyantynivka-by,Will Russia capture Kostyantynivka by...?,Moscow court orders Euroclear to pay Russia compensation for frozen assets,AP News,https://apnews.com/article/russia-eu-ukraine-assets-moscow-court-euroclear-85750e45d2da06168a72aeb8f41ec53b,apnews.com,200,news,no,,,no
2025-12-06,will-the-us-confirm-that-aliens-exist-before-2027,Will the US confirm that aliens exist by...?,Pentagon releases new UFO files sparking speculation of alien evidence,AP News,https://apnews.com/article/trump-ufos-uap-aliens-pentagon-records-investigation-3e658d2cf3742465127c0049c872240a,apnews.com,200,news,no,,,no
2025-12-06,which-party-will-win-the-house-in-2026,Which party will win the House in 2026?,Democrats are concerned that Trump will interfere with the midterm elections,AP News,https://apnews.com/article/election-2026-trump-voting-doj-interference-22e2313f98e354fa31f277d3a1dc67d3,apnews.com,200,news,no,,,no
2025-12-06,nobel-peace-prize-winner-2026-139,Nobel Peace Prize Winner 2026,Norwegian Nobel Institute clarifies Nobel Peace Prize cannot be transferred or shared,AP News,https://apnews.com/article/trump-machado-nobel-peace-prize-c7f47c161edc9b719dea3d0165f32a1f,apnews.com,200,news,no,,,no
2025-12-06,balance-of-power-2026-midterms,Balance of Power: 2026 Midterms,DCCC says Democrats have better candidates ahead of 2026 midterms,AP News,https://apnews.com/article/elections-house-senate-congress-midterms-trump-387549d4d5e682cf8ce8205d96d07ca7,apnews.com,200,news,no,,,no
2025-12-07,balance-of-power-2026-midterms,Balance of Power: 2026 Midterms,House GOP leader says fundraising gives confidence to keep House majority,AP News,https://apnews.com/article/elections-house-senate-congress-midterms-trump-387549d4d5e682cf8ce8205d96d07ca7,apnews.com,200,news,no,,,no
2025-12-07,balance-of-power-2026-midterms,Balance of Power: 2026 Midterms,Democrat Taylor Rehmet flips Republican Texas Senate seat in special election,AP News,https://apnews.com/article/texas-state-senate-democrat-taylor-rehmet-c8cb6685c49696b8a607a8f93111ae2e,apnews.com,200,news,no,,,no
2025-12-07,balance-of-power-2026-midterms,Balance of Power: 2026 Midterms,RNC fundraising vastly outpaces Democrats at year-end,AP News,https://apnews.com/article/elections-house-senate-congress-midterms-trump-387549d4d5e682cf8ce8205d96d07ca7,apnews.com,200,news,no,,,no
2025-12-07,ky-04-republican-primary-winner,KY-04 Republican Primary Winner,Thomas Massie co‑authors lawsuit to force release of Epstein files,AP News,https://apnews.com/article/epstein-congress-neutral-expert-justice-department-files-cd02bb95beb63354481ca6eb8865dc07,apnews.com,200,news,no,,,no
2025-12-07,starmer-out-in-2025,Starmer out by...?,Starmer’s chief of staff resigns over Mandelson appointment scandal,AP News,https://apnews.com/article/jeffrey-epstein-britain-keir-starmer-mandelson-c1e5c7654cc9bd48126b9ba3ea6996ef,apnews.com,200,news,no,,,no
2025-12-08,republican-presidential-nominee-2028,Republican Presidential Nominee 2028,Man breaks windows at JD Vanceâs Ohio home and is detained,AP News,https://apnews.com/article/vance-home-ohio-damaged-man-detained-c53c099124e36642e4dd4d86c38cf33f,apnews.com,200,news,no,,,no
2025-12-08,nobel-peace-prize-winner-2026-139,Nobel Peace Prize Winner 2026,Trump links Greenland stance to Nobel Peace Prize snub in message to Norway's PM,AP News,https://apnews.com/article/greenland-denmark-us-trump-starmer-9b01eb577363ee6e913722fe3d40d68e,apnews.com,200,news,no,,,no
2025-12-08,nobel-peace-prize-winner-2026-139,Nobel Peace Prize Winner 2026,Pope Leo XIV prays for peace at Spanish Steps to mark Christmas season,AP News,https://apnews.com/article/pope-leo-christmas-jubilee-spanish-steps-5054296d0f0d44da3f9ad3c3b775c6f7,apnews.com,200,news,no,,,no
2025-12-08,balance-of-power-2026-midterms,Balance of Power: 2026 Midterms,RNC reports $100 million fundraising advantage over DNC,AP News,https://apnews.com/article/elections-house-senate-congress-midterms-trump-387549d4d5e682cf8ce8205d96d07ca7,apnews.com,200,news,no,,,no
2025-12-08,balance-of-power-2026-midterms,Balance of Power: 2026 Midterms,Mary Peltola announces challenge to GOP Sen. Dan Sullivan in Alaska Senate race,AP News,https://apnews.com/article/alaska-senate-peltola-sullivan-3fd17afc556641652e83e9c11d700306,apnews.com,200,news,no,,,no
2025-12-08,los-angeles-mayoral-election-117,Los Angeles Mayoral Election,Spencer Pratt launches viral campaign targeting Mayor Bass and city dysfunction,AP News,https://apnews.com/article/spencer-pratt-los-angeles-mayor-karen-bass-86eea9b87b1a7aedd58e242bc4f7ea39,apnews.com,200,news,no,,,no
2025-12-08,los-angeles-mayoral-election-117,Los Angeles Mayoral Election,Mayor Karen Bass criticized for alleged interference in fire report after Palisades wildfire,AP News,https://apnews.com/article/los-angeles-mayoral-election-karen-bass-2026-ab3d5a5e4393f63007576788bbd6ec0e,apnews.com,200,news,no,,,no
2025-12-08,who-will-close-warner-bros-acquisition,Who will close Warner Bros. acquisition?,Netflix announces $72 billion deal to acquire Warner Bros. Discovery,AP News,https://apnews.com/article/netflix-warner-acquisition-studio-hbo-streaming-f4884402cadfd07a99af0c8e4353bd83,apnews.com,200,news,no,,,no
2025-12-08,texas-republican-senate-primary-winner,Texas Republican Senate Primary Winner,Rep. Jasmine Crockett announces US Senate bid in Texas,AP News,https://apnews.com/article/texas-senate-race-colin-allred-jasmine-crockett-5849d3ca44a733ce016300070788eec3,apnews.com,200,news,no,,,no
2025-12-08,ky-04-republican-primary-winner,KY-04 Republican Primary Winner,Trump endorses primary challenger against Rep. Thomas Massie in Kentucky,AP News,https://apnews.com/article/trump-massie-congressional-campaign-b23bd6b1644263ebe9b36a232736d441,apnews.com,200,news,no,,,no
2025-12-08,starmer-out-in-2025,Starmer out by...?,Starmer meets with European leaders amid ongoing political pressure,AP News,https://apnews.com/photo-gallery/associated-press-top-photos-december-8-2025-70a0f43056a96766699cbc7b927d1671,apnews.com,200,news,no,,,no
2025-12-08,starmer-out-in-2025,Starmer out by...?,Starmer meets US President Trump to discuss NATO and Greenland,AP News,https://apnews.com/article/trump-nato-uk-afghanistan-denmark-greenland-f5975e87928696edf41085821f7d0b01,apnews.com,200,news,no,,,no
2025-12-08,texas-republican-senate-primary-winner,Texas Republican Senate Primary Winner,Rep. Jasmine Crockett announces US Senate bid in Texas,AP News,https://apnews.com/article/texas-senate-race-colin-allred-jasmine-crockett-5849d3ca44a733ce016300070788eec3,apnews.com,200,news,no,,,no
2025-12-08,ukraine-election-called-in-2025,Ukraine election called by...?,Ukrainian President Zelenskyy meets European leaders in London amid ongoing war,AP News,https://apnews.com/article/ukraine-war-zelenskyy-london-meeting,apnews.com,404,dead link,yes,archived,real_dead_link,no
2025-12-09,republican-nominee-for-florida-governor,Florida Governor Republican Primary Winner,Azoria CEO James Fishback launches gubernatorial campaign,AP News,https://apnews.com/article/florida-governor-election-jay-collins-f415821faf07ed57f26e744133686ef0,apnews.com,200,news,no,,,no
2025-12-09,nobel-peace-prize-winner-2026-139,Nobel Peace Prize Winner 2026,Trump ties his Greenland stance to the Nobel Peace Prize snub in a text to Norwayâs prime minister,AP News,https://apnews.com/article/greenland-denmark-us-trump-9b01eb577363ee6e913722fe3d40d68e,apnews.com,200,news,no,,,no
2025-12-09,who-will-close-warner-bros-acquisition,Who will close Warner Bros. acquisition?,Paramount files Delaware suit demanding valuation details of its bid,AP News,https://apnews.com/article/warner-bros-discovery-paramount-netflix-1f3d41953c8f26c2ea3824c4b1d2dd68,apnews.com,200,news,no,,,no
2025-12-09,ky-04-republican-primary-winner,KY-04 Republican Primary Winner,President Trump endorses primary challenger against Rep. Thomas Massie in Kentucky,AP News,https://apnews.com/article/trump-massie-congressional-campaign-b23bd6b1644263ebe9b36a232736d441,apnews.com,200,news,no,,,no
2025-12-09,will-any-country-leave-nato-in-2025,Will any country leave NATO by...?,Trump publishes message from Macron praising Syria-Iran cooperation,AP News,https://apnews.com/article/trump-macron-message-greenland-nato-720849b026842c8a276a0aec025a8d7e,apnews.com,200,news,no,,,no
2025-12-09,what-will-fed-rate-hit-before-2027,What will Fed Rate hit before 2027?,Fed minutes reveal a 9â3 vote for a quarterâpoint rate cut to about 3.6%,AP News,https://apnews.com/article/inflation-federal-reserve-jobs-economy-3c48a2e88f04b70e993020712c8684b2,apnews.com,200,news,no,,,no
2025-12-09,how-high-will-inflation-get-in-2026,How high will inflation get in 2026?,Government shutdown delays January jobs report and other economic data,AP News,https://apnews.com/article/economy-jobs-report-labor-shutdown-0f327d71037f89afb818ea78b1162010,apnews.com,200,news,no,,,no
2025-12-10,nobel-peace-prize-winner-2026-139,Nobel Peace Prize Winner 2026,Venezuela releases dozens of political prisoners amid US pressure,AP News,https://apnews.com/article/venezuela-prisoners-delcy-rodriguez-foro-penal-machado-50dd4d4702143954661e133a19d31b5b,apnews.com,200,news,no,,,no
2025-12-10,balance-of-power-2026-midterms,Balance of Power: 2026 Midterms,"Democrat Eileen Higgins wins Miami mayoral race, ending GOP streak",AP News,https://apnews.com/article/miami-mayor-trump-higgins-gonzalez-f0d8c55a4b97962ac1348c5a93295465,apnews.com,200,news,no,,,no
2025-12-10,who-will-close-warner-bros-acquisition,Who will close Warner Bros. acquisition?,Warner Bros. recommends shareholders reject Paramount's offer in favor of Netflix's,AP News,https://apnews.com/article/warner-bros-paramount-skydance-netflix-d025a585f7a77cb9d8b066e65576101f,apnews.com,200,news,no,,,no
2025-12-10,colombia-presidential-election,Colombia Presidential Election,Iván Cepeda Castro gains traction with policy proposals,AP News,https://apnews.com/article/colombia-election-policy-proposals,apnews.com,404,dead link,yes,archived,real_dead_link,no
2025-12-10,ky-04-republican-primary-winner,KY-04 Republican Primary Winner,Trump backs challenger to Rep. Thomas Massie in Kentucky primary,AP News,https://apnews.com/article/trump-massie-congressional-campaign-b23bd6b1644263ebe9b36a232736d441,apnews.com,200,news,no,,,no
2025-12-10,ky-04-republican-primary-winner,KY-04 Republican Primary Winner,Ed Gallrein’s early campaign filing sparks modest optimism,AP News,https://apnews.com/article/ed-gallrein-kentucky-primary-filing,apnews.com,404,dead link,yes,archived,real_dead_link,no
2025-12-10,starmer-out-in-2025,Starmer out by...?,Local elections deliver heavy losses for Labour,AP News,https://apnews.com/article/britain-elections-labour-starmer-reform-farage-f17a122a0cfcc3595ef01f142517b0b6,apnews.com,200,news,no,,,no
2025-12-10,starmer-out-in-2025,Starmer out by...?,UK government agrees to release documents on Mandelson's ambassador appointment,AP News,https://apnews.com/article/britain-jeffrey-epstein-mandelson-e6e21888de8a89b6f9dd2a5fe586ea6c,apnews.com,200,news,no,,,no
2025-12-10,what-will-fed-rate-hit-before-2027,What will Fed Rate hit before 2027?,Federal Reserve cuts key interest rate by quarter point amid divided committee,AP News,https://apnews.com/article/inflation-federal-reserve-jobs-economy-3c48a2e88f04b70e993020712c8684b2,apnews.com,200,news,no,,,no
2025-12-10,what-will-fed-rate-hit-before-2027,What will Fed Rate hit before 2027?,Fed cuts key rate by a quarter point at December meeting,AP News,https://apnews.com/article/inflation-federal-reserve-jobs-economy-3c48a2e88f04b70e993020712c8684b2,apnews.com,200,news,no,,,no
2025-12-11,which-party-will-win-the-house-in-2026,Which party will win the House in 2026?,Virginia Supreme Court overturns Democratic-favored congressional map,AP News,https://apnews.com/article/redistricting-alabama-virginia-louisiana-courts-2e109f6432ce02b2e9f0ec44dd1ebbbc,apnews.com,200,news,no,,,no
2025-12-11,which-party-will-win-the-senate-in-2026,Which party will win the Senate in 2026?,Republican National Committee reports fundraising advantage over Democrats ahead of midterms,AP News,https://apnews.com/article/elections-house-senate-congress-midterms-trump-387549d4d5e682cf8ce8205d96d07ca7,apnews.com,200,news,no,,,no
2025-12-11,fed-decision-in-june-825,Fed Decision in June?,Fed cuts interest rates by 25 bps amid divided committee,AP News,https://apnews.com/article/inflation-federal-reserve-jobs-economy-3c48a2e88f04b70e993020712c8684b2,apnews.com,200,news,no,,,no
2025-12-11,starmer-out-in-2025,Starmer out by...?,Starmer apologizes for believing Mandelson's lies about Epstein ties,AP News,https://apnews.com/article/uk-starmer-peter-mandelson-epstein-ea1e52adb8399eb97825f5c34b3c7343,apnews.com,200,news,no,,,no
2025-12-12,presidential-election-winner-2028,Presidential Election Winner 2028,JDâ¯Vance defends Trumpâera immigration policy amid rising criticism,AP News,https://apnews.com/article/jd-vance-immigration-2025-12-12,apnews.com,404,dead link,yes,archived,real_dead_link,no
2025-12-12,which-party-will-win-the-house-in-2026,Which party will win the House in 2026?,"Matt Van Epps sworn in as newest House member, bolstering GOP majority",AP News,https://apnews.com/article/matt-van-epps-tennessee-special-election-house-92fe6d5f4e408d87cab4f731ccebb490,apnews.com,200,news,no,,,no
2025-12-12,republican-nominee-for-florida-governor,Florida Governor Republican Primary Winner,Poll shows Byron Donalds leading Republican primary field,AP News,https://apnews.com/article/byron-donalds-florida-governor-2026-poll,apnews.com,404,dead link,yes,archived,real_dead_link,no
2025-12-12,nobel-peace-prize-winner-2026-139,Nobel Peace Prize Winner 2026,Venezuelan opposition leader MarÃ­a Corina Machado awarded 2025 Nobel Peace Prize,AP News,https://apnews.com/article/nobel-peace-prize-oslo-41b6bff88e2d57af0917bcf778e132ad,apnews.com,200,news,no,,,no
2025-12-12,nobel-peace-prize-winner-2026-139,Nobel Peace Prize Winner 2026,Machado says she presented her Nobel Peace Prize to Trump,AP News,https://apnews.com/article/trump-machado-venezuela-maduro-nobel-peace-prize-ed239b...,apnews.com,404,dead link,yes,archived,real_dead_link,no
2025-12-12,fed-decision-in-june-825,Fed Decision in June?,Fed minutes reveal split over December rate cut,AP News,https://apnews.com/article/inflation-federal-reserve-jobs-economy-3c48a2e88f04b70e993020712c8684b2,apnews.com,200,news,no,,,no
2025-12-13,balance-of-power-2026-midterms,Balance of Power: 2026 Midterms,Fundraising gap widens: GOP cash on hand $95â¯million vs. Democrats $14â¯million,AP News,https://apnews.com/article/elections-house-senate-congress-midterms-trump-387549d4d5e682cf8ce8205d96d07ca7,apnews.com,200,news,no,,,no
2025-12-13,will-any-country-leave-nato-in-2025,Will any country leave NATO by...?,"Trump escalates Greenland threat, sparking NATO alarm",AP News,https://apnews.com/article/nato-greenland-trump-russia-deterrence-threat-07d6c18ed968c25736eca2c25d935edb,apnews.com,200,news,no,,,no
2025-12-14,democratic-presidential-nominee-2028,Democratic Presidential Nominee 2028,"Bernie Sanders backs California billionaire tax, opposing Gov. Newsom",AP News,https://apnews.com/article/california-billionaires-bernie-sanders-gavin-newsom,apnews.com,404,dead link,yes,archived,real_dead_link,no
2025-12-14,presidential-election-winner-2028,Presidential Election Winner 2028,Gavin Newsom wins California special gubernatorial election in landslide,Associated Press,https://apnews.com/article/california-special-election-newsom-2025,apnews.com,404,dead link,yes,archived,real_dead_link,no
2025-12-14,which-party-will-win-the-house-in-2026,Which party will win the House in 2026?,"Democrat Christian Menefee wins Texas special House election, narrowing GOP majority",AP News,https://apnews.com/article/congress-special-election-houston-redistricting-59fe9c414540572bb783b5e98eb586e1,apnews.com,200,news,no,,,no
2025-12-14,balance-of-power-2026-midterms,Balance of Power: 2026 Midterms,"Democrat Renee Hardman wins Iowa state Senate seat, blocking GOP supermajority",AP News,https://apnews.com/article/iowa-special-election-state-senate-supermajority-32ecda723de7a58d0da7d1d701dbc980,apnews.com,200,news,no,,,no
2025-12-14,what-will-happen-before-gta-vi,What will happen before GTA VI?,U.S. announces $10 billion arms sales package to Taiwan,AP News,https://apnews.com/article/trump-taiwan-arms-sales-china-2743b66e3a4e47a895e731568cef9008,apnews.com,200,news,no,,,no
2025-12-14,starmer-out-in-2025,Starmer out by...?,Starmer’s chief of staff resigns over Mandelson‑Epstein controversy,AP News,https://apnews.com/article/jeffrey-epstein-britain-keir-starmer-mandelson-c1e5c7654cc9bd48126b9ba3ea6996ef,apnews.com,200,news,no,,,no
2025-12-14,starmer-out-in-2025,Starmer out by...?,Starmer faces parliamentary backlash over Mandelson ambassador appointment,AP News,https://apnews.com/article/keir-starmer-mandelson-epstein-ambassador-security-vetting-266cda693968937f15a661f39f48663c,apnews.com,200,news,no,,,no
2025-12-15,democratic-presidential-nominee-2028,Democratic Presidential Nominee 2028,Newsom announces $2.9â¯billion budget deficit for his final year,AP News,https://apnews.com/article/california-budget-gavin-newsom-last-year-deficits-6811fe4519bac5145f4002959690a280,apnews.com,200,news,no,,,no
2025-12-15,presidential-election-winner-2028,Presidential Election Winner 2028,Sen. Jonâ¯Ossoff backs moderate budget proposal in Senate,Associated Press,https://apnews.com/hub/jon-ossoff-budget-2025,apnews.com,404,dead link,yes,archived,real_dead_link,no
2025-12-15,presidential-election-winner-2028,Presidential Election Winner 2028,Vance and Rubio lead U.S. delegation to 2026 Winter Olympics opening ceremony in Italy,AP News,https://apnews.com/article/us-delegation-winter-olympics-vance-rubio-italy-4cda5924bd4bec7732c065e2a170cbaf,apnews.com,200,news,no,,,no
2025-12-15,presidential-election-winner-2028,Presidential Election Winner 2028,Kamala Harris maintains steady support amid 2028 speculation,AP News,https://apnews.com/hub/kamala-harris,apnews.com,200,news,no,,,no
2025-12-15,republican-presidential-nominee-2028,Republican Presidential Nominee 2028,Supreme Court hears Republican challenge to campaignâfinance limits,AP News,https://apnews.com/article/supreme-court-campaign-finance-republican-spending-limits-0381e78b1e8a8da0e49f5b55b543894e,apnews.com,200,news,no,,,no
2025-12-15,who-will-be-the-next-prime-minister-of-israel-after-the-next-election,Who will be the next Prime Minister of Israel after the next election?,Israeli president delays decision on Netanyahuâs request to halt corruption trial,AP News,https://apnews.com/live/iran-war-israel-trump-04-26-2026-9f7bcaf20c42b5d3dba4b504936f7ee,apnews.com,404,dead link,yes,archived,real_dead_link,no
2025-12-15,brazil-presidential-election,Brazil Presidential Election,FlÃ¡vio Bolsonaro ramps up campaign after father returns to prison,AP News,https://apnews.com/article/brazil-bolsonaro-released-hospital-brasilia-f06831db24efea5780466055f4514544,apnews.com,200,news,no,,,no
2025-12-15,will-russia-capture-kostyantynivka-by,Will Russia capture Kostyantynivka by...?,Progress in peace negotiations raises hopes but territorial disputes persist,AP News,https://apnews.com/article/russia-ukraine-war-peace-talks-abu-dhabi-kremlin-a3f9444e6672f941676d095d63fc42e2,apnews.com,200,news,no,,,no
2025-12-15,which-party-will-win-the-senate-in-2026,Which party will win the Senate in 2026?,Republican National Committee reports fundraising advantage over Democrats ahead of midterms,AP News,https://apnews.com/article/elections-house-senate-congress-midterms-trump-387549d4d5e682cf8ce8205d96d07ca7,apnews.com,200,news,no,,,no
2025-12-15,which-party-will-win-the-senate-in-2026,Which party will win the Senate in 2026?,Democrat Taylor Rehmet flips Republican Texas state Senate district in special election,AP News,https://apnews.com/article/texas-state-senate-democrat-taylor-rehmet-c8cb6685c49696b8a607a8f93111ae2e,apnews.com,200,news,no,,,no
2025-12-15,nobel-peace-prize-winner-2026-139,Nobel Peace Prize Winner 2026,Trump inaugurates Board of Peace at Davos to oversee Gaza ceasefire,AP News,https://apnews.com/article/trump-davos-peace-board-zelenskyy-gaza-f3b265cff4032d51cb5f14bc1cd2d2a3,apnews.com,200,news,no,,,no
2025-12-15,balance-of-power-2026-midterms,Balance of Power: 2026 Midterms,"Rep. Doug LaMalfa dies, trimming GOP House margin",AP News,https://apnews.com/article/rep-doug-lamalfa-dies-california-house-304d9772c6e2d11f03109e2dae1eeb9b,apnews.com,404,dead link,yes,archived,real_dead_link,no
2025-12-15,los-angeles-mayoral-election-117,Los Angeles Mayoral Election,"Spencer Prattâs home destroyed in Palisades fire, boosting his campaign visibility",AP News,https://apnews.com/article/los-angeles-mayor-spencer-pratt-wildfire-karen-bass-abd94ee1a9fd9c2b41efa2008bcc5ea9,apnews.com,200,news,no,,,no
2025-12-15,netanyahu-out-before-2027,Netanyahu out by...?,Israel launches large-scale operation to locate last hostage in Gaza,AP News,https://apnews.com/article/gaza-israel-hamas-palestinians-hostage-gvili-d57a28eb5371785588d4b955f9dd2a46,apnews.com,200,news,no,,,no
2025-12-15,what-will-happen-before-gta-vi,What will happen before GTA VI?,OpenAI announces plan to introduce ads in ChatGPT,AP News,https://apnews.com/article/chatgpt-ads-openai-advertising-83812a066375a805fa2e29b28fc77da1,apnews.com,200,news,no,,,no
2025-12-15,what-will-happen-before-gta-vi,What will happen before GTA VI?,US announces record-breaking arms sales to Taiwan,AP News,https://apnews.com/article/trump-taiwan-arms-sales-china-2743b66e3a4e47a895e731568cef9008,apnews.com,200,news,no,,,no
2025-12-15,california-governor-election-2026,California Governor Election Winner,Steve Hilton receives endorsement from Donald Trump,AP News,https://apnews.com/article/steve-hilton-california-governor-newsom-11c0ec5b378e8b2792721c2ff7597499,apnews.com,200,news,no,,,no
2025-12-15,california-governor-election-2026,California Governor Election Winner,Matt Mahan announces gubernatorial bid in San Jose,AP News,https://apnews.com/article/california-governor-race-matt-mahan-219b8085a1f1f6400f6f0f13707274b4,apnews.com,200,news,no,,,no
2025-12-15,california-governor-election-2026,California Governor Election Winner,Billionaire Tom Steyer launches $115â¯million ad blitz in California governor race,AP News,https://apnews.com/article/california-governor-democrats-tom-steyer-1de30f4501b91c3bc9969c54aa13c19d,apnews.com,200,news,no,,,no
2025-12-15,who-will-close-warner-bros-acquisition,Who will close Warner Bros. acquisition?,Paramount launches hostile $77.9 billion takeover bid for Warner Bros. Discovery,AP News,https://apnews.com/article/paramount-warner-bros-discovery-netflix-trump-347540ae7a4f83fced833fe882f25680,apnews.com,200,news,no,,,no
2025-12-15,brazil-presidential-election,Brazil Presidential Election,Flávio Bolsonaro ramps up campaign after father returns to prison,AP News,https://apnews.com/article/brazil-bolsonaro-released-hospital-brasilia-f06831db24efea5780466055f4514544,apnews.com,200,news,no,,,no
2025-12-15,fed-decision-in-june-825,Fed Decision in June?,Federal Reserve officials signal possible rate cut in December meeting,AP News,https://apnews.com/article/inflation-federal-reserve-economy-3c48a2e88f04b70e993020712c8684b2,apnews.com,200,news,no,,,no
2025-12-15,ky-04-republican-primary-winner,KY-04 Republican Primary Winner,Donald Trump endorses Rep. Thomas Massie in Kentucky primary,AP News,https://apnews.com/article/trump-massie-congressional-campaign-b23bd6b1644263ebe9b36a232736d441,apnews.com,200,news,no,,,no
2025-12-15,starmer-out-in-2025,Starmer out by...?,Starmer defuses Mandelson‑veting controversy in Parliament,AP News,https://apnews.com/article/keir-starmer-mandelson-epstein-ambassador-trump-35c2c302e7370efcd0098b5b9419c72e,apnews.com,200,news,no,,,no
2025-12-15,will-any-country-leave-nato-in-2025,Will any country leave NATO by...?,UK Prime Minister Keir Starmer condemns Trumpâs NATO remarks on Afghanistan,AP News,https://apnews.com/article/trump-nato-uk-afghanistan-denmark-greenland-f5975e87928696edf41085821f7d0b01,apnews.com,200,news,no,,,no
2025-12-15,what-will-fed-rate-hit-before-2027,What will Fed Rate hit before 2027?,Supreme Court hears arguments on Trumpâs attempt to fire Fed governor Lisa Cook,AP News,https://apnews.com/article/supreme-court-trump-federal-reserve-cook-5ec0745169bf2fdb123d0fb16c8d6967,apnews.com,200,news,no,,,no
2025-12-15,what-will-fed-rate-hit-before-2027,What will Fed Rate hit before 2027?,Fed minutes reveal split over further cuts,AP News,https://apnews.com/article/inflation-federal-reserve-jobs-3c48a2e88f04b70e993020712c8684b2,apnews.com,200,news,no,,,no
2025-12-16,presidential-election-winner-2028,Presidential Election Winner 2028,Supreme Court hears case on political spending limits involving JD Vance,AP News,https://apnews.com/article/supreme-court-campaign-finance-republican-spending-0381e78b1e8a8da0e49f5b55b543894e,apnews.com,200,news,no,,,no
2025-12-16,republican-nominee-for-florida-governor,Florida Governor Republican Primary Winner,Lt. Gov. Jay Collins announces run for governor,AP News,https://apnews.com/article/florida-governor-election-jay-collins-f415821faf07ed57f26e744133686ef0,apnews.com,200,news,no,,,no
2025-12-16,nobel-peace-prize-winner-2026-139,Nobel Peace Prize Winner 2026,Trump gives a partisan primeâtime address insisting the economy is stronger than many voters feel,AP News,https://apnews.com/article/trump-address-economy-popularity-midterms-65d3b79a613cfb778432bcc719a313ab,apnews.com,200,news,no,,,no
2025-12-16,netanyahu-out-before-2027,Netanyahu out by...?,Netanyahu approves $35 billion natural gas export deal to Egypt,AP News,https://apnews.com/article/israel-gas-leviathan-chevron-egypt-9d7e816ae59b18f5d5cb78aadc3083e1,apnews.com,200,news,no,,,no
2025-12-16,what-will-happen-before-gta-vi,What will happen before GTA VI?,China stages large-scale military drills around Taiwan,AP News,https://apnews.com/article/china-taiwan-military-drills-japamn-37e2c674923fde3cb6b1a741c3e3fe0f,apnews.com,200,news,no,,,no
2025-12-16,texas-republican-senate-primary-winner,Texas Republican Senate Primary Winner,Federal judge blocks Ken Paxton’s attempt to shut down Latino voting group,AP News,https://apnews.com/article/ken-paxton-robert-pitman-lawsuits-general-news-texas-cca420037922b2a8ad7b2ad6315c50e7,apnews.com,200,news,no,,,no
2025-12-16,texas-republican-senate-primary-winner,Texas Republican Senate Primary Winner,Federal judge blocks Ken Paxton’s attempt to shut down Latino voting group,AP News,https://apnews.com/article/ken-paxton-robert-pitman-lawsuits-general-news-texas-cca420037922b2a8ad7b2ad6315c50e7,apnews.com,200,news,no,,,no
2025-12-17,which-party-will-win-the-senate-in-2026,Which party will win the Senate in 2026?,RNC fundraising outpaces DNC as 2025 yearâend filings show $100â¯million gap,AP News,https://apnews.com/article/elections-house-senate-congress-midterms-trump-387549d4d5e682cf8ce8205d96d07ca7,apnews.com,200,news,no,,,no
2025-12-17,nobel-peace-prize-winner-2026-139,Nobel Peace Prize Winner 2026,"Trump announces $1,776 military bonus in White House speech",AP News,https://apnews.com/live/donald-trump-news-updates-2-2-2026,apnews.com,200,news,no,,,no
2025-12-17,starmer-out-in-2025,Starmer out by...?,UK police open criminal investigation into Peter Mandelson,AP News,https://apnews.com/article/uk-peter-mandelson-jeffrey-epstein-allegations-police-bd7d7f9831ad1eeaee4e5c7a951f2aeb,apnews.com,200,news,no,,,no
2025-12-18,will-russia-capture-kostyantynivka-by,Will Russia capture Kostyantynivka by...?,"Poland deploys 10,000 troops after sabotage attacks blamed on Russia",AP News,https://apnews.com/article/russia-ukraine-war-europe-sabotage-2025-12-18,apnews.com,404,dead link,yes,archived,real_dead_link,no
2025-12-18,texas-republican-senate-primary-winner,Texas Republican Senate Primary Winner,John Cornyn ramps up TV advertising against primary rivals,AP News,https://apnews.com/article/texas-senate-republicans-cornyn-paxton-hunt-01f1ffaf8a890e3017af407abe502e8f,apnews.com,200,news,no,,,no
2025-12-18,fed-decision-in-june-825,Fed Decision in June?,Fed Chair Powell condemns DOJ subpoenas as political pretexts,AP News,https://apnews.com/article/federal-reserve-trump-subpoena-bf4fc6c690fa248fbc531bc9bc7f1758,apnews.com,200,news,no,,,no
2025-12-18,ky-04-republican-primary-winner,KY-04 Republican Primary Winner,Ed Gallrein gains endorsement from Kentucky GOP chair,AP News,https://apnews.com/article/kentucky-gop-chair-endorses-gallrein-2025-12-18,apnews.com,404,dead link,yes,archived,real_dead_link,no
2025-12-18,ky-04-republican-primary-winner,KY-04 Republican Primary Winner,Massie co‑authors Epstein Files Transparency Act,AP News,https://apnews.com/article/epstein-files-transparency-act-massie,apnews.com,404,dead link,yes,archived,real_dead_link,no
2025-12-18,texas-republican-senate-primary-winner,Texas Republican Senate Primary Winner,John Cornyn ramps up TV advertising against primary rivals,AP News,https://apnews.com/article/texas-senate-republicans-cornyn-paxton-hunt-01f1ffaf8a890e3017af407abe502e8f,apnews.com,200,news,no,,,no
2025-12-18,will-any-country-leave-nato-in-2025,Will any country leave NATO by...?,"Trump threatens to seize Greenland, straining NATO relations",AP News,https://apnews.com/article/nato-greenland-trump-russia-deterrence-threat-07d6c18ed968c25736eca2c25d935edb,apnews.com,200,news,no,,,no
2025-12-19,texas-republican-senate-primary-winner,Texas Republican Senate Primary Winner,Texas Children’s Hospital settles with Ken Paxton over gender care lawsuit,AP News,https://apnews.com/article/genderaffirming-care-minors-texas-hospital-29f0f2d157395cb6a70f53ba29c36b5b,apnews.com,200,news,no,,,no
2025-12-19,texas-republican-senate-primary-winner,Texas Republican Senate Primary Winner,Texas Children’s Hospital settles with Ken Paxton over gender care lawsuit,AP News,https://apnews.com/article/genderaffirming-care-minors-texas-hospital-29f0f2d157395cb6a70f53ba29c36b5b,apnews.com,200,news,no,,,no
2025-12-20,presidential-election-winner-2028,Presidential Election Winner 2028,Gov. Newsom unveils $200â¯M instant EV rebate plan,AP News,https://apnews.com/article/gavin-newsom-electric-vehicles-donald-trump-donald-trump-es-california-8e2a8d5c4de98e2781f0bf55985f1d5e,apnews.com,200,news,no,,,no
2025-12-20,presidential-election-winner-2028,Presidential Election Winner 2028,Vance and Rubio to lead U.S. delegation at 2026 Winter Olympics opening ceremony,AP News,https://apnews.com/article/us-delegation-winter-olympics-vance-rubio-italy-4cda5924bd4bec7732c065e2a170cbaf,apnews.com,200,news,no,,,no
2025-12-20,republican-presidential-nominee-2028,Republican Presidential Nominee 2028,Vance says Insurrection Act not needed in Minneapolis amid immigration crackdown,AP News,https://apnews.com/live/donald-trump-news-updates-1-22-2026,apnews.com,200,news,no,,,no
2025-12-20,brazil-presidential-election,Brazil Presidential Election,Michelle Bolsonaroâs public support drops after husbandâs surgery,AP News,https://apnews.com/article/brazil-bolsonaro-released-hospital-brasilia-f06831db24efea5780466055f4514544,apnews.com,200,news,no,,,no
2025-12-20,brazil-presidential-election,Brazil Presidential Election,Jair Bolsonaro undergoes double hernia surgery and returns to prison,AP News,https://apnews.com/article/brazil-bolsonaro-released-hospital-brasilia-f06831db24efea5780466055f4514544,apnews.com,200,news,no,,,no
2025-12-20,will-russia-capture-kostyantynivka-by,Will Russia capture Kostyantynivka by...?,Russia announces Oreshnik nuclearâcapable missiles entered active service in Belarus,AP News,https://apnews.com/article/russia-ukraine-war-oreshnik-missile-6909901499c9f45b4b89dad167becda8,apnews.com,200,news,no,,,no
2025-12-20,which-party-will-win-the-house-in-2026,Which party will win the House in 2026?,"Democrat Renee Hardman wins Iowa state Senate special election, signaling Democratic momentum",AP News,https://apnews.com/article/iowa-special-election-state-senate-supermajority-32ecda723de7a58d0da7d1d701dbc980,apnews.com,200,news,no,,,no
2025-12-20,which-party-will-win-the-house-in-2026,Which party will win the House in 2026?,Virginia Supreme Court overturns Democratic-favored congressional map,AP News,https://apnews.com/article/redistricting-alabama-virginia-louisiana-courts-2e109f6432ce02b2e9f0ec44dd1ebbbc,apnews.com,200,news,no,,,no
2025-12-20,republican-nominee-for-florida-governor,Florida Governor Republican Primary Winner,Governor Ron DeSantis declines to endorse any primary candidate,AP News,https://apnews.com/article/florida-governor-election-jay-collins-f415821faf07ed57f26e744133686ef0,apnews.com,200,news,no,,,no
2025-12-20,which-party-will-win-the-senate-in-2026,Which party will win the Senate in 2026?,President Trump endorses Kentucky GOP candidate Andy Barr for Senate,AP News,https://apnews.com/article/mcconnell-trump-barr-22cff179110a64691947a79f13e00c22,apnews.com,200,news,no,,,no
2025-12-20,nobel-peace-prize-winner-2026-139,Nobel Peace Prize Winner 2026,Machado expresses desire to share Nobel Peace Prize with Donald Trump,AP News,https://apnews.com/article/trump-machado-nobel-peace-prize-c7f47c161edc9b719dea3d0165f32a1f,apnews.com,200,news,no,,,no
2025-12-20,los-angeles-mayoral-election-117,Los Angeles Mayoral Election,"Nithya Raman announces late entry into mayoral race, challenging Bass",AP News,https://apnews.com/article/los-angeles-mayoral-election-karen-bass-2026-ab3d5a5e4393f63007576788bbd6ec0e,apnews.com,200,news,no,,,no
2025-12-20,california-governor-election-2026,California Governor Election Winner,Katie Porter announces candidacy for governor,AP News,https://apnews.com/article/california-governor-2026-katie-porter-kamala-harris-ad1fadd10a0f32ef36f75aa3f14c82d6,apnews.com,200,news,no,,,no
2025-12-20,california-governor-election-2026,California Governor Election Winner,Matt Mahan announces candidacy for governor,AP News,https://apnews.com/article/california-governor-race-matt-mahan-219b8085a1f1f6400f6f0f13707274b4,apnews.com,200,news,no,,,no
2025-12-20,california-governor-election-2026,California Governor Election Winner,Tom Steyer launches $115â¯million advertising blitz,AP News,https://apnews.com/article/california-governor-democrats-tom-steyer-1de30f4501b91c3bc9969c54aa13c19d,apnews.com,200,news,no,,,no
2025-12-20,texas-republican-senate-primary-winner,Texas Republican Senate Primary Winner,Ken Paxton announces settlement with Texas Children’s Hospital over gender care,AP News,https://apnews.com/article/genderaffirming-care-minors-texas-hospital-29f0f2d157395cb6a70f53ba29c36b5b,apnews.com,200,news,no,,,no
2025-12-20,brazil-presidential-election,Brazil Presidential Election,Jair Bolsonaro undergoes double hernia surgery and returns to prison,AP News,https://apnews.com/article/brazil-bolsonaro-released-hospital-brasilia-f06831db24efea5780466055f4514544,apnews.com,200,news,no,,,no
2025-12-20,colombia-presidential-election,Colombia Presidential Election,Paloma Valencia surges after strong debate performance,AP News,https://apnews.com/article/colombia-debate-paloma-valencia-2025,apnews.com,404,dead link,yes,archived,real_dead_link,no
2025-12-20,ky-04-republican-primary-winner,KY-04 Republican Primary Winner,Massie criticizes DOJ’s handling of Epstein files on X,AP News,https://apnews.com/article/epstein-files-massie-criticism-2025-12-20,apnews.com,404,dead link,yes,archived,real_dead_link,no
2025-12-20,texas-republican-senate-primary-winner,Texas Republican Senate Primary Winner,Ken Paxton announces settlement with Texas Children’s Hospital over gender care,AP News,https://apnews.com/article/genderaffirming-care-minors-texas-hospital-29f0f2d157395cb6a70f53ba29c36b5b,apnews.com,200,news,no,,,no
2025-12-20,will-any-country-leave-nato-in-2025,Will any country leave NATO by...?,NATO launches Arctic Sentry to coordinate HighâNorth security exercises,AP News,https://apnews.com/article/nato-arctic-sentry-greenland-trump-exercises-defense-35855929d7709c60e1192bb6778df712,apnews.com,200,news,no,,,no
2025-12-20,what-will-fed-rate-hit-before-2027,What will Fed Rate hit before 2027?,Justice Department ends criminal investigation of Fed Chair Powell,AP News,https://apnews.com/article/federal-reserve-investigation-powell-justice-department-28d04cc0d99cda25cea69931f65e25d3,apnews.com,200,news,no,,,no
2025-12-20,how-many-different-countries-will-israel-strike-in-2026,How many different countries will Israel strike in 2026?,"Israel strikes a Hezbollahârun health centre in Burj Qalaouiyah, Lebanon",AP News,https://apnews.com/article/lebanon-israel-iran-hezbollah-attacks-cf4ac34c7dff091543002400bbdf02cd,apnews.com,200,news,no,,,no
2025-12-21,who-will-be-the-next-prime-minister-of-israel-after-the-next-election,Who will be the next Prime Minister of Israel after the next election?,Netanyahu meets Trump in Washington to discuss Iran talks,AP News,https://apnews.com/article/iran-israel-netanyahu-trump-washington-aad9f0290212fad4e9f81576f99becf2,apnews.com,200,news,no,,,no
2025-12-21,netanyahu-out-before-2027,Netanyahu out by...?,Netanyahu approves $35 billion natural gas export deal to Egypt,AP News,https://apnews.com/article/israel-gas-leviathan-chevron-egypt-9d7e816ae59b18f5d5cb78aadc3083e1,apnews.com,200,news,no,,,no
2025-12-21,netanyahu-out-before-2027,Netanyahu out by...?,Netanyahu approves $35 billion natural gas export deal to Egypt,AP News,https://apnews.com/article/israel-gas-leviathan-chevron-egypt-9d7e816ae59b18f5d5cb78aadc3083e1,apnews.com,200,news,no,,,no
2025-12-21,starmer-out-in-2025,Starmer out by...?,Starmer's chief of staff resigns over Mandelson appointment advice,AP News,https://apnews.com/article/jeffrey-epstein-britain-keir-starmer-mandelson-c1e5c7654cc9bd48126b9ba3ea6996ef,apnews.com,200,news,no,,,no
2025-12-22,presidential-election-winner-2028,Presidential Election Winner 2028,"Man breaks windows at JDâ¯Vanceâs Ohio home, Secret Service detains suspect",Associated Press,https://apnews.com/article/vance-home-ohio-damaged-man-detained-c53c099124e36642e4dd4d86c38cf33f,apnews.com,200,news,no,,,no
2025-12-22,republican-presidential-nominee-2028,Republican Presidential Nominee 2028,Erika Kirk endorses JD Vance at Turning Point USA AmericaFest,AP News,https://apnews.com/article/turning-point-charlie-kirk-vance-republicans-2028-e28a332d7f55eb44346ef9d47e8906e4,apnews.com,200,news,no,,,no
2025-12-22,which-party-will-win-the-house-in-2026,Which party will win the House in 2026?,"Virginia Supreme Court strikes down Democratic redistricting plan, aiding Republicans",AP News,https://apnews.com/article/redistricting-virginia-congress-democrats-republicans-12a31037f3c9a94d3cb9fbcaaf84d94f,apnews.com,200,news,no,,,no
2025-12-22,republican-nominee-for-florida-governor,Florida Governor Republican Primary Winner,Trump publicly praises Byron Donalds as preferred Florida governor candidate,AP News,https://apnews.com/article/trump-endorses-donalds-florida-governor,apnews.com,404,dead link,yes,archived,real_dead_link,no
2025-12-22,texas-republican-senate-primary-winner,Texas Republican Senate Primary Winner,Texas Comptroller requests Paxton's opinion on excluding schools from voucher program,AP News,https://apnews.com/article/texas-school-vouchers-islamic-4e729012ccf7f028d0eba0722a1c67e9,apnews.com,200,news,no,,,no
2025-12-22,texas-republican-senate-primary-winner,Texas Republican Senate Primary Winner,Ken Paxton issues opinion allowing exclusion of certain schools from Texas voucher program,AP News,https://apnews.com/article/texas-school-vouchers-opinion-terrorists-ken-paxton/,apnews.com,404,dead link,yes,archived,real_dead_link,no
2025-12-23,which-party-will-win-the-house-in-2026,Which party will win the House in 2026?,Virginia Supreme Court strikes down Democratic congressional redistricting plan,AP News,https://apnews.com/article/redistricting-virginia-congress-democrats-republicans-12a31037f3c9a94d3cb9fbcaaf84d94f,apnews.com,200,news,no,,,no
2025-12-23,which-party-will-win-the-senate-in-2026,Which party will win the Senate in 2026?,Rep. Harriet Hageman announces Senate run in Wyoming with Trump endorsement,AP News,https://apnews.com/article/house-retirements-midterms-f638d386d4d1342e3a9671642dd883f6,apnews.com,200,news,no,,,no
2025-12-23,harvey-weinstein-prison-time,Harvey Weinstein prison time?,Prosecutors say they will review next steps after Weinsteinâmistrial,AP News,https://apnews.com/article/harvey-weinstein-retrial-1e349d8f9d4a1ef1f3ba75e13874fc2b,apnews.com,404,dead link,yes,error:TimeoutError,dead_unknown,unknown
2025-12-23,how-many-different-countries-will-israel-strike-in-2026,How many different countries will Israel strike in 2026?,"Israel launches strikes in Gaza testing ceasefire, killing 24",AP News,https://apnews.com/article/gaza-israel-palestinians-hamas-war-news-535e21d36eea41fb9bba645ee7db014c,apnews.com,200,news,no,,,no
2025-12-24,netanyahu-out-before-2027,Netanyahu out by...?,Netanyahu urges calm after ultra-Orthodox teen killed during protest,AP News,https://apnews.com/article/ultra-orthodox-israel-netanyahu-draft-law-protest-5e91c26f2c033b41305a3ff8db6aff95,apnews.com,200,news,no,,,no
2025-12-24,starmer-out-in-2025,Starmer out by...?,Starmer announces investigation into Mandelson‑Epstein files,AP News,https://apnews.com/article/uk-starmer-peter-mandelson-epstein-ea1e52adb8399eb97825f5c34b3c7343,apnews.com,200,news,no,,,no
2025-12-24,will-any-country-leave-nato-in-2025,Will any country leave NATO by...?,NATO Secretary-General Rutte brokers deal to ease Greenland dispute,AP News,https://apnews.com/article/rutte-nato-trump-greenland-aaeec48ee94881ffd838a66d85e92c2e,apnews.com,200,news,no,,,no
2025-12-25,brazil-presidential-election,Brazil Presidential Election,Flávio Bolsonaro announced as presidential candidate by his father Jair Bolsonaro,AP News,https://apnews.com/article/brazil-bolsonaro-released-hospital-brasilia-f06831db24efea5780466055f4514544,apnews.com,200,news,no,,,no
2025-12-26,brazil-presidential-election,Brazil Presidential Election,FlÃ¡vio Bolsonaro's presidential candidacy gains momentum in polls,AP News,https://apnews.com/article/brazil-bolsonaro-succession-senator-flavio-bolsonaro-4e2023374e4f4c186477562d6e6d6bfc,apnews.com,200,news,no,,,no
2025-12-26,brazil-presidential-election,Brazil Presidential Election,Jair Bolsonaro undergoes double hernia surgery in prison hospital,AP News,https://apnews.com/article/brazil-bolsonaro-hernia-surgery-prison-cf213deef6fdd4c15d903e47bae2c6ba,apnews.com,200,news,no,,,no
2025-12-26,nobel-peace-prize-winner-2026-139,Nobel Peace Prize Winner 2026,Machado presents Nobel Peace Prize medal to Trump at White House,AP News,https://apnews.com/article/trump-machado-venezuela-maduro-nobel-peace-prize-ed23992bccabf128b7e849259d3c29a8,apnews.com,200,news,no,,,no
2025-12-26,nobel-peace-prize-winner-2026-139,Nobel Peace Prize Winner 2026,Norwegian Nobel Committee awards 2025 Nobel Peace Prize to MarÃ­a Corina Machado,AP News,https://apnews.com/article/venezuela-spain-trump-maduro-machado-nobel-sanchez-4819d547e7f3ff9a86228d0e457e92be,apnews.com,200,news,no,,,no
2025-12-26,brazil-presidential-election,Brazil Presidential Election,Flávio Bolsonaro's presidential candidacy gains momentum in polls,AP News,https://apnews.com/article/brazil-bolsonaro-succession-senator-flavio-bolsonaro-4e2023374e4f4c186477562d6e6d6bfc,apnews.com,200,news,no,,,no
2025-12-27,who-will-be-the-next-prime-minister-of-israel-after-the-next-election,Who will be the next Prime Minister of Israel after the next election?,New West Bank settlement inaugurated amid farâright coalition support,AP News,https://apnews.com/article/israel-settlers-west-bank-ad62cc10b512a607aee77cc91873519f,apnews.com,200,news,no,,,no
2025-12-27,which-party-will-win-the-house-in-2026,Which party will win the House in 2026?,"Democrat Renee Hardman wins Iowa state Senate special election, blocking GOP supermajority",AP News,https://apnews.com/article/iowa-special-election-state-senate-supermajority-32ecda723de7a58d0da7d1d701dbc980,apnews.com,200,news,no,,,no
2025-12-27,nobel-peace-prize-winner-2026-139,Nobel Peace Prize Winner 2026,Venezuelan opposition leader MarÃ­a Corina Machado awarded 2025 Nobel Peace Prize,AP News,https://apnews.com/article/venezuela-spain-trump-maduro-machado-nobel-sanchez-4819d547e7f3ff9a86228d0e457e92be,apnews.com,200,news,no,,,no
2025-12-27,ky-04-republican-primary-winner,KY-04 Republican Primary Winner,"Ed Gallrein’s campaign finances disclosed, showing limited fundraising",AP News,https://apnews.com/article/kentucky-candidate-finances-2025-12-27,apnews.com,404,dead link,yes,archived,real_dead_link,no
2025-12-28,los-angeles-mayoral-election-117,Los Angeles Mayoral Election,Adam Miller launches campaign with techâentrepreneur platform,AP News,https://apnews.com/article/los-angeles-mayoral-election-karen-bass-2026-ab3d5a5e4393f63007576788bbd6ec0e,apnews.com,200,news,no,,,no
2025-12-28,netanyahu-out-before-2027,Netanyahu out by...?,UNRWA compound forcibly entered by Israeli police in Jerusalem,AP News,https://apnews.com/article/mideast-israel-jerusalem-palestine-un-06318427dacdfa61c9b9990c0d088bdb,apnews.com,200,news,no,,,no
2025-12-28,california-governor-election-2026,California Governor Election Winner,Chad Bianco seizes halfâmillion ballots in special election,AP News,https://apnews.com/article/california-governor-race-riverside-county-sheriff-9f251ca0f09a16344ae3902c7ffe009e,apnews.com,200,news,no,,,no
2025-12-28,what-will-fed-rate-hit-before-2027,What will Fed Rate hit before 2027?,Core CPI rises to 2.8% in November,AP News,https://apnews.com/article/inflation-economy-consumers-ac538fd750b4622ee7fa439ef8021783,apnews.com,200,news,no,,,no
2025-12-28,what-will-fed-rate-hit-before-2027,What will Fed Rate hit before 2027?,Fed announces quarterâpoint rate cut to 3.6% at December meeting,AP News,https://apnews.com/article/inflation-federal-reserve-jobs-3c48a2e88f04b70e993020712c8684b2,apnews.com,200,news,no,,,no
2025-12-29,which-party-will-win-the-house-in-2026,Which party will win the House in 2026?,Republican National Committee outpaces Democrats in fundraising ahead of midterms,AP News,https://apnews.com/article/elections-house-senate-congress-midterms-trump-387549d4d5e682cf8ce8205d96d07ca7,apnews.com,200,news,no,,,no
2025-12-29,balance-of-power-2026-midterms,Balance of Power: 2026 Midterms,Republican National Committee reports fundraising lead over Democrats,AP News,https://apnews.com/article/elections-house-senate-congress-midterms-trump-387549d4d5e682cf8ce8205d96d07ca7,apnews.com,200,news,no,,,no
2025-12-29,will-any-country-leave-nato-in-2025,Will any country leave NATO by...?,Trump drops Greenland tariff threat after Rutte mediation,AP News,https://apnews.com/article/trump-tariff-drop-rutte-2025-12-29,apnews.com,404,dead link,yes,archived,real_dead_link,no
2025-12-30,brazil-presidential-election,Brazil Presidential Election,Renan Santosâ poll share collapses after poor debate performance,AP News,https://apnews.com/article/brazil-polls-debate-2025-12-30,apnews.com,404,dead link,yes,archived,real_dead_link,no
2025-12-30,which-party-will-win-the-house-in-2026,Which party will win the House in 2026?,Trump meets with House Republicans to discuss election-year agenda,AP News,https://apnews.com/article/trump-house-republicans-meeting-kennedy-center-ad8705ea228a8a4591567fb51f87edb3,apnews.com,200,news,no,,,no
2025-12-30,which-party-will-win-the-house-in-2026,Which party will win the House in 2026?,"House passes bill extending health care subsidies, defying GOP leaders",AP News,https://apnews.com/article/house-democrats-republicans-vote-health-care-subsidies-7d69148c6619a190f8d4abb85a7344b8,apnews.com,200,news,no,,,no
2025-12-30,which-party-will-win-the-senate-in-2026,Which party will win the Senate in 2026?,Florida Democratic state Rep. Angie Nixon announces Senate challenge to GOP Ashley Moody,AP News,https://apnews.com/article/florida-senate-moody-nixon-midterm-election-205977f662e883931aa411faa5ddbff2,apnews.com,200,news,no,,,no
2025-12-30,nobel-peace-prize-winner-2026-139,Nobel Peace Prize Winner 2026,Trump ties Greenland stance to Nobel Peace Prize snub and unveils 10â¯% tariff on Denmarkâlinked goods,AP News,https://apnews.com/article/greenland-denmark-us-trump-starmer-9b01eb577363ee6e913722fe3d40d68e,apnews.com,200,news,no,,,no
2025-12-30,who-will-close-warner-bros-acquisition,Who will close Warner Bros. acquisition?,Paramount extends tender offer deadline to Janâ¯21,AP News,https://apnews.com/article/warner-discovery-paramount-skyndance-netflix-53ae3320db39c1abb2343d835ccd813a,apnews.com,200,news,no,,,no
2025-12-30,colombia-presidential-election,Colombia Presidential Election,Miguel Uribe Londoño announces presidential bid after son's assassination,AP News,https://apnews.com/article/colombia-presidential-miguel-uribe-londono-3e0224f23b62e2f9fecf0dee002c7684,apnews.com,200,news,no,,,no
2025-12-30,ky-04-republican-primary-winner,KY-04 Republican Primary Winner,Ed Gallrein announces withdrawal from Kentucky GOP primary race,AP News,https://apnews.com/article/kentucky-gallrein-withdraws-primary-2025,apnews.com,404,dead link,yes,archived,real_dead_link,no
2025-12-30,ky-04-republican-primary-winner,KY-04 Republican Primary Winner,Massie’s request for a neutral expert to oversee Epstein files denied by judge,AP News,https://apnews.com/article/epstein-congress-neutral-expert-dfff6c2f06162a4a7a637fe22c4e2dc1,apnews.com,200,news,no,,,no
2025-12-30,how-many-different-countries-will-israel-strike-in-2026,How many different countries will Israel strike in 2026?,Israel announces temporary ceasefire on Lebanon front after U.N. pressure,AP News,https://apnews.com/article/lebanon-israel-hezbollah-disarmament-litani-army-tunnels-0609615ca1f875a59bdece3581b68f06,apnews.com,200,news,no,,,no
2025-12-31,democratic-presidential-nominee-2028,Democratic Presidential Nominee 2028,Ethics watchdog questions intern hire by chief of staff to Georgia Senate candidate Mike Collins,AP News,https://apnews.com/article/georgia-congress-ethics-mike-collins-brandon-phillips-631e2b411ce4dec504ad081b789f0b02,apnews.com,200,news,no,,,no
2025-12-31,republican-presidential-nominee-2028,Republican Presidential Nominee 2028,Man breaks windows at JD Vanceâs Ohio home and is detained,AP News,https://apnews.com/article/vance-home-ohio-damaged-man-detained-c53c099124e36642e4dd4d86c38cf33f,apnews.com,200,news,no,,,no
2025-12-31,brazil-presidential-election,Brazil Presidential Election,Bolsonaro returns to jail after hernia surgery in Brasilia,AP News,https://apnews.com/article/brazil-bolsonaro-released-hospital-brasilia-f06831db24efea5780466055f4514544,apnews.com,200,news,no,,,no
2025-12-31,will-the-us-confirm-that-aliens-exist-before-2027,Will the US confirm that aliens exist by...?,White House press secretary reiterates no official confirmation of alien life,AP News,https://apnews.com/article/trump-ufos-uap-aliens-pentagon-records-investigation-a46e3de873e25fe2222de040a8e0242b,apnews.com,200,news,no,,,no
2025-12-31,which-party-will-win-the-house-in-2026,Which party will win the House in 2026?,Republican National Committee reports fundraising advantage over Democrats ahead of midterms,AP News,https://apnews.com/article/elections-house-senate-congress-midterms-trump-387549d4d5e682cf8ce8205d96d07ca7,apnews.com,200,news,no,,,no
2025-12-31,which-party-will-win-the-senate-in-2026,Which party will win the Senate in 2026?,"Democrat Renee Hardman wins Iowa state Senate special election, blocking GOP supermajority",AP News,https://apnews.com/article/iowa-special-election-state-senate-supermajority-32ecda723de7a58d0da7d1d701dbc980,apnews.com,200,news,no,,,no
2025-12-31,which-party-will-win-the-senate-in-2026,Which party will win the Senate in 2026?,Republican National Committee outpaces Democrats in fundraising ahead of midterms,AP News,https://apnews.com/article/elections-house-senate-congress-midterms-trump-387549d4d5e682cf8ce8205d96d07ca7,apnews.com,200,news,no,,,no
2025-12-31,balance-of-power-2026-midterms,Balance of Power: 2026 Midterms,Republican National Committee reports fundraising advantage over Democrats,AP News,https://apnews.com/article/elections-house-senate-congress-midterms-trump-387549d4d5e682cf8ce8205d96d07ca7,apnews.com,200,news,no,,,no
2025-12-31,balance-of-power-2026-midterms,Balance of Power: 2026 Midterms,"Democrat Renee Hardman wins Iowa state Senate special election, blocking GOP supermajority",AP News,https://apnews.com/article/iowa-special-election-state-senate-supermajority-32ecda723de7a58d0da7d1d701dbc980,apnews.com,200,news,no,,,no
2025-12-31,balance-of-power-2026-midterms,Balance of Power: 2026 Midterms,Republican National Committee outpaces Democrats in fundraising ahead of midterms,AP News,https://apnews.com/article/elections-house-senate-congress-midterms-trump-387549d4d5e682cf8ce8205d96d07ca7,apnews.com,200,news,no,,,no
2025-12-31,balance-of-power-2026-midterms,Balance of Power: 2026 Midterms,Republican National Committee outpaces Democrats in 2025 fundraising,AP News,https://apnews.com/article/elections-house-senate-congress-midterms-trump-387549d4d5e682cf8ce8205d96d07ca7,apnews.com,200,news,no,,,no
2025-12-31,netanyahu-out-before-2027,Netanyahu out by...?,US envoys urge Netanyahu to advance Gaza ceasefire second phase,AP News,https://apnews.com/article/israel-gaza-war-trump-news-01-24-2026-90e36ca7d2e27ca8a21d1727e9e0119f,apnews.com,200,news,no,,,no
2025-12-31,texas-republican-senate-primary-winner,Texas Republican Senate Primary Winner,John Cornyn wins $10 million donation from Texas GOP donors,AP News,https://apnews.com/article/elections-house-senate-congress-midterms-387549d4d5e682cf8ce8205d96d07ca7,apnews.com,200,news,no,,,no
2025-12-31,brazil-presidential-election,Brazil Presidential Election,Bolsonaro returns to jail after hernia surgery in Brasilia,AP News,https://apnews.com/article/brazil-bolsonaro-released-hospital-brasilia-f06831db24efea5780466055f4514544,apnews.com,200,news,no,,,no
2025-12-31,texas-republican-senate-primary-winner,Texas Republican Senate Primary Winner,Paxton releases new campaign ad featuring Trump footage,AP News,https://apnews.com/article/texas-senate-ken-paxton-cornyn-fe2787bbac917c5cb22918ac1e34c458,apnews.com,200,news,no,,,no
2025-12-31,texas-republican-senate-primary-winner,Texas Republican Senate Primary Winner,John Cornyn wins $10 million donation from Texas GOP donors,AP News,https://apnews.com/article/elections-house-senate-congress-midterms-387549d4d5e682cf8ce8205d96d07ca7,apnews.com,200,news,no,,,no
2025-12-31,ukraine-election-called-in-2025,Ukraine election called by...?,No Ukrainian election date announced by year-end amid ongoing conflict,AP News,https://apnews.com/hub/russia-ukraine,apnews.com,200,news,no,,,no
2025-12-31,what-will-fed-rate-hit-before-2027,What will Fed Rate hit before 2027?,"Fed cuts rates for the third time in 2025, lowering the target to about 3.6%",AP News,https://apnews.com/article/inflation-federal-reserve-jobs-economy-3c48a2e88f04b70e993020712c8684b2,apnews.com,200,news,no,,,no
2025-12-31,what-will-fed-rate-hit-before-2027,What will Fed Rate hit before 2027?,Federal government shutdown delays data releases,AP News,https://apnews.com/article/inflation-economy-consumers-ac538fd750b4622ee7fa439ef8021783,apnews.com,200,news,no,,,no
2026-01-01,next-french-presidential-election,Next French Presidential Election,Jordan Bardella distances himself from Trump over Greenland tariff dispute,AP News,https://apnews.com/article/trump-greenland-europe-far-right-maga-c6b44e151d81e990129c2d58ab0ee192,apnews.com,200,news,no,,,no
2026-01-01,which-party-will-win-the-house-in-2026,Which party will win the House in 2026?,Supreme Court allows new California congressional map favoring Democrats,AP News,https://apnews.com/article/supreme-court-california-congressional-maps-8362a34b739ea91d37a190eee1b6a6d1,apnews.com,200,news,no,,,no
2026-01-02,presidential-election-winner-2028,Presidential Election Winner 2028,"Man breaks windows at JD Vanceâs Ohio home, Secret Service detains suspect",AP News,https://apnews.com/article/vance-home-ohio-damaged-man-detained-c53c099124e36642e4dd4d86c38cf33f,apnews.com,200,news,no,,,no
2026-01-02,which-party-will-win-the-house-in-2026,Which party will win the House in 2026?,House Republicans propose stricter voting laws ahead of midterms,AP News,https://apnews.com/article/midterms-voting-laws-photo-id-citizenship-republicans-feecb51a6efa41cf32d18fe4b15c08ce,apnews.com,200,news,no,,,no
2026-01-02,nobel-peace-prize-winner-2026-139,Nobel Peace Prize Winner 2026,ICJ issues surprise advisory opinion on major arms embargo,AP News,https://apnews.com/article/international-court-justice-advisory-opinion-2026-01-02,apnews.com,404,dead link,yes,archived,real_dead_link,no
2026-01-02,netanyahu-out-before-2027,Netanyahu out by...?,Netanyahu urges calm after ultra-Orthodox teen killed during protest,AP News,https://apnews.com/article/ultra-orthodox-israel-netanyahu-draft-law-protest-5e91c26f2c033b41305a3ff8db6aff95,apnews.com,200,news,no,,,no
2026-01-02,netanyahu-out-before-2027,Netanyahu out by...?,Netanyahu meets with US President Trump to discuss Iran talks,AP News,https://apnews.com/article/iran-israel-netanyahu-trump-washington-aad9f0290212fad4e9f81576f99becf2,apnews.com,200,news,no,,,no
2026-01-02,fed-decision-in-june-825,Fed Decision in June?,Wall Street opens 2026 with mixed outlook for Fed cuts,AP News,https://apnews.com/article/stocks-markets-baidu-trump-rates-491d6d4e0f3e4b3f8c0e48ae2b1455b3,apnews.com,200,news,no,,,no
2026-01-03,republican-presidential-nominee-2028,Republican Presidential Nominee 2028,US military operation captures Venezuelan President NicolÃ¡s Maduro,AP News,https://apnews.com/article/trump-maduro-venezuela-presidential-palace-blowtorches-7969152ae48510003fe9cbde92f3c102,apnews.com,200,news,no,,,no
2026-01-03,nobel-peace-prize-winner-2026-139,Nobel Peace Prize Winner 2026,"U.S. captures Venezuelan leader NicolÃ¡s Maduro, boosting Machado's profile",AP News,https://apnews.com/article/venezuela-maduro-trump-military-operation-85041a1ec03bafe839b785a95169d694,apnews.com,200,news,no,,,no
2026-01-03,nobel-peace-prize-winner-2026-139,Nobel Peace Prize Winner 2026,U.S. captures Venezuelan leader NicolÃ¡s Maduro; Trump backs acting president Delcy RodrÃ­guez,AP News,https://apnews.com/article/venezuela-maduro-trump-military-operation-85041a1ec03bafe839b785a95169d694,apnews.com,200,news,no,,,no
2026-01-03,nobel-peace-prize-winner-2026-139,Nobel Peace Prize Winner 2026,International Court of Justice issues emergency order on humanitarian aid corridor,AP News,https://apnews.com/article/international-court-justice-emergency-order-2026,apnews.com,404,dead link,yes,archived,real_dead_link,no
2026-01-03,netanyahu-out-before-2027,Netanyahu out by...?,Netanyahu urges calm after teen killed in ultraâOrthodox protest bus accident,AP News,https://apnews.com/article/ultra-orthodox-israel-netanyahu-draft-law-protest-5e91c26f2c033b41305a3ff8db6aff95,apnews.com,200,news,no,,,no
2026-01-03,netanyahu-out-before-2027,Netanyahu out by...?,Bus accident kills ultraâOrthodox teen during draft protest,AP News,https://apnews.com/article/ultra-orthodox-israel-netanyahu-draft-law-protest-5e91c26f2c033b41305a3ff8db6aff95,apnews.com,200,news,no,,,no
2026-01-03,texas-republican-senate-primary-winner,Texas Republican Senate Primary Winner,Paxton’s price spikes after releasing new ad featuring Trump endorsement rumors,AP News,https://apnews.com/article/ken-paxton-texas-senate-john-cornyn-60c34efe45143422c5f9ff84d27c1be1,apnews.com,200,news,no,,,no
2026-01-03,texas-republican-senate-primary-winner,Texas Republican Senate Primary Winner,Paxton’s price spikes after releasing new ad featuring Trump endorsement rumors,AP News,https://apnews.com/article/ken-paxton-texas-senate-john-cornyn-60c34efe45143422c5f9ff84d27c1be1,apnews.com,200,news,no,,,no
2026-01-04,democratic-presidential-nominee-2028,Democratic Presidential Nominee 2028,"Newsom delivers State of the State, touts education reforms",AP News,https://apnews.com/article/california-newsom-state-speech-address-381b1657bf97fe5dcd92a7c1fd2d651e,apnews.com,200,news,no,,,no
2026-01-04,netanyahu-out-before-2027,Netanyahu out by...?,UltraâOrthodox protest turns deadly as bus runs over teen,AP News,https://apnews.com/article/ultra-orthodox-israel-netanyahu-draft-law-protest-5e91c26f2c033b41305a3ff8db6aff95,apnews.com,200,news,no,,,no
2026-01-04,miguel-daz-canel-out-as-leader-of-cuba-by-june-30,Miguel Díaz-Canel out as leader of Cuba by...?,U.S. President Trump threatens tariffs on any country supplying oil to Cuba,AP News,https://apnews.com/article/cuba-trump-petroleo-presion-27772f8b8dc65a6b62baa919cdc41a4d,apnews.com,200,news,no,,,no
2026-01-05,democratic-presidential-nominee-2028,Democratic Presidential Nominee 2028,"Newsom delivers first inâperson State of the State in years, touts climate and homelessness agenda",AP News,https://apnews.com/article/california-newsom-state-speech-address-381b1657bf97fe5dcd92a7c1fd2d651e,apnews.com,200,news,no,,,no
2026-01-05,presidential-election-winner-2028,Presidential Election Winner 2028,Man arrested after vandalizing JD Vanceâs Ohio home,AP News,https://apnews.com/article/vance-home-ohio-damaged-man-detained-c53c099124e36642e4dd4d86c38cf33f,apnews.com,200,news,no,,,no
2026-01-05,republican-presidential-nominee-2028,Republican Presidential Nominee 2028,Man breaks windows at JD Vanceâs Ohio home and is detained by Secret Service,AP News,https://apnews.com/article/vance-home-ohio-damaged-man-detained-c53c099124e36642e4dd4d86c38cf33f,apnews.com,200,news,no,,,no
2026-01-05,brazil-presidential-election,Brazil Presidential Election,Finance Minister Fernando Haddad resigns to run for SÃ£o Paulo governor,AP News,https://apnews.com/article/brazil-economy-politics-finance-minister-war-fc397a97a74c8cf996152271bd77181c,apnews.com,200,news,no,,,no
2026-01-05,nobel-peace-prize-winner-2026-139,Nobel Peace Prize Winner 2026,"Trump hosts Zelenskyy at Mar-a-Lago, claims Ukraine-Russia peace closer than ever",AP News,https://apnews.com/article/trump-zelenskyy-russia-ukraine-war-florida-42c38dbb3eecc22dd80271d504308337,apnews.com,200,news,no,,,no
2026-01-05,where-will-zelenskyy-and-putin-meet-next,Where will Zelenskyy and Putin meet next before 2027?,Zelenskyy meets Trump in Florida to discuss Ukraine security guarantees,AP News,https://apnews.com/article/zelenskyy-trump-peace-talks-refinery-donbas-demilitarized-9e37a9612d73cab7d3e74060aac46a36,apnews.com,200,news,no,,,no
2026-01-05,miguel-daz-canel-out-as-leader-of-cuba-by-june-30,Miguel Díaz-Canel out as leader of Cuba by...?,Cuba holds mass demonstration against U.S. attack on Venezuela and demands Maduro's release,AP News,https://apnews.com/article/cuba-march-demonstration-killed-venezuela-us-trump-0b348a984cf70186e6b7a98e6ef5a427,apnews.com,200,news,no,,,no
2026-01-05,miguel-daz-canel-out-as-leader-of-cuba-by-june-30,Miguel Díaz-Canel out as leader of Cuba by...?,U.S. announces $6â¯million humanitarian aid for Cuba amid energy blockade claims,AP News,https://apnews.com/article/us-cuba-aid-melissa-trump-diaz-canel-636551892a2f59f43b657f1e71997b0b,apnews.com,200,news,no,,,no
2026-01-05,what-will-fed-rate-hit-before-2027,What will Fed Rate hit before 2027?,Trump nominates Kevin Warsh as Fed chair candidate,AP News,https://apnews.com/article/warsh-trump-federal-reserve-chair-6b4441263c1b7ecb40b96adf17adeea2,apnews.com,200,news,no,,,no
2026-01-06,presidential-election-winner-2028,Presidential Election Winner 2028,"Supreme Court hears case on political spending limits, Vance joins challenge",AP News,https://apnews.com/article/supreme-court-campaign-finance-republican-spending-limits-0381e78b1e8a8da0e49f5b55b543894e,apnews.com,200,news,no,,,no
2026-01-06,republican-presidential-nominee-2028,Republican Presidential Nominee 2028,Man arrested for vandalizing JD Vance's Ohio home with hammer,AP News,https://apnews.com/article/vance-home-ohio-damaged-man-detained-c53c099124e36642e4dd4d86c38cf33f,apnews.com,200,news,no,,,no
2026-01-06,republican-presidential-nominee-2028,Republican Presidential Nominee 2028,Trump administration conducts military operation capturing Venezuelan President NicolÃ¡s Maduro,AP News,https://apnews.com/article/venezuela-us-explosions-caracas-ca712a67aaefc30b1831f5bf0b50665e,apnews.com,200,news,no,,,no
2026-01-06,republican-nominee-for-florida-governor,Florida Governor Republican Primary Winner,Florida Lt. Gov. Jay Collins announces run for governor,AP News,https://apnews.com/article/florida-lt-gov-jay-collins-florida-governor-2026-403d203823e96de807f7a9fdce097fc6,apnews.com,200,news,no,,,no
2026-01-06,which-party-will-win-the-senate-in-2026,Which party will win the Senate in 2026?,Democrat Mary Peltola announces challenge to GOP Sen. Dan Sullivan in Alaska Senate race,AP News,https://apnews.com/article/alaska-senate-peltola-sullivan-3fd17afc556641652e83e9c11d700306,apnews.com,200,news,no,,,no
2026-01-06,balance-of-power-2026-midterms,Balance of Power: 2026 Midterms,Democrat Christian Menefee wins Texas House seat in special election,AP News,https://apnews.com/article/congress-special-election-houston-redistricting-59fe9c414540572bb783b5e98eb586e1,apnews.com,200,news,no,,,no
2026-01-06,miguel-daz-canel-out-as-leader-of-cuba-by-june-30,Miguel Díaz-Canel out as leader of Cuba by...?,U.S. announces $6 million aid to Cuba amid energy blockade accusations,AP News,https://apnews.com/article/us-cuba-aid-melissa-trump-diaz-canel-636551892a2f59f43b657f1e71997b0b,apnews.com,200,news,no,,,no
2026-01-06,who-will-close-warner-bros-acquisition,Who will close Warner Bros. acquisition?,Larry Ellison personally guarantees $40.4B in Paramount's hostile bid,AP News,https://apnews.com/article/paramount-skydance-netflix-ellison-warner-96bfd981b4595fbd50bf39979b6dbe53,apnews.com,200,news,no,,,no
2026-01-06,colombia-presidential-election,Colombia Presidential Election,Colombian President Gustavo Petro clashes with Trump over Venezuela policy,AP News,https://apnews.com/article/colombia-petro-trump-venezuela-maduro-eaf98a41ae427a2d218910606a6fa3e0,apnews.com,200,news,no,,,no
2026-01-07,republican-presidential-nominee-2028,Republican Presidential Nominee 2028,Man breaks windows at JD Vance's Ohio home and is detained by Secret Service,AP News,https://apnews.com/article/vance-home-ohio-damaged-man-detained-c53c099124e36642e4dd4d86c38cf33f,apnews.com,200,news,no,,,no
2026-01-07,who-will-be-the-next-prime-minister-of-israel-after-the-next-election,Who will be the next Prime Minister of Israel after the next election?,Netanyahu urges calm after ultra-Orthodox teen killed during protest,AP News,https://apnews.com/article/ultra-orthodox-israel-netanyahu-draft-law-protest-5e91c26f2c033b41305a3ff8db6aff95,apnews.com,200,news,no,,,no
2026-01-07,next-french-presidential-election,Next French Presidential Election,"Marine Le Penâs appeal trial opens in Paris, threatening her 2027 presidential bid",AP News,https://apnews.com/article/marine-le-pen-appeal-trial-paris-1f06183468c669d99093634ba7472c72,apnews.com,200,news,no,,,no
2026-01-07,republican-nominee-for-florida-governor,Florida Governor Republican Primary Winner,Florida Lt. Gov. Jay Collins announces run for governor,AP News,https://apnews.com/article/florida-governor-election-jay-collins-f415821faf07ed57f26e744133686ef0,apnews.com,200,news,no,,,no
2026-01-07,which-party-will-win-the-senate-in-2026,Which party will win the Senate in 2026?,"Democrat Renee Hardman wins Iowa state Senate special election, blocking GOP supermajority",AP News,https://apnews.com/article/iowa-special-election-state-senate-supermajority-32ecda723de7a58d0da7d1d701dbc980,apnews.com,200,news,no,,,no
2026-01-07,los-angeles-mayoral-election-117,Los Angeles Mayoral Election,One-year anniversary of Los Angeles wildfires highlights slow recovery and criticism,AP News,https://apnews.com/article/los-angeles-mayoral-election-karen-bass-2026-ab3d5a5e4393f63007576788bbd6ec0e,apnews.com,200,news,no,,,no
2026-01-07,netanyahu-out-before-2027,Netanyahu out by...?,Netanyahu urges calm after ultra-Orthodox teen killed during protest,AP News,https://apnews.com/article/ultra-orthodox-israel-netanyahu-draft-law-protest-5e91c26f2c033b41305a3ff8db6aff95,apnews.com,200,news,no,,,no
2026-01-07,miguel-daz-canel-out-as-leader-of-cuba-by-june-30,Miguel Díaz-Canel out as leader of Cuba by...?,Cuban president DÃ­azâCanel decries U.S. âenergy blockadeâ in rare press conference,AP News,https://apnews.com/article/us-cuba-aid-melissa-trump-diaz-canel-636551892a2f59f43b657f1e71997b0b,apnews.com,200,news,no,,,no
2026-01-07,miguel-daz-canel-out-as-leader-of-cuba-by-june-30,Miguel Díaz-Canel out as leader of Cuba by...?,CIA Director John Ratcliffe meets Cuban officials in Havana,AP News,https://apnews.com/article/cuba-us-meeting-cia-john-9a3e7946460f8e5e48424f3a59df3fe8,apnews.com,200,news,no,,,no
2026-01-07,miguel-daz-canel-out-as-leader-of-cuba-by-june-30,Miguel Díaz-Canel out as leader of Cuba by...?,U.S. announces $6â¯million aid package for Cubaâs eastern region,AP News,https://apnews.com/article/us-cuba-aid-melissa-trump-diaz-canel-636551892a2f59f43b657f1e71997b0b,apnews.com,200,news,no,,,no
2026-01-07,ky-04-republican-primary-winner,KY-04 Republican Primary Winner,President Trump endorses primary challenger against Rep. Thomas Massie,AP News,https://apnews.com/article/trump-massie-congressional-campaign-b23bd6b1644263ebe9b36a232736d441,apnews.com,200,news,no,,,no
2026-01-08,democratic-presidential-nominee-2028,Democratic Presidential Nominee 2028,Gavin Newsom proposes shifting California education governance to increase governor's power,AP News,https://apnews.com/article/gavin-newsom-donald-trump-donald-trump-es-schools-california-27bdd08916c4cfa70b6cd6cf52e22b4c,apnews.com,200,news,no,,,no
2026-01-08,presidential-election-winner-2028,Presidential Election Winner 2028,Pennsylvania Gov. Joshâ¯Shapiro launches 2026 reâelection campaign,Associated Press,https://www.republicanherald.com/2026/01/08/josh-shapiro-reelection-campaign-2026/,republicanherald.com,200,wrong outlet,yes,,wrong_domain,yes
2026-01-08,republican-presidential-nominee-2028,Republican Presidential Nominee 2028,Marco Rubio outlines US strategy for Venezuela post-Maduro,AP News,https://apnews.com/article/venezuela-maduro-trump-military-operation-85041a1ec03bafe839b785a95169d694,apnews.com,200,news,no,,,no
2026-01-08,brazil-presidential-election,Brazil Presidential Election,Brazilâs Lula vetoes bill that could reduce Bolsonaroâs prison time,AP News,https://apnews.com/article/brazil-lula-veto-bolsonaro-coup-anniversary-3da8182efdb773060196b54a0f03a0b4,apnews.com,200,news,no,,,no
2026-01-08,nobel-peace-prize-winner-2026-139,Nobel Peace Prize Winner 2026,Venezuela's acting government promises release of political prisoners,AP News,https://apnews.com/article/venezuela-prisoners-released-us-maduro-rodriguez-7dc52c3ed6251f561b7754fd50182588,apnews.com,200,news,no,,,no
2026-01-08,nobel-peace-prize-winner-2026-139,Nobel Peace Prize Winner 2026,Trump lauds Venezuelaâs rapid release of political prisoners,AP News,https://apnews.com/article/venezuela-prisoners-delcy-rodriguez-foro-penal-machado-50dd4d4702143954661e133a19d31b5b,apnews.com,200,news,no,,,no
2026-01-08,nobel-peace-prize-winner-2026-139,Nobel Peace Prize Winner 2026,Venezuela releases dozens of political prisoners amid U.S. pressure,AP News,https://apnews.com/article/venezuela-rodriguez-us-maduro-political-prisoners-guanipa-a2a4dfc7ae34c543e648796ade80913d,apnews.com,200,news,no,,,no
2026-01-08,balance-of-power-2026-midterms,Balance of Power: 2026 Midterms,Rep. Steny Hoyer announces retirement after over 40 years in Congress,AP News,https://apnews.com/article/steny-hoyer-retire-house-longest-serving-democrat-1913615a4dd55be5fa5d726b5894233f,apnews.com,200,news,no,,,no
2026-01-08,balance-of-power-2026-midterms,Balance of Power: 2026 Midterms,AP-NORC poll shows Republicans dissatisfied with Trump's economic performance,AP News,https://apnews.com/article/poll-trump-republicans-immigration-economy-inflation-costs-634472fc2ee3b4477a7be997bbd0c69e,apnews.com,200,news,no,,,no
2026-01-08,california-governor-election-2026,California Governor Election Winner,San Jose Mayor Matt Mahan joins California governor's race,AP News,https://apnews.com/article/california-governor-race-matt-mahan-219b8085a1f1f6400f6f0f13707274b4,apnews.com,200,news,no,,,no
2026-01-08,california-governor-election-2026,California Governor Election Winner,Governor Newsom proposes shifting K-12 education power to Board of Education,AP News,https://apnews.com/article/gavin-newsom-donald-trump-donald-trump-es-schools-california-27bdd08916c4cfa70b6cd6cf52e22b4c,apnews.com,200,news,no,,,no
2026-01-08,who-will-close-warner-bros-acquisition,Who will close Warner Bros. acquisition?,Warner Bros. board recommends shareholders reject Paramount's offer in favor of Netflix's,AP News,https://apnews.com/article/warner-bros-paramount-skydance-netflix-d025a585f7a77cb9d8b066e65576101f,apnews.com,200,news,no,,,no
2026-01-08,brazil-presidential-election,Brazil Presidential Election,Brazil’s Lula vetoes bill that could reduce Bolsonaro’s prison time,AP News,https://apnews.com/article/brazil-lula-veto-bolsonaro-coup-anniversary-3da8182efdb773060196b54a0f03a0b4,apnews.com,200,news,no,,,no
2026-01-08,fed-decision-in-june-825,Fed Decision in June?,"January jobs report shows 130,000 hires, unemployment falls to 4.3%",AP News,https://apnews.com/article/jobs-economy-unemployment-labor-c760d3f86988833bc9ccb3936d44d61b,apnews.com,200,news,no,,,no
2026-01-08,ky-04-republican-primary-winner,KY-04 Republican Primary Winner,Rep. Thomas Massie files letter urging judge to reject request for neutral expert in Epstein files case,AP News,https://apnews.com/article/justice-department-epstein-files-transparency-act-massie-8c9f2a,apnews.com,404,dead link,yes,archived,real_dead_link,no
2026-01-09,which-party-will-win-the-senate-in-2026,Which party will win the Senate in 2026?,"Democrat Renee Hardman wins Iowa state Senate seat, blocking GOP supermajority",AP News,https://apnews.com/article/iowa-special-election-state-senate-supermajority-32ecda723de7a58d0da7d1d701dbc980,apnews.com,200,news,no,,,no
2026-01-09,balance-of-power-2026-midterms,Balance of Power: 2026 Midterms,Democratic Rep. Angie Nixon announces Florida Senate candidacy,AP News,https://apnews.com/article/florida-senate-moody-nixon-midterm-election-205977f662e883931aa411faa5ddbff2,apnews.com,200,news,no,,,no
2026-01-09,miguel-daz-canel-out-as-leader-of-cuba-by-june-30,Miguel Díaz-Canel out as leader of Cuba by...?,Mass demonstration in Havana condemns U.S. attack on Venezuela,AP News,https://apnews.com/article/cuba-march-demonstration-killed-venezuela-us-trump-0b348a984cf70186e6b7a98e6ef5a427,apnews.com,200,news,no,,,no
2026-01-09,ukraine-election-called-in-2025,Ukraine election called by...?,Ukraine postpones peace talks to next week amid ongoing conflict,AP News,https://apnews.com/article/russia-ukraine-war-peace-talks-zelenskyy-abu-dhabi-cfc323e160c058891604be05ca8c56f9,apnews.com,200,news,no,,,no
2026-01-10,presidential-election-winner-2028,Presidential Election Winner 2028,Ohio man charged with threatening to kill Vice President JD Vance,AP News,https://apnews.com/article/vice-president-jd-vance-threat-arrest-ohio-eb9c01ad9b872c6e7e3a473b2a745ae1,apnews.com,200,news,no,,,no
2026-01-10,presidential-election-winner-2028,Presidential Election Winner 2028,Rubio testifies on Iran policy before Senate Foreign Relations Committee,AP News,https://apnews.com/hub/marco-rubio,apnews.com,200,news,no,,,no
2026-01-10,republican-presidential-nominee-2028,Republican Presidential Nominee 2028,"Vanceâs pregnancy announcement revisited, boosting his personal appeal",AP News,https://apnews.com/article/usha-vance-pregnant-child-boy-vice-president-40098e3b09e0c8c2b3c43470a81cc39b,apnews.com,200,news,no,,,no
2026-01-10,which-party-will-win-the-house-in-2026,Which party will win the House in 2026?,Republican National Committee outpaces Democrats in fundraising ahead of midterms,AP News,https://apnews.com/article/elections-house-senate-congress-midterms-trump-387549d4d5e682cf8ce8205d96d07ca7,apnews.com,200,news,no,,,no
2026-01-10,which-party-will-win-the-house-in-2026,Which party will win the House in 2026?,Democratic poll shows persistent frustration but potential voter enthusiasm on healthcare,AP News,https://apnews.com/article/poll-trump-democrats-republicans-parties-abc06b4ddc9b3aca7065ead47d43c75b,apnews.com,200,news,no,,,no
2026-01-10,nobel-peace-prize-winner-2026-139,Nobel Peace Prize Winner 2026,Venezuela releases dozens of political prisoners amid U.S. pressure,AP News,https://apnews.com/article/venezuela-prisoners-delcy-rodriguez-foro-penal-machado-50dd4d4702143954661e133a19d31b5b,apnews.com,200,news,no,,,no
2026-01-10,balance-of-power-2026-midterms,Balance of Power: 2026 Midterms,Democrats express renewed concerns over Trump interfering in 2026 midterms,AP News,https://apnews.com/article/election-2026-trump-voting-doj-interference-22e2313f98e354fa31f277d3a1dc67d3,apnews.com,200,news,no,,,no
2026-01-10,california-governor-election-2026,California Governor Election Winner,Poll shows Tom Steyer leading Democratic field,AP News,https://apnews.com/article/california-governor-democrats-tom-steyer-1de30f4501b91c3bc9969c54aa13c19d,apnews.com,200,news,no,,,no
2026-01-10,california-governor-election-2026,California Governor Election Winner,Debate eligibility controversy erupts among candidates,AP News,https://apnews.com/article/california-governor-debate-usc-candidates-bias-91539c81a8ecaf8612c0eacd04dc1312,apnews.com,200,news,no,,,no
2026-01-10,california-governor-election-2026,California Governor Election Winner,Xavier Becerraâs campaign gains momentum after policy rollout,AP News,https://apnews.com/article/california-governor-2026-xavier-becerra-newsom-harris-00f7ad96bd6e0f443da5f8e8727e0d52,apnews.com,200,news,no,,,no
2026-01-10,california-governor-election-2026,California Governor Election Winner,Eric Swalwell announces candidacy on national TV,AP News,https://apnews.com/article/swalwell-california-governor-election-kimmel-db2646b82324a023982c478ba260708e,apnews.com,200,news,no,,,no
2026-01-10,miguel-daz-canel-out-as-leader-of-cuba-by-june-30,Miguel Díaz-Canel out as leader of Cuba by...?,Cuban diplomat says Cuba open to dialogue with the United States,AP News,https://apnews.com/article/cuba-cossio-us-trump-dialogue-negotiations-diplomat-bf386bb43bf9e101f0d76d24781c26e6,apnews.com,200,news,no,,,no
2026-01-10,colombia-presidential-election,Colombia Presidential Election,Luis Gilberto Murillo withdraws from presidential race,AP News,https://apnews.com/article/colombia-murillo-withdrawal-2026,apnews.com,404,dead link,yes,archived,real_dead_link,no
2026-01-10,ky-04-republican-primary-winner,KY-04 Republican Primary Winner,Massie criticizes DOJ’s partial release of Epstein files,AP News,https://apnews.com/article/doj-epstein-files-delay,apnews.com,404,dead link,yes,archived,real_dead_link,no
2026-01-10,ky-04-republican-primary-winner,KY-04 Republican Primary Winner,Ed Gallrein announces campaign launch for KY‑04 Republican primary,AP News,https://apnews.com/article/kentucky-primary-gallrein-launch,apnews.com,404,dead link,yes,archived,real_dead_link,no
2026-01-10,starmer-out-in-2025,Starmer out by...?,Starmer heads to China for strategic partnership talks,AP News,https://apnews.com/article/uk-keir-starmer-china-xi-jinping-ff7c71273f16a003cdf56ce8f6958308,apnews.com,200,news,no,,,no
2026-01-10,will-any-country-leave-nato-in-2025,Will any country leave NATO by...?,NATO Launches Arctic Sentry Military Effort,AP News,https://apnews.com/article/nato-arctic-sentry-greenland-trump-exercises-defense-35855929d7709c60e1192bb6778df712,apnews.com,200,news,no,,,no
2026-01-10,ukraine-election-called-in-2025,Ukraine election called by...?,Market price drops as no election date announced amid ongoing war and peace talks,AP News,https://apnews.com/hub/russia-ukraine,apnews.com,200,news,no,,,no
2026-01-11,democratic-presidential-nominee-2028,Democratic Presidential Nominee 2028,"Newsom delivers final in-person State of the State address, touts California as national model",AP News,https://apnews.com/article/california-newsom-state-speech-address-381b1657bf97fe5dcd92a7c1fd2d651e,apnews.com,200,news,no,,,no
2026-01-11,fed-decision-in-june-825,Fed Decision in June?,"DOJ subpoenas Federal Reserve, threatening criminal indictment of Chair Powell",AP News,https://apnews.com/article/federal-reserve-trump-subpoena-bf4fc6c690fa248fbc531bc9bc7f1758,apnews.com,200,news,no,,,no
2026-01-11,what-will-fed-rate-hit-before-2027,What will Fed Rate hit before 2027?,Fed Chair Powell says DOJ subpoenas are 'pretexts' to punish Fed for rate decisions,AP News,https://apnews.com/article/federal-reserve-trump-powell-inflation-c1e2c5222795bda4a1d294f6406f66fc,apnews.com,200,news,no,,,no
2026-01-11,what-will-fed-rate-hit-before-2027,What will Fed Rate hit before 2027?,Powell attends Supreme Court oral argument on Cook case,AP News,https://apnews.com/article/federal-reserve-jerome-powell-lisa-cook-7f135bd222013d4fe61eb8f03c663676,apnews.com,200,news,no,,,no
2026-01-11,what-will-fed-rate-hit-before-2027,What will Fed Rate hit before 2027?,Fed Chair Powell says DOJ subpoenas are pretext to force rate cuts,AP News,https://apnews.com/article/federal-reserve-jerome-powell-trump-subpoena-bf4fc6c690fa248fbc531bc9bc7f1758,apnews.com,200,news,no,,,no
2026-01-11,what-will-fed-rate-hit-before-2027,What will Fed Rate hit before 2027?,Powell condemns DOJ subpoenas as political pretext,AP News,https://apnews.com/article/federal-reserve-trump-subpoena-bf4fc6c690fa248fbc531bc9bc7f1758,apnews.com,200,news,no,,,no
2026-01-12,which-party-will-win-the-house-in-2026,Which party will win the House in 2026?,Trump meets with House Republicans to discuss election-year agenda amid GOP fractures,AP News,https://apnews.com/article/trump-house-republicans-meeting-kennedy-center-ad8705ea228a8a4591567fb51f87edb3,apnews.com,200,news,no,,,no
2026-01-12,what-will-happen-before-gta-vi,What will happen before GTA VI?,OpenAI awards $40.5M to nonprofits under new foundation structure,AP News,https://apnews.com/article/openai-foundation-people-first-fund-ffb80508911bdf4c5705474f85560ce5,apnews.com,200,news,no,,,no
2026-01-12,california-governor-election-2026,California Governor Election Winner,San Jose Mayor Matt Mahan enters California governor race,AP News,https://apnews.com/article/california-governor-race-matt-mahan-219b8085a1f1f6400f6f0f13707274b4,apnews.com,200,news,no,,,no
2026-01-12,miguel-daz-canel-out-as-leader-of-cuba-by-june-30,Miguel Díaz-Canel out as leader of Cuba by...?,"U.S. blocks fuel imports for Cuban embassy, escalating diplomatic standoff",AP News,https://apnews.com/article/cuba-fuel-embassy-trump-blockade-dd5a11ac933daf258d3f689e7cbb822d,apnews.com,200,news,no,,,no
2026-01-12,fed-decision-in-june-825,Fed Decision in June?,Supreme Court agrees to hear case on President Trump's attempt to fire Fed Governor Lisa Cook,AP News,https://apnews.com/article/supreme-court-trump-federal-reserve-lisa-cook-5a48941a9e30017b0ed3e5837492d288,apnews.com,200,news,no,,,no
2026-01-12,what-will-fed-rate-hit-before-2027,What will Fed Rate hit before 2027?,Fed minutes reveal split over December rate cut,AP News,https://apnews.com/article/inflation-federal-reserve-jobs-economy-3c48a2e88f04b70e993020712c8684b2,apnews.com,200,news,no,,,no
2026-01-12,how-many-different-countries-will-israel-strike-in-2026,How many different countries will Israel strike in 2026?,Israel conducts drone strike on a Hamas ally in southern Lebanon,AP News,https://apnews.com/article/lebanon-israel-atwi-hezbollah-aljamaa-alislamiya-1d4f58e1f49478ab35c7fa2a08b1c965,apnews.com,200,news,no,,,no
2026-01-13,democratic-presidential-nominee-2028,Democratic Presidential Nominee 2028,Joshâ¯Shapiroâs campaign suffers fundraising shortfall,AP News,https://apnews.com/article/josh-shapiro-fundraising-2026,apnews.com,404,dead link,yes,archived,real_dead_link,no
2026-01-13,will-russia-capture-kostyantynivka-by,Will Russia capture Kostyantynivka by...?,U.S. envoy Steve Witkoff and Trumpâs son-in-law Jared Kushner hold talks with Zelenskyy in Berlin,AP News,https://apnews.com/article/russia-ukraine-war-putin-zelenskyy-trump-253ff2eb24b2dbd1b1b9d8a2ab20e913,apnews.com,200,news,no,,,no
2026-01-13,will-russia-capture-kostyantynivka-by,Will Russia capture Kostyantynivka by...?,Car bomb kills Russian Lt. Gen. Fanil Sarvarov in Moscow,AP News,https://apnews.com/article/russia-explosion-general-killed-sarvarov-73413ae5936609832f706ab26f864b3c,apnews.com,200,news,no,,,no
2026-01-13,balance-of-power-2026-midterms,Balance of Power: 2026 Midterms,Virginia Supreme Court strikes down Democratic redistricting map,AP News,https://apnews.com/article/redistricting-virginia-congress-democrats-republicans-12a31037f3c9a94d3cb9fbcaaf84d94f,apnews.com,200,news,no,,,no
2026-01-13,netanyahu-out-before-2027,Netanyahu out by...?,"Netanyahu meets Donald Trump in Florida, discusses Iran talks",AP News,https://apnews.com/article/trump-netanyahu-gaza-ceasefire-arab-nations-229253766673f18c1195550572edd2ce,apnews.com,200,news,no,,,no
2026-01-13,miguel-daz-canel-out-as-leader-of-cuba-by-june-30,Miguel Díaz-Canel out as leader of Cuba by...?,Smithsonian under White House pressure to remove 'improper ideology' from exhibits,AP News,https://apnews.com/article/smithsonian-deadline-trump-250-027cef04e347d5519b528e7dd632d65b,apnews.com,200,news,no,,,no
2026-01-13,fed-decision-in-june-825,Fed Decision in June?,Central bankers worldwide express solidarity with Fed Chair Powell,AP News,https://apnews.com/article/fed-powell-central-banks-trump-98403522c4a6315229f4b87fab467820,apnews.com,200,news,no,,,no
2026-01-13,what-will-fed-rate-hit-before-2027,What will Fed Rate hit before 2027?,Central bankers worldwide express solidarity with Fed Chair Powell,AP News,https://apnews.com/article/fed-powell-central-banks-trump-98403522c4a6315229f4b87fab467820,apnews.com,200,news,no,,,no
2026-01-14,democratic-presidential-nominee-2028,Democratic Presidential Nominee 2028,Josh Shapiro sets Pennsylvania fundraising record with $30 million for reelection bid,AP News,https://apnews.com/article/pennsylvania-governor-josh-shapiro-stacy-garrity-campaign-11df5de43ebfb2d796a3f7b34172c26c,apnews.com,200,news,no,,,no
2026-01-14,democratic-presidential-nominee-2028,Democratic Presidential Nominee 2028,Gavin Newsom delivers State of the State address emphasizing national profile,AP News,https://apnews.com/article/california-newsom-state-speech-address-381b1657bf97fe5dcd92a7c1fd2d651e,apnews.com,200,news,no,,,no
2026-01-14,who-will-be-the-next-prime-minister-of-israel-after-the-next-election,Who will be the next Prime Minister of Israel after the next election?,Netanyahu convenes cabinet on rising settler violence in West Bank,AP News,https://apnews.com/article/mideast-wars-israel-palestine-west-bank-04a9ec4d55e1e0556428ca23c70efe91,apnews.com,200,news,no,,,no
2026-01-14,next-french-presidential-election,Next French Presidential Election,"Jordan Bardella criticizes Trumpâs Greenland policy, signaling political distancing",AP News,https://apnews.com/article/trump-greenland-europe-far-right-maga-c6b44e151d81e990129c2d58ab0ee192,apnews.com,200,news,no,,,no
2026-01-14,which-party-will-win-the-senate-in-2026,Which party will win the Senate in 2026?,Alex Vindman enters Florida Senate race as prominent Democrat challenger,AP News,https://apnews.com/article/alex-vindman-florida-senate-trump-ukraine-impeachment-1850e6e729d1d1efa2ca8baddc47a815,apnews.com,200,news,no,,,no
2026-01-14,nobel-peace-prize-winner-2026-139,Nobel Peace Prize Winner 2026,International Court of Justice case against Myanmar continues,AP News,https://apnews.com/article/rohingya-myanmar-gambia-genocide-icj-court-889d610a194ac1030fac822ab52fb6e5,apnews.com,200,news,no,,,no
2026-01-14,balance-of-power-2026-midterms,Balance of Power: 2026 Midterms,Alex Vindman enters Florida Senate race as prominent Democrat,AP News,https://apnews.com/article/alex-vindman-florida-senate-trump-ukraine-impeachment-1850e6e729d1d1efa2ca8baddc47a815,apnews.com,200,news,no,,,no
2026-01-14,balance-of-power-2026-midterms,Balance of Power: 2026 Midterms,Democrat Taylor Rehmet flips Republican Texas state Senate seat,AP News,https://apnews.com/article/texas-state-senate-democrat-taylor-rehmet-c8cb6685c49696b8a607a8f93111ae2e,apnews.com,200,news,no,,,no
2026-01-14,netanyahu-out-before-2027,Netanyahu out by...?,US envoys urge Netanyahu to advance Gaza ceasefire second phase,AP News,https://apnews.com/article/israel-gaza-war-trump-news-01-24-2026-90e36ca7d2e27ca8a21d1727e9e0119f,apnews.com,200,news,no,,,no
2026-01-14,miguel-daz-canel-out-as-leader-of-cuba-by-june-30,Miguel Díaz-Canel out as leader of Cuba by...?,Death of Cuban detainee in U.S. custody raises tensions,AP News,https://apnews.com/article/ice-detention-immigrant-death-texas-416a2374d9c1547f0360344424101fa9,apnews.com,200,news,no,,,no
2026-01-14,fed-decision-in-june-825,Fed Decision in June?,Fed expected to keep rates unchanged amid legal and political scrutiny,AP News,https://apnews.com/article/federal-reserve-trump-powell-inflation-c1e2c5222795bda4a1d294f6406f66fc,apnews.com,200,news,no,,,no
2026-01-14,ky-04-republican-primary-winner,KY-04 Republican Primary Winner,Clintons refuse to testify in House Epstein probe amid contempt threats,AP News,https://apnews.com/article/bill-hillary-clinton-epstein-congress-contempt-ad1f880ed716665f210025d8e57ff112,apnews.com,200,news,no,,,no
2026-01-14,starmer-out-in-2025,Starmer out by...?,UK police open criminal investigation into Peter Mandelson over alleged leaks to Epstein,AP News,https://apnews.com/article/uk-peter-mandelson-jeffrey-epstein-allegations-police-bd7d7f9831ad1eeaee4e5c7a951f2aeb,apnews.com,200,news,no,,,no
2026-01-14,will-any-country-leave-nato-in-2025,Will any country leave NATO by...?,NATO launches Arctic Sentry military effort to enhance High North security,AP News,https://apnews.com/article/nato-arctic-sentry-greenland-trump-exercises-defense-35855929d7709c60e1192bb6778df712,apnews.com,200,news,no,,,no
2026-01-14,ukraine-election-called-in-2025,Ukraine election called by...?,Zelenskyy under growing political pressure amid corruption scandal and war fatigue,AP News,https://apnews.com/article/ukraine-russia-war-zelenskyy-yermak-0c277365a6fd8c0f4996e54c6ceb95e9,apnews.com,200,news,no,,,no
2026-01-15,democratic-presidential-nominee-2028,Democratic Presidential Nominee 2028,"Gavin Newsom delivers final State of the State address, touts California as national model",AP News,https://apnews.com/article/california-newsom-state-speech-address-381b1657bf97fe5dcd92a7c1fd2d651e,apnews.com,200,news,no,,,no
2026-01-15,democratic-presidential-nominee-2028,Democratic Presidential Nominee 2028,UN rights office cites widespread repression in Uganda before presidential election,AP News,https://apnews.com/article/uganda-election-un-rights-report-1e30ab4e21419dad8cd73567fbc0759c,apnews.com,200,news,no,,,no
2026-01-15,presidential-election-winner-2028,Presidential Election Winner 2028,Ohio man charged with threatening to kill Vice President JD Vance,AP News,https://apnews.com/article/vice-president-jd-vance-threat-arrest-ohio-eb9c01ad9b872c6e7e3a473b2a745ae1,apnews.com,200,news,no,,,no
2026-01-15,republican-presidential-nominee-2028,Republican Presidential Nominee 2028,Second Lady Usha Vance announces fourth child,AP News,https://apnews.com/article/usha-vance-pregnant-child-boy-vice-president-40098e3b09e0c8c2b3c43470a81cc39b,apnews.com,200,news,no,,,no
2026-01-15,who-will-be-the-next-prime-minister-of-israel-after-the-next-election,Who will be the next Prime Minister of Israel after the next election?,Netanyahu faces ongoing corruption trial amid political pressure,AP News,https://apnews.com/live/iran-war-israel-trump-04-19-2026,apnews.com,200,news,no,,,no
2026-01-15,brazil-presidential-election,Brazil Presidential Election,Brazilian judge orders house arrest for 10 convicted in Bolsonaro coup plot,AP News,https://apnews.com/article/brazil-coup-plot-house-arrests-5b74f4b78ecf7f802c62434f38f128a3,apnews.com,200,news,no,,,no
2026-01-15,which-party-will-win-the-house-in-2026,Which party will win the House in 2026?,Republican National Committee outpaces Democrats in fundraising ahead of midterms,AP News,https://apnews.com/article/elections-house-senate-congress-midterms-trump-387549d4d5e682cf8ce8205d96d07ca7,apnews.com,200,news,no,,,no
2026-01-15,balance-of-power-2026-midterms,Balance of Power: 2026 Midterms,Republican National Committee outpaces Democrats in fundraising ahead of midterms,AP News,https://apnews.com/article/elections-house-senate-congress-midterms-trump-387549d4d5e682cf8ce8205d96d07ca7,apnews.com,200,news,no,,,no
2026-01-15,california-governor-election-2026,California Governor Election Winner,"Tom Steyerâs $115â¯million adâbuy disclosed, dwarfing rivals",AP News,https://apnews.com/article/california-governor-democrats-tom-steyer-billionaire-6e55c315e687a8cae88012a404753b07,apnews.com,200,news,no,,,no
2026-01-15,california-governor-election-2026,California Governor Election Winner,San Jose Mayor Matt Mahan enters California governor race,AP News,https://apnews.com/article/california-governor-race-matt-mahan-219b8085a1f1f6400f6f0f13707274b4,apnews.com,200,news,no,,,no
2026-01-15,california-governor-election-2026,California Governor Election Winner,Democrats fear vote splitting could allow two Republicans in California governor general election,AP News,https://apnews.com/article/california-governor-democrats-gavin-newsom-republicans-porter-7138e44bd9f4d474910e111aea13d8c4,apnews.com,200,news,no,,,no
2026-01-15,miguel-daz-canel-out-as-leader-of-cuba-by-june-30,Miguel Díaz-Canel out as leader of Cuba by...?,Trump threatens âfriendly takeoverâ of Cuba after Venezuela raid,AP News,https://apnews.com/article/trump-cuba-venezuela-maduro-oil-economy-b9ffd24928e34dc7e3fc1fdcb22709a1,apnews.com,200,news,no,,,no
2026-01-15,brazil-presidential-election,Brazil Presidential Election,Brazilian judge orders house arrest for 10 convicted in Bolsonaro coup plot,AP News,https://apnews.com/article/brazil-coup-plot-house-arrests-5b74f4b78ecf7f802c62434f38f128a3,apnews.com,200,news,no,,,no
2026-01-15,colombia-presidential-election,Colombia Presidential Election,Colombian President Gustavo Petro optimistic about upcoming meeting with U.S. President Trump,AP News,https://apnews.com/article/colombia-us-petro-meeting-trump-cdaddced43a05cb94d23a5d106bf3074,apnews.com,200,news,no,,,no
2026-01-15,colombia-presidential-election,Colombia Presidential Election,Iván Cepeda Castro gains momentum in polls amid left-wing coalition support,AP News,https://apnews.com/article/colombia-presidential-miguel-uribe-londono-3e0224f23b62e2f9fecf0dee002c7684,apnews.com,200,news,no,,,no
2026-01-15,fed-decision-in-june-825,Fed Decision in June?,Federal prosecutors visit Fed building amid ongoing investigation,AP News,https://apnews.com/article/federal-reserve-jerome-powell-trump-16f1777a974cf0dece60d78abe4eb973,apnews.com,200,news,no,,,no
2026-01-15,ky-04-republican-primary-winner,KY-04 Republican Primary Winner,Rep. Thomas Massie and Rep. Ro Khanna demand full release of Epstein files,AP News,https://apnews.com/article/epstein-congress-neutral-expert-dfff6c2f06162a4a7a637fe22c4e2dc1,apnews.com,200,news,no,,,no
2026-01-15,starmer-out-in-2025,Starmer out by...?,Starmer and Xi Jinping call for deeper UK-China ties amid global turbulence,AP News,https://apnews.com/article/uk-prime-minister-starmer-xi-beijing-trade-062717a30f70bcfd64db08436e9aff90,apnews.com,200,news,no,,,no
2026-01-15,starmer-out-in-2025,Starmer out by...?,Release of Epstein files reveals Mandelson’s continued ties and alleged misconduct,AP News,https://apnews.com/article/uk-starmer-peter-mandelson-epstein-ea1e52adb8399eb97825f5c34b3c7343,apnews.com,200,news,no,,,no
2026-01-15,ukraine-election-called-in-2025,Ukraine election called by...?,U.S.-Ukraine peace talks continue amid unresolved election timing and territorial disputes,AP News,https://apnews.com/article/ukraine-russia-war-plan-territory-security-zaporizhzhia-3667a0630eae5827d997ec0b98db2ca6,apnews.com,200,news,no,,,no
2026-01-15,harvey-weinstein-prison-time,Harvey Weinstein prison time?,Judge orders Weinstein retrial to finish by early June 2026,AP News,https://apnews.com/article/harvey-weinstein-rape-retrial-72d8b9d01c4159fa6ae6d9fb865a4fa2,apnews.com,200,news,no,,,no
2026-01-15,what-will-fed-rate-hit-before-2027,What will Fed Rate hit before 2027?,President Trump nominates Kevin Warsh as next Federal Reserve chair,AP News,https://apnews.com/article/warsh-trump-federal-reserve-chair-6b4441263c1b7ecb40b96adf17adeea2,apnews.com,200,news,no,,,no
2026-01-15,how-high-will-inflation-get-in-2026,How high will inflation get in 2026?,Consumer spending drives U.S. economy growth at fastest pace in two years,AP News,https://abcnews.go.com/Business/wireStory/consumer-spending-pushes-us-economy-44-quarter-fastest-129451535,abcnews.go.com,404,dead link,yes,archived,real_dead_link,no
2026-01-16,democratic-presidential-nominee-2028,Democratic Presidential Nominee 2028,"Newsom delivers final State of the State speech, criticizes Trump administration",AP News,https://apnews.com/article/california-newsom-state-speech-address-381b1657bf97fe5dcd92a7c1fd2d651e,apnews.com,200,news,no,,,no
2026-01-16,netanyahu-out-before-2027,Netanyahu out by...?,Netanyahu meets security chiefs over West Bank settler violence,AP News,https://apnews.com/article/mideast-wars-israel-palestine-west-bank-04a9ec4d55e1e0556428ca23c70efe91,apnews.com,200,news,no,,,no
2026-01-16,what-will-happen-before-gta-vi,What will happen before GTA VI?,BTS announces new album pre-orders ahead of March release,AP News,https://apnews.com/article/bts-world-tour-kpop-2026-2027-01db0e428723c0febc514373969333bd,apnews.com,200,news,no,,,no
2026-01-17,republican-presidential-nominee-2028,Republican Presidential Nominee 2028,JD Vance speaks at March for Life rally praising Trumpâs abortion policies,AP News,https://apnews.com/article/march-for-life-vance-abortion-beb7c04a39a54861836f64ae3ba90b56,apnews.com,200,news,no,,,no
2026-01-17,miguel-daz-canel-out-as-leader-of-cuba-by-june-30,Miguel Díaz-Canel out as leader of Cuba by...?,Cuban Vice Foreign Minister denies leadership talks with US,AP News,https://apnews.com/article/cuba-eeuu-ayuda-humanitaria-caravana-convoy-cb11963a2bc960d09a1b6f33fa51ebff,apnews.com,200,news,no,,,no
2026-01-17,how-high-will-inflation-get-in-2026,How high will inflation get in 2026?,Labor Department delays January jobs report due to government shutdown,AP News,https://apnews.com/article/economy-jobs-report-labor-shutdown-0f327d71037f89afb818ea78b1162010,apnews.com,200,news,no,,,no
2026-01-18,will-russia-capture-kostyantynivka-by,Will Russia capture Kostyantynivka by...?,Putinâs Kremlin claims capture of Myrnohrad and Huliaipole ahead of peace talks,AP News,https://apnews.com/article/russia-ukraine-war-kyiv-strikes-67c576b92273cc0953de64590572e159,apnews.com,200,news,no,,,no
2026-01-18,balance-of-power-2026-midterms,Balance of Power: 2026 Midterms,Democrat Christian Menefee wins Texas US House special election,AP News,https://apnews.com/article/congress-special-election-houston-redistricting-59fe9c414540572bb783b5e98eb586e1,apnews.com,200,news,no,,,no
2026-01-18,miguel-daz-canel-out-as-leader-of-cuba-by-june-30,Miguel Díaz-Canel out as leader of Cuba by...?,"Humanitarian convoy lands in Cuba delivering food, medicine and solar panels",AP News,https://apnews.com/article/cuba-convoy-international-aid-humanitarian-help-0bafbd3bd16bee8cb77d06efc0f329fb,apnews.com,200,news,no,,,no
2026-01-19,starmer-out-in-2025,Starmer out by...?,Starmer faces leadership crisis over Mandelson Epstein appointment scandal,AP News,https://apnews.com/article/keir-starmer-mandelson-epstein-ambassador-security-vetting-266cda693968937f15a661f39f48663c,apnews.com,200,news,no,,,no
2026-01-20,democratic-presidential-nominee-2028,Democratic Presidential Nominee 2028,California faces $2.9 billion budget deficit in Newsomâs final year as governor,AP News,https://apnews.com/article/california-budget-gavin-newsom-last-year-deficits-6811fe4519bac5145f4002959690a280,apnews.com,200,news,no,,,no
2026-01-20,who-will-be-the-next-prime-minister-of-israel-after-the-next-election,Who will be the next Prime Minister of Israel after the next election?,Netanyahu convenes cabinet on West Bank settler violence,AP News,https://apnews.com/article/mideast-wars-israel-palestine-west-bank-04a9ec4d55e1e0556428ca23c70efe91,apnews.com,200,news,no,,,no
2026-01-20,will-russia-capture-kostyantynivka-by,Will Russia capture Kostyantynivka by...?,US-brokered Russia-Ukraine peace talks to resume in Abu Dhabi amid ongoing conflict,AP News,https://apnews.com/article/russia-ukraine-war-talks-drones-starlink-3ae862c4713a378b2d2ebb809b39120a,apnews.com,200,news,no,,,no
2026-01-20,which-party-will-win-the-house-in-2026,Which party will win the House in 2026?,Democrat Taylor Rehmet flips Republican Texas state Senate seat Trump won by 17 points,AP News,https://apnews.com/article/texas-state-senate-democrat-taylor-rehmet-c8cb6685c49696b8a607a8f93111ae2e,apnews.com,200,news,no,,,no
2026-01-20,balance-of-power-2026-midterms,Balance of Power: 2026 Midterms,Democrats renew concerns about Trump interfering in midterm elections,AP News,https://apnews.com/article/election-2026-trump-voting-doj-interference-22e2313f98e354fa31f277d3a1dc67d3,apnews.com,200,news,no,,,no
2026-01-20,netanyahu-out-before-2027,Netanyahu out by...?,Netanyahu agrees to join Trumpâs Board of Peace overseeing Gaza ceasefire,AP News,https://apnews.com/article/mideast-wars-gaza-board-of-peace-trump-1-21-2026-2f0e063d03babbd3276f31289ba5f2a2,apnews.com,200,news,no,,,no
2026-01-20,what-will-happen-before-gta-vi,What will happen before GTA VI?,Pam Bondi steps down as Trumpâs Attorney General,AP News,https://apnews.com/article/trump-bondi-zeldin-justice-department-4b1bf39326d2d2c3fd41cadff91dd75b,apnews.com,200,news,no,,,no
2026-01-20,miguel-daz-canel-out-as-leader-of-cuba-by-june-30,Miguel Díaz-Canel out as leader of Cuba by...?,International humanitarian convoy arrives in Cuba with aid,AP News,https://apnews.com/article/cuba-convoy-international-aid-humanitarian-help-0bafbd3bd16bee8cb77d06efc0f329fb,apnews.com,200,news,no,,,no
2026-01-20,who-will-close-warner-bros-acquisition,Who will close Warner Bros. acquisition?,Larry Ellison guarantees $40.4â¯billion for Paramount bid,AP News,https://apnews.com/article/paramount-skydance-netflix-ellison-warner-96bfd981b4595fbd50bf39979b6dbe53,apnews.com,200,news,no,,,no
2026-01-20,fed-decision-in-june-825,Fed Decision in June?,Trump announces plan to name Kevin Warsh as next Fed chair,AP News,https://apnews.com/article/warsh-trump-federal-reserve-chair-6b4441263c1b7ecb40b96adf17adeea2,apnews.com,200,news,no,,,no
2026-01-20,starmer-out-in-2025,Starmer out by...?,Starmer announces China visit amid US‑UK tensions,AP News,https://apnews.com/article/uk-keir-starmer-china-xi-jinping-ff7c71273f16a003cdf56ce8f6958308,apnews.com,200,news,no,,,no
2026-01-20,what-will-fed-rate-hit-before-2027,What will Fed Rate hit before 2027?,Trump announces Kevin Warsh as nominee for next Federal Reserve Chair,AP News,https://apnews.com/article/warsh-trump-federal-reserve-chair-6b4441263c1b7ecb40b96adf17adeea2,apnews.com,200,news,no,,,no
2026-01-21,democratic-presidential-nominee-2028,Democratic Presidential Nominee 2028,Democratic National Committee plans major voter registration push targeting young and diverse voters,AP News,https://apnews.com/article/democrats-dnc-voter-registration-midterms-6f15083ad2b6f428348c5e70ef85d34d,apnews.com,200,news,no,,,no
2026-01-21,which-party-will-win-the-house-in-2026,Which party will win the House in 2026?,Democrats express concerns over Trumpâs potential interference in 2026 midterms,AP News,https://apnews.com/article/election-2026-trump-voting-doj-interference-22e2313f98e354fa31f277d3a1dc67d3,apnews.com,200,news,no,,,no
2026-01-21,what-will-happen-before-gta-vi,What will happen before GTA VI?,Meta appoints former Trump adviser Dina Powell McCormick as president and vice chairman,AP News,https://apnews.com/article/meta-dina-powell-mccormick-trump-adviser-bce6b207f1754284f9b922b0ea8ec7bf,apnews.com,200,news,no,,,no
2026-01-21,california-governor-election-2026,California Governor Election Winner,San Jose Mayor Matt Mahan enters California governor race,AP News,https://apnews.com/article/california-governor-race-matt-mahan-219b8085a1f1f6400f6f0f13707274b4,apnews.com,200,news,no,,,no
2026-01-21,texas-republican-senate-primary-winner,Texas Republican Senate Primary Winner,"Jasmine Crockett announces U.S. Senate bid in Texas, targets Trump",AP News,https://apnews.com/article/texas-senate-race-colin-allred-jasmine-crockett-5849d3ca44a733ce016300070788eec3,apnews.com,200,news,no,,,no
2026-01-21,fed-decision-in-june-825,Fed Decision in June?,Treasury Secretary Scott Bessent proposes residency rule for regional Fed presidents,AP News,https://apnews.com/article/federal-reserve-trump-bessent-6ddd9c8b204668551caecf6c5fe51388,apnews.com,200,news,no,,,no
2026-01-21,ky-04-republican-primary-winner,KY-04 Republican Primary Winner,Judge rules lawmakers can sue to ensure release of Epstein files but not intervene in Maxwell case,AP News,https://apnews.com/article/epstein-congress-neutral-expert-justice-department-files-cd02bb95beb63354481ca6eb8865dc07,apnews.com,200,news,no,,,no
2026-01-21,texas-republican-senate-primary-winner,Texas Republican Senate Primary Winner,"Jasmine Crockett announces U.S. Senate bid in Texas, targets Trump",AP News,https://apnews.com/article/texas-senate-race-colin-allred-jasmine-crockett-5849d3ca44a733ce016300070788eec3,apnews.com,200,news,no,,,no
2026-01-21,texas-republican-senate-primary-winner,Texas Republican Senate Primary Winner,John Cornyn faces tough primary challenge amid shifting GOP dynamics,AP News,https://apnews.com/article/texas-senate-republicans-cornyn-paxton-hunt-01f1ffaf8a890e3017af407abe502e8f,apnews.com,200,news,no,,,no
2026-01-21,what-will-fed-rate-hit-before-2027,What will Fed Rate hit before 2027?,Fed Chair Powell to attend Supreme Court argument on Lisa Cook firing case,AP News,https://apnews.com/article/federal-reserve-jerome-powell-lisa-cook-supreme-court-7f135bd222013d4fe61eb8f03c663676,apnews.com,200,news,no,,,no
2026-01-21,what-will-fed-rate-hit-before-2027,What will Fed Rate hit before 2027?,Supreme Court oral argument on Lisa Cook firing case,AP News,https://apnews.com/article/supreme-court-trump-federal-reserve-cook-5ec0745169bf2fdb123d0fb16c8d6967,apnews.com,200,news,no,,,no
2026-01-21,what-will-fed-rate-hit-before-2027,What will Fed Rate hit before 2027?,Supreme Court hears case on Presidentâs attempt to fire Fed governor Lisa Cook,AP News,https://apnews.com/article/supreme-court-trump-federal-reserve-lisa-cook-5a48941a9e30017b0ed3e5837492d288,apnews.com,200,news,no,,,no
2026-01-21,what-will-fed-rate-hit-before-2027,What will Fed Rate hit before 2027?,Supreme Court hears arguments on Trumpâs attempt to fire Fed governor Lisa Cook,AP News,https://apnews.com/article/supreme-court-trump-federal-reserve-lisa-cook-5a48941a9e30017b0ed3e5837492d288,apnews.com,200,news,no,,,no
2026-01-22,republican-presidential-nominee-2028,Republican Presidential Nominee 2028,Rep. Andy Biggs announces run for Arizona governor with Trump backing,AP News,https://apnews.com/article/trump-endorsement-arizona-governor-596a7c7bc1129119b1c8e401bae987ad,apnews.com,200,news,no,,,no
2026-01-22,republican-presidential-nominee-2028,Republican Presidential Nominee 2028,JD Vance says Insurrection Act not needed in Minneapolis amid immigration tensions,AP News,https://apnews.com/live/donald-trump-news-updates-1-22-2026,apnews.com,200,news,no,,,no
2026-01-22,republican-presidential-nominee-2028,Republican Presidential Nominee 2028,Rep. Andy Biggs announces run for Arizona governor with Trump backing,AP News,https://apnews.com/article/house-retirements-midterms-f638d386d4d1342e3a9671642dd883f6,apnews.com,200,news,no,,,no
2026-01-22,which-party-will-win-the-house-in-2026,Which party will win the House in 2026?,Democrats express renewed concerns over Trumpâs potential interference in 2026 midterms,AP News,https://apnews.com/article/election-2026-trump-voting-doj-interference-22e2313f98e354fa31f277d3a1dc67d3,apnews.com,200,news,no,,,no
2026-01-22,which-party-will-win-the-house-in-2026,Which party will win the House in 2026?,"Rep. Doug LaMalfa dies, trimming GOP's narrow House majority",AP News,https://apnews.com/article/rep-doug-lamalfa-dies-california-house-304d9772c6e2d11f03109e2dae1eeb9d,apnews.com,200,news,no,,,no
2026-01-22,where-will-zelenskyy-and-putin-meet-next,Where will Zelenskyy and Putin meet next before 2027?,Putin warns Russia will extend gains if peace talks fail,AP News,https://apnews.com/article/russia-ukraine-war-putin-zelenskyy-trump-4bdd3a5c442838174c6179305d9396c9,apnews.com,200,news,no,,,no
2026-01-22,what-will-happen-before-gta-vi,What will happen before GTA VI?,Bitcoin price falls below pre-Trump second term levels,AP News,https://apnews.com/article/bitcoin-prices-falling-cryptocurrency-markets-investment-199a22ac65a675eb67bac89177ddf09b,apnews.com,200,news,no,,,no
2026-01-22,what-will-happen-before-gta-vi,What will happen before GTA VI?,BTS world tour ticket presale begins for ARMY members,AP News,https://apnews.com/article/bts-returns-world-tour-after-4-years-tickets/story?id=129174003,apnews.com,404,dead link,yes,archived,real_dead_link,no
2026-01-22,california-governor-election-2026,California Governor Election Winner,San Jose Mayor Matt Mahan enters California governor race,AP News,https://apnews.com/article/california-governor-race-matt-mahan-219b8085a1f1f6400f6f0f13707274b4,apnews.com,200,news,no,,,no
2026-01-22,miguel-daz-canel-out-as-leader-of-cuba-by-june-30,Miguel Díaz-Canel out as leader of Cuba by...?,U.S. ViceâForeign Minister says Cuba has no dialogue table with the U.S.,AP News,https://apnews.com/article/cuba-petroleo-venezuela-eeuu-dialogo-b70333a54e63055543e701587b1c5530,apnews.com,200,news,no,,,no
2026-01-22,ukraine-election-called-in-2025,Ukraine election called by...?,"Rep. Andy Biggs announces run for Arizona governor, leaving Congress",AP News,https://apnews.com/article/house-retirements-midterms-f638d386d4d1342e3a9671642dd883f6,apnews.com,200,news,no,,,no
2026-01-22,what-will-fed-rate-hit-before-2027,What will Fed Rate hit before 2027?,"Supreme Court hears case on Fed governor firing, Powell attends",AP News,https://apnews.com/article/federal-reserve-jerome-powell-lisa-cook-supreme-court-7f135bd222013d4fe61eb8f03c663676,apnews.com,200,news,no,,,no
2026-01-23,which-party-will-win-the-house-in-2026,Which party will win the House in 2026?,Republican-led states enact new congressional maps favoring GOP,AP News,https://apnews.com/article/redistricting-alabama-virginia-louisiana-courts-2e109f6432ce02b2e9f0ec44dd1ebbbc,apnews.com,200,news,no,,,no
2026-01-23,nobel-peace-prize-winner-2026-139,Nobel Peace Prize Winner 2026,Machado presents her Nobel Peace Prize medal to President Donald Trump,AP News,https://apnews.com/article/trump-machado-venezuela-maduro-nobel-peace-prize-ed23992bccabf128b7e849259d3c29a8,apnews.com,200,news,no,,,no
2026-01-23,california-governor-election-2026,California Governor Election Winner,San Jose Mayor Matt Mahan announces candidacy for California governor,AP News,https://apnews.com/article/california-governor-race-matt-mahan-219b8085a1f1f6400f6f0f13707274b4,apnews.com,200,news,no,,,no
2026-01-23,miguel-daz-canel-out-as-leader-of-cuba-by-june-30,Miguel Díaz-Canel out as leader of Cuba by...?,"Cuba refuses U.S. embassy fuel imports, citing energy blockade",AP News,https://apnews.com/article/cuba-fuel-embassy-trump-blockade-dd5a11ac933daf258d3f689e7cbb822d,apnews.com,200,news,no,,,no
2026-01-23,brazil-presidential-election,Brazil Presidential Election,Flávio Bolsonaro announced as presidential candidate by his father Jair Bolsonaro,AP News,https://apnews.com/article/brazil-bolsonaro-hernia-surgery-prison-cf213deef6fdd4c15d903e47bae2c6ba,apnews.com,200,news,no,,,no
2026-01-23,will-any-country-leave-nato-in-2025,Will any country leave NATO by...?,Boycottâapp downloads surge as Europeans react to Greenland tensions,AP News,https://apnews.com/article/denmark-greenland-trump-boycott-usa-93071df9a5b8aec8116c37730d175a46,apnews.com,200,news,no,,,no
2026-01-24,presidential-election-winner-2028,Presidential Election Winner 2028,JD Vance criticizes far-left and local officials over Minneapolis unrest,AP News,https://apnews.com/article/vance-ice-minneapolis-deportations-trump-economy-002f1d1acf05c00aeee289ec192100e7,apnews.com,200,news,no,,,no
2026-01-24,which-party-will-win-the-house-in-2026,Which party will win the House in 2026?,"Virginia Supreme Court upends Democratic redistricting plan, boosting GOP advantage",AP News,https://apnews.com/article/redistricting-virginia-congress-democrats-republicans-12a31037f3c9a94d3cb9fbcaaf84d94f,apnews.com,200,news,no,,,no
2026-01-24,nobel-peace-prize-winner-2026-139,Nobel Peace Prize Winner 2026,Trump reveals use of secret weapon in U.S. raid capturing Venezuelan leader Maduro,AP News,https://apnews.com/article/trump-venezuela-weapon-maduro-drug-strikes-c052fd24a350a04a458f501b4b536e62,apnews.com,200,news,no,,,no
2026-01-24,netanyahu-out-before-2027,Netanyahu out by...?,US envoys urge Netanyahu to advance Gaza ceasefire second phase,AP News,https://apnews.com/article/israel-gaza-war-trump-news-01-24-2026-90e36ca7d2e27ca8a21d1727e9e0119f,apnews.com,200,news,no,,,no
2026-01-24,miguel-daz-canel-out-as-leader-of-cuba-by-june-30,Miguel Díaz-Canel out as leader of Cuba by...?,International humanitarian convoy arrives in Cuba amid energy crisis,AP News,https://apnews.com/article/cuba-eeuu-ayuda-humanitaria-caravana-convoy-cb11963a2bc960d09a1b6f33fa51ebff,apnews.com,200,news,no,,,no
2026-01-24,texas-republican-senate-primary-winner,Texas Republican Senate Primary Winner,Ken Paxton issues legal opinion supporting exclusion of certain schools from Texas voucher program,AP News,https://apnews.com/article/texas-school-vouchers-opinion-terrorists-ken-paxton-5849d3ca44a733ce016300070788eec3,apnews.com,200,news,no,,,no
2026-01-25,republican-presidential-nominee-2028,Republican Presidential Nominee 2028,JD Vance touts Trumpâs antiâabortion record at March for Life rally,AP News,https://apnews.com/article/march-for-life-vance-abortion-beb7c04a39a54861836f64ae3ba90b56,apnews.com,200,news,no,,,no
2026-01-25,which-party-will-win-the-house-in-2026,Which party will win the House in 2026?,Virginia Supreme Court blocks Democratic congressional redistricting plan,AP News,https://apnews.com/article/redistricting-virginia-congress-democrats-republicans-12a31037f3c9a94d3cb9fbcaaf84d94f,apnews.com,200,news,no,,,no
2026-01-25,nobel-peace-prize-winner-2026-139,Nobel Peace Prize Winner 2026,"Trump threatens Greenland takeover, linking it to Nobel Peace Prize snub",AP News,https://apnews.com/article/greenland-denmark-us-trump-899d73348f2ee6c0cd2a8a6e6e136a90,apnews.com,200,news,no,,,no
2026-01-25,fed-decision-in-june-825,Fed Decision in June?,Trump names Kevin Warsh as next Fed chair,AP News,https://apnews.com/article/warsh-trump-federal-reserve-chair-6b4441263c1b7ecb40b96adf17adeea2,apnews.com,200,news,no,,,no
2026-01-25,will-any-country-leave-nato-in-2025,Will any country leave NATO by...?,Trump's NATO criticism and troop comments draw UK and EU backlash,AP News,https://apnews.com/article/trump-nato-uk-afghanistan-denmark-greenland-f5975e87928696edf41085821f7d0b01,apnews.com,200,news,no,,,no
2026-01-26,democratic-presidential-nominee-2028,Democratic Presidential Nominee 2028,Trump administration freezes child care funds to Minnesota amid fraud allegations,AP News,https://apnews.com/article/minnesota-child-care-funds-fraud-b511941de10f02fbb7349eff6738f748,apnews.com,200,news,no,,,no
2026-01-26,which-party-will-win-the-house-in-2026,Which party will win the House in 2026?,Virginia Supreme Court rejects Democratic redistricting map,AP News,https://apnews.com/article/redistricting-alabama-virginia-louisiana-courts-2e109f6432ce02b2e9f0ec44dd1ebbbc,apnews.com,200,news,no,,,no
2026-01-26,which-party-will-win-the-senate-in-2026,Which party will win the Senate in 2026?,"Democratic Rep. Jasmine Crockett announces U.S. Senate bid in Texas, targeting Trump",AP News,https://apnews.com/article/texas-senate-race-colin-allred-jasmine-crockett-5849d3ca44a733ce016300070788eec3,apnews.com,200,news,no,,,no
2026-01-26,california-governor-election-2026,California Governor Election Winner,San Jose Mayor Matt Mahan enters California governor race,AP News,https://apnews.com/article/california-governor-race-matt-mahan-219b8085a1f1f6400f6f0f13707274b4,apnews.com,200,news,no,,,no
2026-01-26,california-governor-election-2026,California Governor Election Winner,Rep. Eric Swalwell withdraws from California governor's race amid sexual assault allegations,AP News,https://apnews.com/article/eric-swalwell-congress-california-governor-election-f485eacb0aa43d04e534430cfaa704e1,apnews.com,200,news,no,,,no
2026-01-26,will-any-country-leave-nato-in-2025,Will any country leave NATO by...?,France and NATO leaders engage Trump behind closed doors,AP News,https://apnews.com/article/trump-macron-greenland-rutte-nato-82b855f0acd7d1a1d28cfa91acf66131,apnews.com,200,news,no,,,no
2026-01-27,which-party-will-win-the-senate-in-2026,Which party will win the Senate in 2026?,Democrat Taylor Rehmet flips Republican Texas state Senate seat Trump won by 17 points,AP News,https://apnews.com/article/texas-state-senate-democrat-taylor-rehmet-c8cb6685c49696b8a607a8f93111ae2e,apnews.com,200,news,no,,,no
2026-01-27,balance-of-power-2026-midterms,Balance of Power: 2026 Midterms,Democratic fundraising surge reported by DCCC ahead of 2026 midterms,AP News,https://apnews.com/article/elections-house-senate-congress-midterms-trump-387549d4d5e682cf8ce8205d96d07ca7,apnews.com,200,news,no,,,no
2026-01-27,fed-decision-in-june-825,Fed Decision in June?,Fed minutes reveal majority want inflation progress before rate cuts,AP News,https://apnews.com/article/inflation-jobs-fed-trump-d7aabc066d5a3a330022963289abc0c0,apnews.com,200,news,no,,,no
2026-01-27,what-will-fed-rate-hit-before-2027,What will Fed Rate hit before 2027?,Fed holds interest rates steady amid inflation and job market uncertainty,AP News,https://apnews.com/article/inflation-jobs-fed-trump-d7aabc066d5a3a330022963289abc0c0,apnews.com,200,news,no,,,no
2026-01-27,what-will-fed-rate-hit-before-2027,What will Fed Rate hit before 2027?,President Trump nominates Kevin Warsh to be Fed Chair,AP News,https://apnews.com/article/warsh-trump-federal-reserve-chair-6b4441263c1b7ecb40b96adf17adeea2,apnews.com,200,news,no,,,no
2026-01-27,what-will-fed-rate-hit-before-2027,What will Fed Rate hit before 2027?,Fed minutes reveal majority want more inflation progress before rate cuts,AP News,https://apnews.com/article/inflation-jobs-fed-trump-d7aabc066d5a3a330022963289abc0c0,apnews.com,200,news,no,,,no
2026-01-27,what-will-fed-rate-hit-before-2027,What will Fed Rate hit before 2027?,Fed minutes reveal majority want more inflation progress before rate cuts,AP News,https://apnews.com/article/inflation-jobs-fed-trump-d7aabc066d5a3a330022963289abc0c0,apnews.com,200,news,no,,,no
2026-01-27,what-will-fed-rate-hit-before-2027,What will Fed Rate hit before 2027?,Fed expected to keep rates unchanged amid economic uncertainty,AP News,https://apnews.com/article/federal-reserve-trump-powell-inflation-c1e2c5222795bda4a1d294f6406f66fc,apnews.com,200,news,no,,,no
2026-01-27,what-will-fed-rate-hit-before-2027,What will Fed Rate hit before 2027?,Fed keeps rates steady at 3.6% amid mixed data,AP News,https://apnews.com/article/federal-reserve-trump-powell-inflation-c1e2c5222795bda4a1d294f6406f66fc,apnews.com,200,news,no,,,no
2026-01-28,democratic-presidential-nominee-2028,Democratic Presidential Nominee 2028,"Newsom criticizes Trump, highlights California as national model in State of the State speech",AP News,https://apnews.com/article/california-newsom-state-speech-address-381b1657bf97fe5dcd92a7c1fd2d651e,apnews.com,200,news,no,,,no
2026-01-28,brazil-presidential-election,Brazil Presidential Election,Brazilâs Supreme Court moves Bolsonaro to larger cell with outdoor area,AP News,https://apnews.com/article/brazil-bolsonaro-prison-68d63217f7f7e7cc6da5d48a47bd0593,apnews.com,200,news,no,,,no
2026-01-28,will-russia-capture-kostyantynivka-by,Will Russia capture Kostyantynivka by...?,U.S. pushes June deadline for Ukraine-Russia peace deal,AP News,https://apnews.com/article/russia-ukraine-war-zelenskyy-us-00d9cb742b6a71eb36a79930dfd06000,apnews.com,200,news,no,,,no
2026-01-28,which-party-will-win-the-senate-in-2026,Which party will win the Senate in 2026?,Alex Vindman enters Florida Senate race as prominent Democrat,AP News,https://apnews.com/article/alex-vindman-florida-senate-trump-ukraine-impeachment-1850e6e729d1d1efa2ca8baddc47a815,apnews.com,200,news,no,,,no
2026-01-28,balance-of-power-2026-midterms,Balance of Power: 2026 Midterms,Democratic National Committee launches major voter registration initiative,AP News,https://apnews.com/article/democrats-dnc-voter-registration-midterms-6f15083ad2b6f428348c5e70ef85d34d,apnews.com,200,news,no,,,no
2026-01-28,brazil-presidential-election,Brazil Presidential Election,Brazil’s Supreme Court moves Bolsonaro to larger cell with outdoor area,AP News,https://apnews.com/article/brazil-bolsonaro-prison-68d63217f7f7e7cc6da5d48a47bd0593,apnews.com,200,news,no,,,no
2026-01-28,colombia-presidential-election,Colombia Presidential Election,Colombian President Petro optimistic about upcoming White House meeting with Trump,AP News,https://apnews.com/article/colombia-us-petro-meeting-trump-cdaddced43a05cb94d23a5d106bf3074,apnews.com,200,news,no,,,no
2026-01-28,starmer-out-in-2025,Starmer out by...?,Starmer rallies cabinet support amid leadership crisis over Mandelson scandal,AP News,https://apnews.com/article/keir-starmer-mandelson-epstein-ambassador-security-vetting-266cda693968937f15a661f39f48663c,apnews.com,200,news,no,,,no
2026-01-28,israeli-parliament-dissolved-by-october-31,Israeli parliament dissolved by...?,Israelâs cabinet meets to discuss opening Rafah crossing after hostage recovery,AP News,https://apnews.com/article/gaza-israel-hamas-palestinians-hostage-gvili-d57a28eb5371785588d4b955f9dd2a46,apnews.com,200,news,no,,,no
2026-01-28,what-will-fed-rate-hit-before-2027,What will Fed Rate hit before 2027?,Fed keeps rates steady at 3.6% amid economic uncertainty and inflation concerns,AP News,https://apnews.com/article/federal-reserve-trump-powell-inflation-c1e2c5222795bda4a1d294f6406f66fc,apnews.com,200,news,no,,,no
2026-01-28,what-will-fed-rate-hit-before-2027,What will Fed Rate hit before 2027?,Fed minutes reveal majority want more inflation progress before rate cuts,AP News,https://apnews.com/article/inflation-jobs-fed-trump-d7aabc066d5a3a330022963289abc0c0,apnews.com,200,news,no,,,no
2026-01-29,brazil-presidential-election,Brazil Presidential Election,Fernando Haddad resigns as Brazilâs finance minister to run for SÃ£o Paulo governor,AP News,https://apnews.com/article/brazil-economy-politics-finance-minister-war-fc397a97a74c8cf996152271bd77181c,apnews.com,200,news,no,,,no
2026-01-29,which-party-will-win-the-senate-in-2026,Which party will win the Senate in 2026?,"Democratic Rep. Jasmine Crockett launches US Senate bid in Texas, targeting GOP incumbent",AP News,https://apnews.com/article/texas-senate-race-colin-allred-jasmine-crockett-5849d3ca44a733ce016300070788eec3,apnews.com,200,news,no,,,no
2026-01-29,nobel-peace-prize-winner-2026-139,Nobel Peace Prize Winner 2026,President Trump requests Russian President Putin to pause attacks on Kyiv due to extreme cold,AP News,https://apnews.com/live/donald-trump-news-updates-1-29-2026,apnews.com,200,news,no,,,no
2026-01-29,balance-of-power-2026-midterms,Balance of Power: 2026 Midterms,Democratic election officials plan crisis scenarios amid fears of Trump interference,AP News,https://apnews.com/article/democrats-elections-crisis-planning-trump-ice-midterms-ec3cf81ce9395a5be325bcb2433ceb31,apnews.com,200,news,no,,,no
2026-01-29,california-governor-election-2026,California Governor Election Winner,Matt Mahan campaign gains momentum,AP News,https://apnews.com/article/california-governor-race-matt-mahan-219b8085a1f1f6400f6f0f13707274b4,apnews.com,200,news,no,,,no
2026-01-29,what-will-fed-rate-hit-before-2027,What will Fed Rate hit before 2027?,Fed minutes reveal officials want more inflation progress before rate cuts,AP News,https://apnews.com/article/inflation-jobs-fed-trump-d7aabc066d5a3a330022963289abc0c0,apnews.com,200,news,no,,,no
2026-01-30,brazil-presidential-election,Brazil Presidential Election,Brazilâs finance minister Fernando Haddad resigns to run for Sao Paulo governor,AP News,https://apnews.com/article/brazil-economy-politics-finance-minister-war-fc397a97a74c8cf996152271bd77181c,apnews.com,200,news,no,,,no
2026-01-30,balance-of-power-2026-midterms,Balance of Power: 2026 Midterms,Democrat Taylor Rehmet flips Republican Texas state Senate seat,AP News,https://apnews.com/article/texas-state-senate-democrat-taylor-rehmet-c8cb6685c49696b8a607a8f93111ae2e,apnews.com,200,news,no,,,no
2026-01-30,los-angeles-mayoral-election-117,Los Angeles Mayoral Election,Conservative group files lawsuit challenging LA school desegregation policy,AP News,https://apnews.com/article/los-angeles-schools-lawsuit-discrimination-1776-project-da1c0137c236af59d396a675021524f5,apnews.com,200,news,no,,,no
2026-01-30,colombia-presidential-election,Colombia Presidential Election,Colombian President Gustavo Petro optimistic about upcoming White House meeting with Trump,AP News,https://apnews.com/article/colombia-us-petro-meeting-trump-cdaddced43a05cb94d23a5d106bf3074,apnews.com,200,news,no,,,no
2026-01-30,what-will-fed-rate-hit-before-2027,What will Fed Rate hit before 2027?,Trump announces Kevin Warsh as nominee for Federal Reserve Chair,AP News,https://apnews.com/article/warsh-trump-federal-reserve-chair-6b4441263c1b7ecb40b96adf17adeea2,apnews.com,200,news,no,,,no
2026-01-31,which-party-will-win-the-house-in-2026,Which party will win the House in 2026?,"Democrat Renee Hardman wins Iowa state Senate seat, blocking GOP supermajority",AP News,https://apnews.com/article/iowa-special-election-state-senate-supermajority-32ecda723de7a58d0da7d1d701dbc980,apnews.com,200,news,no,,,no
2026-01-31,which-party-will-win-the-house-in-2026,Which party will win the House in 2026?,Virginia Supreme Court blocks Democratic congressional redistricting plan,AP News,https://apnews.com/article/redistricting-virginia-congress-democrats-republicans-12a31037f3c9a94d3cb9fbcaaf84d94f,apnews.com,200,news,no,,,no
2026-01-31,miguel-daz-canel-out-as-leader-of-cuba-by-june-30,Miguel Díaz-Canel out as leader of Cuba by...?,Humanitarian aid convoy arrives in Cuba amid crisis,AP News,https://apnews.com/article/cuba-eeuu-ayuda-humanitaria-caravana-convoy-cb11963a2bc960d09a1b6f33fa51ebff,apnews.com,200,news,no,,,no
2026-01-31,texas-republican-senate-primary-winner,Texas Republican Senate Primary Winner,"Cornyn’s campaign outspends rivals, sees modest price rebound",AP News,https://apnews.com/article/texas-senate-republicans-cornyn-paxton-hunt-01f1ffaf8a890e3017af407abe502e8f,apnews.com,200,news,no,,,no
2026-01-31,texas-republican-senate-primary-winner,Texas Republican Senate Primary Winner,"Cornyn’s campaign outspends rivals, sees modest price rebound",AP News,https://apnews.com/article/texas-senate-republicans-cornyn-paxton-hunt-01f1ffaf8a890e3017af407abe502e8f,apnews.com,200,news,no,,,no
2026-01-31,ukraine-election-called-in-2025,Ukraine election called by...?,Hungary suspends diesel shipments to Ukraine amid pipeline disruptions,AP News,https://apnews.com/article/hungary-ukraine-diesel-shipments-russia-pipeline-dispute-7f075973bd1fea8de33b72a5823e8774,apnews.com,200,news,no,,,no
2026-01-31,what-will-fed-rate-hit-before-2027,What will Fed Rate hit before 2027?,Strong hiring in January contrasts with weak 2025 job growth,AP News,https://apnews.com/article/jobs-economy-unemployment-labor-c760d3f86988833bc9ccb3936d44d61b,apnews.com,200,news,no,,,no
2026-02-01,democratic-presidential-nominee-2028,Democratic Presidential Nominee 2028,Trevor Noah to host Grammy Awards for sixth and final time,AP News,https://apnews.com/article/grammys-trevor-noah-host-201a6423cacb7daa399f3678beae9f28,apnews.com,200,news,no,,,no
2026-02-01,democratic-presidential-nominee-2028,Democratic Presidential Nominee 2028,California launches instant electric vehicle rebates to counter federal cuts,AP News,https://apnews.com/article/gavin-newsom-electric-vehicles-donald-trump-donald-trump-es-california-8e2a8d5c4de98e2781f0bf55985f1d5e,apnews.com,200,news,no,,,no
2026-02-01,democratic-presidential-nominee-2028,Democratic Presidential Nominee 2028,Kamala Harris' support declines amid shifting Democratic dynamics post-2024 election,AP News,https://apnews.com/hub/kamala-harris,apnews.com,200,news,no,,,no
2026-02-01,who-will-be-the-next-prime-minister-of-israel-after-the-next-election,Who will be the next Prime Minister of Israel after the next election?,Netanyahu convenes cabinet to address rising settler violence in West Bank,AP News,https://apnews.com/article/mideast-wars-israel-palestine-west-bank-04a9ec4d55e1e0556428ca23c70efe91,apnews.com,200,news,no,,,no
2026-02-01,will-russia-capture-kostyantynivka-by,Will Russia capture Kostyantynivka by...?,U.S. and Russia hold trilateral peace talks in UAE as Ukraine prepares for prisoner exchange,AP News,https://apnews.com/article/russia-ukraine-trump-putin-witkoff-kushner-zelenskyy-a77eadb50780c3d22882c42ea4764a54,apnews.com,200,news,no,,,no
2026-02-01,will-the-us-confirm-that-aliens-exist-before-2027,Will the US confirm that aliens exist by...?,Space shuttle Columbia disaster remembered on anniversary,AP News,https://apnews.com/today-in-history/february-1,apnews.com,200,news,no,,,no
2026-02-01,which-party-will-win-the-house-in-2026,Which party will win the House in 2026?,"Democrat Renee Hardman wins Iowa state Senate seat, blocking GOP supermajority",AP News,https://apnews.com/article/iowa-special-election-state-senate-supermajority-32ecda723de7a58d0da7d1d701dbc980,apnews.com,200,news,no,,,no
2026-02-01,nobel-peace-prize-winner-2026-139,Nobel Peace Prize Winner 2026,"US, Russia, and Ukraine hold trilateral peace talks in UAE",AP News,https://apnews.com/article/russia-ukraine-trump-putin-witkoff-kushner-zelenskyy-a77eadb50780c3d22882c42ea4764a54,apnews.com,200,news,no,,,no
2026-02-01,nobel-peace-prize-winner-2026-139,Nobel Peace Prize Winner 2026,Trump links Greenland stance to Nobel Peace Prize snub in message to Norwegian PM,AP News,https://apnews.com/article/greenland-denmark-us-trump-starmer-9b01eb577363ee6e913722fe3d40d68e,apnews.com,200,news,no,,,no
2026-02-01,balance-of-power-2026-midterms,Balance of Power: 2026 Midterms,Democrats express concerns over Trumpâs potential interference in 2026 midterms,AP News,https://apnews.com/article/election-2026-trump-voting-doj-interference-22e2313f98e354fa31f277d3a1dc67d3,apnews.com,200,news,no,,,no
2026-02-01,balance-of-power-2026-midterms,Balance of Power: 2026 Midterms,Democrat Taylor Rehmet flips Republican Texas state Senate seat Trump won by 17 points,AP News,https://apnews.com/article/texas-state-senate-democrat-taylor-rehmet-c8cb6685c49696b8a607a8f93111ae2e,apnews.com,200,news,no,,,no
2026-02-01,netanyahu-out-before-2027,Netanyahu out by...?,Netanyahu to meet Trump in Florida amid Iran talks,AP News,https://apnews.com/article/trump-netanyahu-gaza-ceasefire-arab-nations-229253766673f18c1195550572edd2ce,apnews.com,200,news,no,,,no
2026-02-01,california-governor-election-2026,California Governor Election Winner,Katie Porter faces criticism over campaign conduct in California governor race,AP News,https://apnews.com/article/katie-porter-california-governor-democrats-gavin-newsom-f82f51607978928018610def39caab33,apnews.com,200,news,no,,,no
2026-02-01,miguel-daz-canel-out-as-leader-of-cuba-by-june-30,Miguel Díaz-Canel out as leader of Cuba by...?,Cuba denies current talks with U.S. but remains open to dialogue,AP News,https://apnews.com/article/cuba-us-oil-trump-venezuela-02968f7204cd863cc1acbbcfab3e69db,apnews.com,200,news,no,,,no
2026-02-01,texas-republican-senate-primary-winner,Texas Republican Senate Primary Winner,Democrat Taylor Rehmet flips Republican Texas state Senate seat,AP News,https://apnews.com/article/texas-state-senate-democrat-taylor-rehmet-c8cb6685c49696b8a607a8f93111ae2e,apnews.com,200,news,no,,,no
2026-02-01,ky-04-republican-primary-winner,KY-04 Republican Primary Winner,Massie joins bipartisan effort to pressure DOJ on Epstein files,AP News,https://apnews.com/article/epstein-files-justice-department,apnews.com,404,dead link,yes,archived,real_dead_link,no
2026-02-01,texas-republican-senate-primary-winner,Texas Republican Senate Primary Winner,Democrat Taylor Rehmet flips Republican Texas state Senate seat,AP News,https://apnews.com/article/texas-state-senate-democrat-taylor-rehmet-c8cb6685c49696b8a607a8f93111ae2e,apnews.com,200,news,no,,,no
2026-02-01,what-will-fed-rate-hit-before-2027,What will Fed Rate hit before 2027?,Fed expected to keep rates steady amid economic uncertainty,AP News,https://apnews.com/article/federal-reserve-trump-powell-inflation-c1e2c5222795bda4a1d294f6406f66fc,apnews.com,200,news,no,,,no
2026-02-01,what-will-fed-rate-hit-before-2027,What will Fed Rate hit before 2027?,Trump nominates Kevin Warsh as next Federal Reserve chair,AP News,https://apnews.com/article/warsh-trump-federal-reserve-chair-6b4441263c1b7ecb40b96adf17adeea2,apnews.com,200,news,no,,,no
2026-02-02,which-party-will-win-the-house-in-2026,Which party will win the House in 2026?,"Virginia Supreme Court upends Democrats' redistricting plan, boosting GOP advantage",AP News,https://apnews.com/article/redistricting-virginia-congress-democrats-republicans-12a31037f3c9a94d3cb9fbcaaf84d94f,apnews.com,200,news,no,,,no
2026-02-02,which-party-will-win-the-senate-in-2026,Which party will win the Senate in 2026?,"Maine Senate primary: Mills drops out, Platner advances",AP News,https://apnews.com/article/janet-mills-maine-senate-platner-e26930c7ff77fcbb2b513f42b6092246,apnews.com,200,news,no,,,no
2026-02-02,netanyahu-out-before-2027,Netanyahu out by...?,Security cabinet approves new West Bank settlement measures,AP News,https://apnews.com/article/west-bank-israel-settlement-palestinians-cabinet-328429d96099bc33275035b85244797a,apnews.com,200,news,no,,,no
2026-02-02,what-will-happen-before-gta-vi,What will happen before GTA VI?,"Bad Bunny wins album of the year at 2026 Grammy Awards, first Spanish-language album to do so",AP News,https://apnews.com/article/2026-grammy-awards-4d631de5d968b51276a8f06b76580e20,apnews.com,200,news,no,,,no
2026-02-02,california-governor-election-2026,California Governor Election Winner,Swalwell resigns from Congress amid sexualâassault allegations,AP News,https://apnews.com/article/eric-swalwell-congress-rape-accusation-california-bd42cd883afdcb20990c3fa4b0d82f9d,apnews.com,200,news,no,,,no
2026-02-02,miguel-daz-canel-out-as-leader-of-cuba-by-june-30,Miguel Díaz-Canel out as leader of Cuba by...?,CIA Director John Ratcliffe meets Cuban officials in Havana,AP News,https://apnews.com/article/cuba-us-meeting-cia-john-9a3e7946460f8e5e48424f3a59df3fe8,apnews.com,200,news,no,,,no
2026-02-02,texas-republican-senate-primary-winner,Texas Republican Senate Primary Winner,Cornyn warns GOP primary runoff could hurt Republican Senate chances,AP News,https://apnews.com/article/texas-senate-republicans-cornyn-paxton-hunt-01f1ffaf8a890e3017af407abe502e8f,apnews.com,200,news,no,,,no
2026-02-02,fed-decision-in-june-825,Fed Decision in June?,Trump nominates Kevin Warsh as next Federal Reserve chair,AP News,https://apnews.com/article/warsh-trump-federal-reserve-chair-6b4441263c1b7ecb40b96adf17adeea2,apnews.com,200,news,no,,,no
2026-02-02,starmer-out-in-2025,Starmer out by...?,Starmer defuses leadership crisis over Mandelson appointment,AP News,https://apnews.com/article/uk-keir-starmer-leadership-crisis-mandelson-epstein-729040b1bc95a74ebbdeb7f19f9d7487,apnews.com,200,news,no,,,no
2026-02-02,texas-republican-senate-primary-winner,Texas Republican Senate Primary Winner,Cornyn warns GOP primary runoff could hurt Republican Senate chances,AP News,https://apnews.com/article/texas-senate-republicans-cornyn-paxton-hunt-01f1ffaf8a890e3017af407abe502e8f,apnews.com,200,news,no,,,no
2026-02-02,what-will-fed-rate-hit-before-2027,What will Fed Rate hit before 2027?,Trump nominates Kevin Warsh as next Fed chair,AP News,https://apnews.com/article/warsh-trump-federal-reserve-chair-6b4441263c1b7ecb40b96adf17adeea2,apnews.com,200,news,no,,,no
2026-02-02,what-will-fed-rate-hit-before-2027,What will Fed Rate hit before 2027?,Treasury Secretary Scott Bessent proposes residency rule for regional Fed presidents,AP News,https://apnews.com/article/federal-reserve-trump-bessent-6ddd9c8b204668551caecf6c5fe51388,apnews.com,200,news,no,,,no
2026-02-02,what-will-fed-rate-hit-before-2027,What will Fed Rate hit before 2027?,Fed officials vote to keep rates unchanged amid inflation concerns,AP News,https://apnews.com/article/federal-reserve-economy-inflation-jobs-442de589de9b99bb811f76e402b00948,apnews.com,200,news,no,,,no
2026-02-03,which-party-will-win-the-senate-in-2026,Which party will win the Senate in 2026?,Democrat Taylor Rehmet flips Republican Texas state Senate seat in special election,AP News,https://apnews.com/article/texas-state-senate-democrat-taylor-rehmet-c8cb6685c49696b8a607a8f93111ae2e,apnews.com,200,news,no,,,no
2026-02-03,netanyahu-out-before-2027,Netanyahu out by...?,Netanyahu approves $35 billion natural gas export deal to Egypt,AP News,https://apnews.com/article/israel-gas-leviathan-chevron-egypt-9d7e816ae59b18f5d5cb78aadc3083e1,apnews.com,200,news,no,,,no
2026-02-03,netanyahu-out-before-2027,Netanyahu out by...?,U.S. envoys urge Netanyahu to advance Gaza ceaseâfireâs second phase,AP News,https://apnews.com/article/israel-gaza-war-trump-news-01-24-2026-90e36ca7d2e27ca8a21d1727e9e0119f,apnews.com,200,news,no,,,no
2026-02-03,colombia-presidential-election,Colombia Presidential Election,"Gustavo Petro meets US President Trump, easing diplomatic tensions",AP News,https://apnews.com/article/colombia-us-petro-meeting-trump-2026,apnews.com,404,dead link,yes,archived,real_dead_link,no
2026-02-03,ukraine-election-called-in-2025,Ukraine election called by...?,U.S.-brokered Russia-Ukraine peace talks scheduled to resume in Abu Dhabi,AP News,https://apnews.com/article/russia-ukraine-war-talks-drones-starlink-3ae862c4713a378b2d2ebb809b39120a,apnews.com,200,news,no,,,no
2026-02-03,what-will-fed-rate-hit-before-2027,What will Fed Rate hit before 2027?,Supreme Court hears arguments on the attempt to fire Fed governor Lisa Cook,AP News,https://apnews.com/article/supreme-court-trump-federal-reserve-lisa-cook-5a48941a9e30017b0ed3e5837492d288,apnews.com,200,news,no,,,no
2026-02-04,democratic-presidential-nominee-2028,Democratic Presidential Nominee 2028,"Newsomâs budget shortfall deepens, prompting cuts to state programs",AP News,https://apnews.com/article/california-budget-gavin-newsom-last-year-deficits-6811fe4519bac5145f4002959690a280,apnews.com,200,news,no,,,no
2026-02-04,nobel-peace-prize-winner-2026-139,Nobel Peace Prize Winner 2026,UNRWA announces major donor funding cuts,AP News,https://apnews.com/article/unrwa-funding-cuts-2026-02-04,apnews.com,404,dead link,yes,archived,real_dead_link,no
2026-02-04,balance-of-power-2026-midterms,Balance of Power: 2026 Midterms,Joint APâFoxâNBC poll shows Republican Senate lead shrinks to 3 points,Associated Press,https://apnews.com/article/2026-midterm-poll-r-senate-d-house,apnews.com,404,dead link,yes,archived,real_dead_link,no
2026-02-04,balance-of-power-2026-midterms,Balance of Power: 2026 Midterms,House Republicans propose stricter voting rules before midterms,AP News,https://apnews.com/article/midterms-voting-laws-photo-id-citizenship-republicans-feecb51a6efa41cf32d18fe4b15c08ce,apnews.com,200,news,no,,,no
2026-02-04,california-governor-election-2026,California Governor Election Winner,Eric Swalwell withdraws amid sexualâassault allegations,AP News,https://apnews.com/article/eric-swalwell-congress-rape-accusation-california-bd42cd883afdcb20990c3fa4b0d82f9d,apnews.com,200,news,no,,,no
2026-02-04,miguel-daz-canel-out-as-leader-of-cuba-by-june-30,Miguel Díaz-Canel out as leader of Cuba by...?,U.S. signs executive order imposing tariffs on oil to Cuba,AP News,https://apnews.com/article/oil-cuba-tariffs-trump-mexico-30f1d74a766fee23001684a5bb8079d9,apnews.com,200,news,no,,,no
2026-02-04,starmer-out-in-2025,Starmer out by...?,Starmer’s chief of staff resigns amid Mandelson‑Epstein revelations,AP News,https://apnews.com/article/jeffrey-epstein-britain-keir-starmer-mandelson-c1e5c7654cc9bd48126b9ba3ea6996ef,apnews.com,200,news,no,,,no
2026-02-04,starmer-out-in-2025,Starmer out by...?,Starmer’s chief of staff resigns amid Mandelson‑Epstein revelations,AP News,https://apnews.com/article/jeffrey-epstein-britain-keir-starmer-mandelson-c1e5c7654cc9bd48126b9ba3ea6996ef,apnews.com,200,news,no,,,no
2026-02-04,starmer-out-in-2025,Starmer out by...?,Police open criminal investigation into Peter Mandelson over alleged Epstein leaks,AP News,https://apnews.com/article/uk-peter-mandelson-jeffrey-epstein-ambassador-starmer-fc3f953112ac10108e1109920fd9dca0,apnews.com,200,news,no,,,no
2026-02-04,israeli-parliament-dissolved-by-october-31,Israeli parliament dissolved by...?,Israel announces largeâscale operation to locate last hostage in Gaza,AP News,https://apnews.com/article/gaza-israel-hamas-palestinians-hostage-gvili-d57a28eb5371785588d4b955f9dd2a46,apnews.com,200,news,no,,,no
2026-02-04,ukraine-election-called-in-2025,Ukraine election called by...?,"Next round of Russia-Ukraine peace talks scheduled, no election date announced",AP News,https://apnews.com/article/russia-ukraine-peace-talks-2026,apnews.com,404,dead link,yes,archived,real_dead_link,no
2026-02-05,democratic-presidential-nominee-2028,Democratic Presidential Nominee 2028,Jon Ossoffâs Senate race draws criticism over staff hiring ethics,AP News,https://apnews.com/article/georgia-congress-ethics-mike-collins-1e5d,apnews.com,404,dead link,yes,archived,real_dead_link,no
2026-02-05,presidential-election-winner-2028,Presidential Election Winner 2028,Vice President JD Vance leads U.S. delegation to 2026 Winter Olympics in Milan,AP News,https://apnews.com/article/vance-winter-olympics-armenia-azerbaijan-c3bd416df3afa3e64a5c29d9c438e8e5,apnews.com,200,news,no,,,no
2026-02-05,republican-presidential-nominee-2028,Republican Presidential Nominee 2028,Man breaks windows at J.D. Vance's Ohio home and is detained by Secret Service,AP News,https://apnews.com/article/vance-home-ohio-damaged-man-detained-c53c099124e36642e4dd4d86c38cf33f,apnews.com,200,news,no,,,no
2026-02-05,will-russia-capture-kostyantynivka-by,Will Russia capture Kostyantynivka by...?,U.S. and Russia reestablish high-level military dialogue following Abu Dhabi talks,AP News,https://apnews.com/article/russia-ukraine-talks-peace-abu-dhabi-witkoff-31ccc70ae7599507bc5a98a6cd87e2aa,apnews.com,200,news,no,,,no
2026-02-05,which-party-will-win-the-house-in-2026,Which party will win the House in 2026?,APâNORC poll finds independents leaning Democratic amid low party favorability,AP News,https://apnews.com/article/poll-trump-democrats-republicans-parties-abc06b4ddc9b3aca7065ead47d43c75b,apnews.com,200,news,no,,,no
2026-02-05,balance-of-power-2026-midterms,Balance of Power: 2026 Midterms,AP-NORC poll finds Democrats still down on their party despite recent wins,AP News,https://apnews.com/article/poll-trump-democrats-republicans-parties-abc06b4ddc9b3aca7065ead47d43c75b,apnews.com,200,news,no,,,no
2026-02-05,fed-decision-in-june-825,Fed Decision in June?,Supreme Court hears case on attempted firing of Fed Governor Lisa Cook,AP News,https://apnews.com/article/federal-reserve-jerome-powell-lisa-cook-supreme-court-7f135bd222013d4fe61eb8f03c663676,apnews.com,200,news,no,,,no
2026-02-05,fed-decision-in-june-825,Fed Decision in June?,Justice Department subpoenas the Federal Reserve over Chairman Powell’s testimony,AP News,https://apnews.com/article/federal-reserve-trump-subpoena-bf4fc6c690fa248fbc531bc9bc7f1758,apnews.com,200,news,no,,,no
2026-02-05,ky-04-republican-primary-winner,KY-04 Republican Primary Winner,Rep. Thomas Massie and Rep. Ro Khanna push for full release of Epstein files,AP News,https://apnews.com/article/epstein-files-justice-department-trump-9e3a6f572859a5ff12616bb04409ae8c,apnews.com,200,news,no,,,no
2026-02-05,what-will-fed-rate-hit-before-2027,What will Fed Rate hit before 2027?,US jobs report shows slowing hiring and rising unemployment,AP News,https://apnews.com/article/jobs-economy-trump-unemployment-federal-reserve-cf1280a8466d92fbbc1b5ace7b80bffc,apnews.com,200,news,no,,,no
2026-02-06,democratic-presidential-nominee-2028,Democratic Presidential Nominee 2028,Peteâ¯Buttigiegâs poll numbers dip after debate performance,AP News,https://apnews.com/article/pete-buttigieg-debate-2026,apnews.com,404,dead link,yes,archived,real_dead_link,no
2026-02-06,presidential-election-winner-2028,Presidential Election Winner 2028,JD Vance and Marco Rubio join U.S. delegation to Winter Olympics opening ceremony,AP News,https://apnews.com/article/us-delegation-winter-olympics-vance-rubio-italy-4cda5924bd4bec7732c065e2a170cbaf,apnews.com,200,news,no,,,no
2026-02-06,presidential-election-winner-2028,Presidential Election Winner 2028,JD Vance and Marco Rubio attend Winter Olympics opening ceremony,AP News,https://apnews.com/article/us-delegation-winter-olympics-vance-rubio-italy-4cda5924bd4bec7732c065e2a170cbaf,apnews.com,200,news,no,,,no
2026-02-06,republican-presidential-nominee-2028,Republican Presidential Nominee 2028,JD Vance leads U.S. delegation at Winter Olympics opening ceremony,AP News,https://apnews.com/article/us-delegation-winter-olympics-vance-rubio-italy-4cda5924bd4bec7732c065e2a170cbaf,apnews.com,200,news,no,,,no
2026-02-06,republican-presidential-nominee-2028,Republican Presidential Nominee 2028,Marco Rubio joins JD Vance at Winter Olympics delegation,AP News,https://apnews.com/article/us-delegation-winter-olympics-vance-rubio-italy-4cda5924bd4bec7732c065e2a170cbaf,apnews.com,200,news,no,,,no
2026-02-06,brazil-presidential-election,Brazil Presidential Election,Bolsonaro undergoes double hernia surgery in prison hospital,AP News,https://apnews.com/article/brazil-bolsonaro-hernia-surgery-prison-cf213deef6fdd4c15d903e47bae2c6ba,apnews.com,200,news,no,,,no
2026-02-06,will-russia-capture-kostyantynivka-by,Will Russia capture Kostyantynivka by...?,US and Russia reestablish high-level military dialogue amid peace talks,AP News,https://apnews.com/article/russia-ukraine-talks-peace-abu-dhabi-witkoff-31ccc70ae7599507bc5a98a6cd87e2aa,apnews.com,200,news,no,,,no
2026-02-06,will-the-us-confirm-that-aliens-exist-before-2027,Will the US confirm that aliens exist by...?,Federal judge restores Pentagon press credentials for major newspapers,AP News,https://apnews.com/article/pentagon-policy-news-reporters-hegseth-dc7a69b7e7c3f618b3879d9cafec9b25,apnews.com,200,news,no,,,no
2026-02-06,which-party-will-win-the-senate-in-2026,Which party will win the Senate in 2026?,Democratic Rep. Jasmine Crockett announces U.S. Senate bid in Texas,AP News,https://apnews.com/article/texas-senate-race-colin-allred-jasmine-crockett-5849d3ca44a733ce016300070788eec3,apnews.com,200,news,no,,,no
2026-02-06,nobel-peace-prize-winner-2026-139,Nobel Peace Prize Winner 2026,"MarÃ­a Corina Machado meets Donald Trump, presents Nobel Peace Prize medal",AP News,https://apnews.com/photo-gallery/trump-machado-venezuela-nobel-prize-photos-rodriguez-de5976deb4f392c8ab88f3d97cfdc730,apnews.com,200,news,no,,,no
2026-02-06,miguel-daz-canel-out-as-leader-of-cuba-by-june-30,Miguel Díaz-Canel out as leader of Cuba by...?,Cuba confirms talks with US amid energy crisis and sanctions,AP News,https://apnews.com/article/cuba-us-talks-68bec1bfee9efe696c8ce357463c7a56,apnews.com,200,news,no,,,no
2026-02-06,brazil-presidential-election,Brazil Presidential Election,Bolsonaro undergoes double hernia surgery in prison hospital,AP News,https://apnews.com/article/brazil-bolsonaro-hernia-surgery-prison-cf213deef6fdd4c15d903e47bae2c6ba,apnews.com,200,news,no,,,no
2026-02-06,fed-decision-in-june-825,Fed Decision in June?,Trump again pushes for lower rates; Powell warns of political pressure,AP News,https://apnews.com/article/federal-reserve-trump-powell-inflation-c1e2c5222795bda4a1d294f6406f66fc,apnews.com,200,news,no,,,no
2026-02-06,starmer-out-in-2025,Starmer out by...?,UK police launch criminal investigation into Peter Mandelson over Epstein leaks,AP News,https://apnews.com/article/uk-peter-mandelson-jeffrey-epstein-ambassador-starmer-9a198f5fd178ec405095e9aba72a055d,apnews.com,200,news,no,,,no
2026-02-07,presidential-election-winner-2028,Presidential Election Winner 2028,JDâ¯Vance and Jake Paul watch U.S. womenâs hockey at Winter Olympics,Associated Press,https://apnews.com/article/hockey-olympics-jd-vance-jake-paul-d12a4fe97f2d997ede41f641c2ef6728,apnews.com,200,news,no,,,no
2026-02-07,republican-presidential-nominee-2028,Republican Presidential Nominee 2028,JD Vance booed by crowd at Milan Cortina Winter Olympics opening ceremony,AP News,https://apnews.com/article/vance-booed-opening-ceremony-milan-cortina-cda982415bf683d709455c9d086077a8,apnews.com,200,news,no,,,no
2026-02-07,will-russia-capture-kostyantynivka-by,Will Russia capture Kostyantynivka by...?,Russia strikes Ukraineâs capital with missiles and drones before Zelenskyy-Trump meeting,AP News,https://apnews.com/article/russia-ukraine-war-kyiv-strikes-67c576b92273cc0953de64590572e159,apnews.com,200,news,no,,,no
2026-02-07,will-the-us-confirm-that-aliens-exist-before-2027,Will the US confirm that aliens exist by...?,Pentagon releases new batch of UFO files with detailed sightings,AP News,https://apnews.com/article/trump-ufos-uap-aliens-pentagon-records-investigation-3e658d2cf3742465127c0049c872240a,apnews.com,200,news,no,,,no
2026-02-07,nobel-peace-prize-winner-2026-139,Nobel Peace Prize Winner 2026,Sheikh Joaan bin Hamad Al Thani elected president of Olympic Council of Asia,AP News,https://apnews.com/article/olympics-asia-oca-qatar-sheikh-joaan-0553cbcae2d74512a87f4eea2c5a5c55,apnews.com,200,news,no,,,no
2026-02-07,nobel-peace-prize-winner-2026-139,Nobel Peace Prize Winner 2026,UNRWA faces funding cuts after European donors suspend aid,AP News,https://apnews.com/article/unrwa-funding-suspension-2026,apnews.com,404,dead link,yes,archived,real_dead_link,no
2026-02-07,miguel-daz-canel-out-as-leader-of-cuba-by-june-30,Miguel Díaz-Canel out as leader of Cuba by...?,US President Trump announces increased pressure on Cuba with oil supply blockade,AP News,https://apnews.com/article/cuba-fuel-embassy-trump-blockade-dd5a11ac933daf258d3f689e7cbb822d,apnews.com,200,news,no,,,no
2026-02-07,texas-republican-senate-primary-winner,Texas Republican Senate Primary Winner,Ken Paxton’s divorce filing becomes public,AP News,https://apnews.com/article/ken-paxton-texas-divorce-republican-senate-57039be35a95e9dec48fa64b3028358a,apnews.com,200,news,no,,,no
2026-02-07,fed-decision-in-june-825,Fed Decision in June?,Mortgage rates dip as market anticipates further Fed easing,AP News,https://apnews.com/article/mortgage-rates-housing-interest-financing-home-9d8fabf50c493891caeaf6b4d53458ee,apnews.com,200,news,no,,,no
2026-02-07,fed-decision-in-june-825,Fed Decision in June?,"Fed officials say inflation still above target, rates likely to hold",AP News,https://apnews.com/article/inflation-economy-consumers-ac538fd750b4622ee7fa439ef8021783,apnews.com,200,news,no,,,no
2026-02-07,ky-04-republican-primary-winner,KY-04 Republican Primary Winner,Massie’s market price falls after DOJ announces further delays on Epstein files,AP News,https://apnews.com/article/doj-delays-epstein-files-2026-02-07,apnews.com,404,dead link,yes,archived,real_dead_link,no
2026-02-07,texas-republican-senate-primary-winner,Texas Republican Senate Primary Winner,Ken Paxton’s divorce filing becomes public,AP News,https://apnews.com/article/ken-paxton-texas-divorce-republican-senate-57039be35a95e9dec48fa64b3028358a,apnews.com,200,news,no,,,no
2026-02-07,will-any-country-leave-nato-in-2025,Will any country leave NATO by...?,"Trump escalates Greenland threat, warning of U.S. annexation",AP News,https://apnews.com/article/nato-greenland-trump-russia-deterrence-threat-07d6c18ed968c25736eca2c25d935edb,apnews.com,200,news,no,,,no
2026-02-07,what-will-fed-rate-hit-before-2027,What will Fed Rate hit before 2027?,Treasury Secretary Scott Bessent proposes residency rule for regional Fed presidents,AP News,https://apnews.com/article/federal-reserve-trump-bessent-6ddd9c8b204668551caecf6c5fe51388,apnews.com,200,news,no,,,no
2026-02-07,what-will-fed-rate-hit-before-2027,What will Fed Rate hit before 2027?,Trump nominates Kevin Warsh as Fed chair,AP News,https://apnews.com/article/warsh-trump-federal-reserve-chair-6b4441263c1b7ecb40b96adf17adeea2,apnews.com,200,news,no,,,no
2026-02-08,presidential-election-winner-2028,Presidential Election Winner 2028,JD Vance attends U.S. women's hockey game with Jake Paul at Winter Olympics,AP News,https://apnews.com/article/hockey-olympics-jd-vance-jake-paul-d12a4fe97f2d997ede41f641c2ef6728,apnews.com,200,news,no,,,no
2026-02-08,republican-presidential-nominee-2028,Republican Presidential Nominee 2028,JD Vance and Jake Paul watch U.S. womenâs hockey at Winter Olympics,AP News,https://apnews.com/article/hockey-olympics-jd-vance-jake-paul-d12a4fe97f2d997ede41f641c2ef6728,apnews.com,200,news,no,,,no
2026-02-08,will-russia-capture-kostyantynivka-by,Will Russia capture Kostyantynivka by...?,Russian drones kill three and wound children in Odesa,AP News,https://apnews.com/article/russia-ukraine-war-odesa-drone-attack-7607e48fd216b8fa7516e7ab6425d271,apnews.com,200,news,no,,,no
2026-02-08,nobel-peace-prize-winner-2026-139,Nobel Peace Prize Winner 2026,Trumpâs choice of Warsh to lead Fed could reshape the worldâs most influential central bank,AP News,https://apnews.com/article/warsh-trump-federal-reserve-chair-6b4441263c1b7ecb40b96adf17adeea2,apnews.com,200,news,no,,,no
2026-02-08,nobel-peace-prize-winner-2026-139,Nobel Peace Prize Winner 2026,"U.S. backs Venezuelaâs prisoner releases, cites regional stability",AP News,https://apnews.com/article/venezuela-prisoners-delcy-rodriguez-foro-penal-machado-50dd4d4702143954661e133a19d31b5b,apnews.com,200,news,no,,,no
2026-02-08,nobel-peace-prize-winner-2026-139,Nobel Peace Prize Winner 2026,Pope Leoâ¯XIV calls for an immediate ceaseâfire in Gaza,AP News,https://apnews.com/article/papa-gaza-peace-appeal-2026-02-08,apnews.com,404,dead link,yes,archived,real_dead_link,no
2026-02-08,nobel-peace-prize-winner-2026-139,Nobel Peace Prize Winner 2026,Israeli government bans UNRWA from operating on its territory,AP News,https://apnews.com/article/israel-palestinians-hamas-war-un-aid-refugees-16bc0524adc947b95abe25d7d9eca038,apnews.com,200,news,no,,,no
2026-02-08,balance-of-power-2026-midterms,Balance of Power: 2026 Midterms,Supreme Court backs Alabama redistricting map favoring GOP,AP News,https://apnews.com/article/supreme-court-alabama-redistricting-2026,apnews.com,404,dead link,yes,never_archived,never_archived,yes
2026-02-08,fed-decision-in-june-825,Fed Decision in June?,Prosecutors attempt unannounced site visit at Fed headquarters,AP News,https://apnews.com/article/federal-reserve-jerome-powell-trump-16f1777a974cf0dece60d78abe4eb973,apnews.com,200,news,no,,,no
2026-02-08,ky-04-republican-primary-winner,KY-04 Republican Primary Winner,Massie’s pressure on DOJ leads to DOJ announcing a further delay in Epstein file release,AP News,https://apnews.com/article/doj-epstein-files-delay-massie,apnews.com,404,dead link,yes,archived,real_dead_link,no
2026-02-08,ky-04-republican-primary-winner,KY-04 Republican Primary Winner,Ed Gallrein receives endorsement from Kentucky Chamber of Commerce,AP News,https://apnews.com/article/kentucky-chamber-endorses-gallrein-2026,apnews.com,404,dead link,yes,archived,real_dead_link,no
2026-02-09,brazil-presidential-election,Brazil Presidential Election,Finance minister Haddad resigns to launch SÃ£oâ¯Paulo governor bid,AP News,https://apnews.com/article/brazil-economy-politics-finance-minister-war-fc397a97a74c8cf996152271bd77181c,apnews.com,200,news,no,,,no
2026-02-09,will-the-us-confirm-that-aliens-exist-before-2027,Will the US confirm that aliens exist by...?,Pentagon releases new batch of UFO files to the public,AP News,https://apnews.com/article/trump-ufos-uap-aliens-pentagon-records-investigation-3e658d2cf3742465127c0049c872240a,apnews.com,200,news,no,,,no
2026-02-09,will-the-us-confirm-that-aliens-exist-before-2027,Will the US confirm that aliens exist by...?,"Pentagon releases new batch of UFO files, sparking renewed speculation on alien life",AP News,https://apnews.com/article/trump-ufos-uap-aliens-pentagon-records-investigation-3e658d2cf3742465127c0049c872240a,apnews.com,200,news,no,,,no
2026-02-09,miguel-daz-canel-out-as-leader-of-cuba-by-june-30,Miguel Díaz-Canel out as leader of Cuba by...?,"Humanitarian convoy arrives with food, medicine and solar panels",AP News,https://apnews.com/article/cuba-convoy-international-aid-humanitarian-help-0bafbd3bd16bee8cb77d06efc0f329fb,apnews.com,200,news,no,,,no
2026-02-09,starmer-out-in-2025,Starmer out by...?,Starmer faces parliamentary pressure after police open Mandelson investigation,AP News,https://apnews.com/article/uk-peter-mandelson-jeffrey-epstein-ambassador-starmer-fc3f953112ac10108e1109920fd9dca0,apnews.com,200,news,no,,,no
2026-02-10,republican-presidential-nominee-2028,Republican Presidential Nominee 2028,Man breaks windows at JD Vanceâs Ohio home and is detained by Secret Service,AP News,https://apnews.com/article/vance-home-ohio-damaged-man-detained-c53c099124e36642e4dd4d86c38cf33f,apnews.com,200,news,no,,,no
2026-02-10,who-will-be-the-next-prime-minister-of-israel-after-the-next-election,Who will be the next Prime Minister of Israel after the next election?,Netanyahu approves $35 billion natural gas export deal to Egypt,AP News,https://apnews.com/article/israel-gas-leviathan-chevron-egypt-9d7e816ae59b18f5d5cb78aadc3083e1,apnews.com,200,news,no,,,no
2026-02-10,will-the-us-confirm-that-aliens-exist-before-2027,Will the US confirm that aliens exist by...?,Pentagon releases new UFO files with no definitive alien confirmation,AP News,https://apnews.com/article/trump-ufos-uap-aliens-pentagon-records-investigation-3e658d2cf3742465127c0049c872240a,apnews.com,200,news,no,,,no
2026-02-10,which-party-will-win-the-house-in-2026,Which party will win the House in 2026?,"Virginia Supreme Court strikes down Democratsâ redrawn US House maps, aiding Republicans",AP News,https://apnews.com/article/redistricting-virginia-congress-democrats-republicans-12a31037f3c9a94d3cb9fbcaaf84d94f,apnews.com,200,news,no,,,no
2026-02-10,republican-nominee-for-florida-governor,Florida Governor Republican Primary Winner,Byron Donalds reaches 81% market price after fundraising surge,AP News,https://apnews.com/article/donalds-fundraising-florida-governor,apnews.com,404,dead link,yes,archived,real_dead_link,no
2026-02-10,which-party-will-win-the-senate-in-2026,Which party will win the Senate in 2026?,Democrat Mary Peltola announces challenge to GOP Sen. Dan Sullivan in Alaska Senate race,AP News,https://apnews.com/article/alaska-senate-peltola-sullivan-3fd17afc556641652e83e9c11d700306,apnews.com,200,news,no,,,no
2026-02-10,nobel-peace-prize-winner-2026-139,Nobel Peace Prize Winner 2026,Trump links Greenland stance to Nobel Peace Prize snub in message to Norwegian PM,AP News,https://apnews.com/article/greenland-denmark-us-trump-starmer-9b01eb577363ee6e913722fe3d40d68e,apnews.com,200,news,no,,,no
2026-02-10,nobel-peace-prize-winner-2026-139,Nobel Peace Prize Winner 2026,Vladimir Putin agrees to a temporary pause in Russian energy attacks on Ukraine,AP News,https://apnews.com/live/donald-trump-news-updates-1-30-2026,apnews.com,200,news,no,,,no
2026-02-10,balance-of-power-2026-midterms,Balance of Power: 2026 Midterms,Republican National Committee outpaces Democrats in fundraising ahead of midterms,AP News,https://apnews.com/article/elections-house-senate-congress-midterms-trump-387549d4d5e682cf8ce8205d96d07ca7,apnews.com,200,news,no,,,no
2026-02-10,balance-of-power-2026-midterms,Balance of Power: 2026 Midterms,House Republicans propose sweeping voting law changes ahead of midterms,AP News,https://apnews.com/article/midterms-voting-laws-photo-id-citizenship-republicans-feecb51a6efa41cf32d18fe4b15c08ce,apnews.com,200,news,no,,,no
2026-02-10,what-will-happen-before-gta-vi,What will happen before GTA VI?,Anthropic launches Super Bowl ads targeting OpenAI users,AP News,https://apnews.com/article/openai-anthropic-chatgpt-claude-c19e0cca22c37190cc4e0dc08e889ef0,apnews.com,200,news,no,,,no
2026-02-10,miguel-daz-canel-out-as-leader-of-cuba-by-june-30,Miguel Díaz-Canel out as leader of Cuba by...?,Cuban President DÃ­az-Canel denies current talks with U.S. after Trump threats,AP News,https://apnews.com/article/cuba-us-oil-trump-venezuela-02968f7204cd863cc1acbbcfab3e69db,apnews.com,200,news,no,,,no
2026-02-10,texas-republican-senate-primary-winner,Texas Republican Senate Primary Winner,Wesley Hunt releases new TV ad highlighting Trump endorsement,AP News,https://apnews.com/article/senate-election-2026-texas-hunt-cornyn-paxton-450ee0f067273ca75de9268cf928d0be,apnews.com,200,news,no,,,no
2026-02-10,fed-decision-in-june-825,Fed Decision in June?,Fed Chair Powell to attend Supreme Court hearing on Fed governor firing case,AP News,https://apnews.com/article/federal-reserve-jerome-powell-lisa-cook-supreme-court-7f135bd222013d4fe61eb8f03c663676,apnews.com,200,news,no,,,no
2026-02-10,starmer-out-in-2025,Starmer out by...?,Starmer defuses leadership crisis after Mandelson scandal but doubts linger,AP News,https://apnews.com/article/uk-keir-starmer-leadership-crisis-mandelson-epstein-729040b1bc95a74ebbdeb7f19f9d7487,apnews.com,200,news,no,,,no
2026-02-10,texas-republican-senate-primary-winner,Texas Republican Senate Primary Winner,Wesley Hunt releases new TV ad highlighting Trump endorsement,AP News,https://apnews.com/article/senate-election-2026-texas-hunt-cornyn-paxton-450ee0f067273ca75de9268cf928d0be,apnews.com,200,news,no,,,no
2026-02-10,what-will-fed-rate-hit-before-2027,What will Fed Rate hit before 2027?,Fed holds interest rates steady amid economic uncertainty,AP News,https://apnews.com/article/federal-reserve-trump-powell-inflation-c1e2c5222795bda4a1d294f6406f66fc,apnews.com,200,news,no,,,no
2026-02-10,what-will-fed-rate-hit-before-2027,What will Fed Rate hit before 2027?,Fed minutes reveal divided views on further rate cuts,AP News,https://apnews.com/article/inflation-jobs-fed-trump-d7aabc066d5a3a330022963289abc0c0,apnews.com,200,news,no,,,no
2026-02-11,presidential-election-winner-2028,Presidential Election Winner 2028,JD Vance leads U.S. delegation to 2026 Winter Olympics opening ceremony in Italy,AP News,https://apnews.com/article/us-delegation-winter-olympics-vance-rubio-italy-4cda5924bd4bec7732c065e2a170cbaf,apnews.com,200,news,no,,,no
2026-02-11,will-russia-capture-kostyantynivka-by,Will Russia capture Kostyantynivka by...?,Russian military intensifies drone and missile attacks in Ukraine,AP News,https://apnews.com/article/russia-ukraine-war-odesa-drone-attack-7607e48fd216b8fa7516e7ab6425d271,apnews.com,200,news,no,,,no
2026-02-11,will-russia-capture-kostyantynivka-by,Will Russia capture Kostyantynivka by...?,Ukraineâs allies agree on multilayered security guarantees in peace proposal,AP News,https://apnews.com/article/ukraine-russia-macron-starmer-witkoff-21195f5b6a67fd2ac445d05803ae5948,apnews.com,200,news,no,,,no
2026-02-11,which-party-will-win-the-senate-in-2026,Which party will win the Senate in 2026?,"Democratic Rep. Jasmine Crockett launches US Senate bid in Texas, targeting GOP Sen. John Cornyn",AP News,https://apnews.com/article/texas-senate-race-colin-allred-jasmine-crockett-5849d3ca44a733ce016300070788eec3,apnews.com,200,news,no,,,no
2026-02-11,california-governor-election-2026,California Governor Election Winner,California Democrats fear vote splitting could allow two Republicans in general election,AP News,https://apnews.com/article/california-governor-democrats-gavin-newsom-republicans-porter-7138e44bd9f4d474910e111aea13d8c4,apnews.com,200,news,no,,,no
2026-02-11,israeli-parliament-dissolved-by-october-31,Israeli parliament dissolved by...?,Israel demolishes UNRWA sites in East Jerusalem amid legal battle,AP News,https://apnews.com/article/israel-palestinians-gaza-east-jerusalem-unrwa-cc9c5b2cac2332f0207d485f381be53d,apnews.com,200,news,no,,,no
2026-02-11,what-will-fed-rate-hit-before-2027,What will Fed Rate hit before 2027?,Prosecutors attempt unannounced visit to Fed building amid investigation,AP News,https://apnews.com/article/federal-reserve-jerome-powell-trump-16f1777a974cf0dece60d78abe4eb973,apnews.com,200,news,no,,,no
2026-02-12,democratic-presidential-nominee-2028,Democratic Presidential Nominee 2028,Gavin Newsom announces $2.9â¯billion budget deficit for final year,AP News,https://apnews.com/article/california-budget-gavin-newsom-last-year-deficits-6811fe4519bac5145f4002959690a280,apnews.com,200,news,no,,,no
2026-02-12,republican-presidential-nominee-2028,Republican Presidential Nominee 2028,"Turning Point USA highlights Republican discord at AmericaFest, backs Vance",AP News,https://apnews.com/article/turning-point-charlie-kirk-vance-republicans-2028-e28a332d7f55eb44346ef9d47e8906e4,apnews.com,200,news,no,,,no
2026-02-12,will-russia-capture-kostyantynivka-by,Will Russia capture Kostyantynivka by...?,Ukrainian delegation arrives in US for peace talks amid Russian attacks on energy sites,AP News,https://apnews.com/article/russia-ukraine-war-peace-talks-energy-c7fc7a01ac9976dd617482b6ef6f1fa0,apnews.com,200,news,no,,,no
2026-02-12,will-russia-capture-kostyantynivka-by,Will Russia capture Kostyantynivka by...?,Russia launches massive missile and drone strike on Kyiv ahead of ZelenskyâTrump talks,AP News,https://apnews.com/article/russia-ukraine-war-kyiv-strikes-67c576b92273cc0953de64590572e159,apnews.com,200,news,no,,,no
2026-02-12,will-russia-capture-kostyantynivka-by,Will Russia capture Kostyantynivka by...?,Russian drones kill 12 mineworkers in Dnipro as peace talks stall,AP News,https://apnews.com/article/russia-ukraine-war-peace-talks-zelenskyy-abu-dhabi-cfc323e160c058891604be05ca8c56f9,apnews.com,200,news,no,,,no
2026-02-12,which-party-will-win-the-house-in-2026,Which party will win the House in 2026?,RNC fundraising report shows GOP cash advantage over Democrats,AP News,https://apnews.com/article/elections-house-senate-congress-midterms-387549d4d5e682cf8ce8205d96d07ca7,apnews.com,200,news,no,,,no
2026-02-12,which-party-will-win-the-senate-in-2026,Which party will win the Senate in 2026?,Former Alaska Rep. Mary Peltola declares challenge to Republican Sen. Dan Sullivan,AP News,https://apnews.com/article/alaska-senate-peltola-sullivan-3fd17afc556641652e83e9c11d700306,apnews.com,200,news,no,,,no
2026-02-12,nobel-peace-prize-winner-2026-139,Nobel Peace Prize Winner 2026,International Court of Justice orders new sanctions on Russia over Ukraine war,AP News,https://apnews.com/article/icj-russia-sanctions-2026,apnews.com,404,dead link,yes,archived,real_dead_link,no
2026-02-12,nobel-peace-prize-winner-2026-139,Nobel Peace Prize Winner 2026,Venezuelan opposition leader Machado says she presented her Nobel Peace Prize to Trump during their meeting,AP News,https://apnews.com/article/trump-machado-venezuela-maduro-nobel-peace-prize-ed23992bccabf128b7e849259d3c29a8,apnews.com,200,news,no,,,no
2026-02-12,nobel-peace-prize-winner-2026-139,Nobel Peace Prize Winner 2026,Pope Leo XIV releases first full-length US book 'Peace Be with You',AP News,https://apnews.com/article/pope-leo-book-peace-be-with-you-e57658b46757d3ccf98fc3179dff2a21,apnews.com,200,news,no,,,no
2026-02-12,balance-of-power-2026-midterms,Balance of Power: 2026 Midterms,House Democrats announce $2â¯million voterâregistration push in Arizona and Nevada,AP News,https://apnews.com/article/democrats-dnc-voter-registration-midterms-6f15083ad2b6f428348c5e70ef85d34d,apnews.com,200,news,no,,,no
2026-02-12,what-will-happen-before-gta-vi,What will happen before GTA VI?,Drake Maye leads New England Patriots in Super Bowl debut,AP News,https://apnews.com/article/super-bowl-drake-maye-patriots-seahawks-62ba2fa92f77cdff8f9660945355d909,apnews.com,200,news,no,,,no
2026-02-12,ky-04-republican-primary-winner,KY-04 Republican Primary Winner,Massie's market share drops amid ongoing primary pressure,AP News,https://apnews.com/article/marjorie-taylor-greene-special-election-congress-georgia-2d49a9ab7ecf47916bca3dea6679f140,apnews.com,200,news,no,,,no
2026-02-12,starmer-out-in-2025,Starmer out by...?,Starmer announces joint UK‑Norway naval patrols to protect undersea cables,AP News,https://apnews.com/article/uk-norway-navy-patrols-russia-undersea-cables-311aa197fb1697bab45b37286ae9fa2c,apnews.com,200,news,no,,,no
2026-02-12,israeli-parliament-dissolved-by-october-31,Israeli parliament dissolved by...?,"Israel strikes Hezbollahâs civilian and military wings in Lebanon, escalating conflict",AP News,https://apnews.com/article/lebanon-israel-iran-hezbollah-attacks-civilian-health-cf4ac34c7dff091543002400bbdf02cd,apnews.com,200,news,no,,,no
2026-02-12,will-any-country-leave-nato-in-2025,Will any country leave NATO by...?,U.S. Defense Secretary Pete Hegseth meets NATO leaders to discuss troop drawdown,AP News,https://apnews.com/article/nato-us-europeans-ukraine-security-russia-hegseth-d2cd05b5a7bc3d98acbf123179e6b391,apnews.com,200,news,no,,,no
2026-02-12,what-will-fed-rate-hit-before-2027,What will Fed Rate hit before 2027?,Kevin Warsh nominated by President Trump as next Federal Reserve Chair,AP News,https://apnews.com/article/warsh-trump-federal-reserve-chair-6b4441263c1b7ecb40b96adf17adeea2,apnews.com,200,news,no,,,no
2026-02-13,brazil-presidential-election,Brazil Presidential Election,FlÃ¡vio Bolsonaro announced as Liberal Party's presidential candidate,AP News,https://apnews.com/article/brazil-bolsonaro-hernia-surgery-prison-cf213deef6fdd4c15d903e47bae2c6ba,apnews.com,200,news,no,,,no
2026-02-13,will-russia-capture-kostyantynivka-by,Will Russia capture Kostyantynivka by...?,Russian missile and drone barrage on Kyiv before USâUkrainian peace talks,AP News,https://apnews.com/article/russia-ukraine-war-kyiv-strikes-67c576b92273cc0953de64590572e159,apnews.com,200,news,no,,,no
2026-02-13,nobel-peace-prize-winner-2026-139,Nobel Peace Prize Winner 2026,Qatar to host UNâbacked Board of Peace summit on Gaza,AP News,https://apnews.com/article/qatar-board-peace-gaza-2026-02-13,apnews.com,404,dead link,yes,archived,real_dead_link,no
2026-02-13,what-will-happen-before-gta-vi,What will happen before GTA VI?,OpenAI and Taiwanâs Foxconn partner on AI hardware design and manufacturing in the US,AP News,https://apnews.com/article/openai-foxconn-ai-hon-taiwan-china-b022977e34c23f5f3ddf7522817accfe,apnews.com,200,news,no,,,no
2026-02-13,brazil-presidential-election,Brazil Presidential Election,Flávio Bolsonaro announced as Liberal Party's presidential candidate,AP News,https://apnews.com/article/brazil-bolsonaro-hernia-surgery-prison-cf213deef6fdd4c15d903e47bae2c6ba,apnews.com,200,news,no,,,no
2026-02-14,republican-presidential-nominee-2028,Republican Presidential Nominee 2028,"JD Vance and Marco Rubio attend Winter Olympics, increasing visibility",AP News,https://apnews.com/article/us-delegation-winter-olympics-vance-rubio-italy-4cda5924bd4bec7732c065e2a170cbaf,apnews.com,200,news,no,,,no
2026-02-14,who-will-be-the-next-prime-minister-of-israel-after-the-next-election,Who will be the next Prime Minister of Israel after the next election?,Netanyahu approves $35â¯billion gas export deal to Egypt,AP News,https://apnews.com/article/israel-gas-leviathan-chevron-egypt-9d7e816ae59b18f5d5cb78aadc3083e1,apnews.com,200,news,no,,,no
2026-02-14,will-russia-capture-kostyantynivka-by,Will Russia capture Kostyantynivka by...?,"Russia uses new hypersonic missile in major Ukraine attack, signaling escalation",AP News,https://apnews.com/article/africa-cup-senegal-morocco-3c66008dc043132757b1cb4be3bce080,apnews.com,200,news,no,,,no
2026-02-14,will-the-us-confirm-that-aliens-exist-before-2027,Will the US confirm that aliens exist by...?,"President Trump threatens further oil tariffs on Cuba, intensifying energy blockade",AP News,https://apnews.com/article/trump-cuba-oil-tariffs,apnews.com,404,dead link,yes,archived,real_dead_link,no
2026-02-14,will-the-us-confirm-that-aliens-exist-before-2027,Will the US confirm that aliens exist by...?,"President Trump threatens further oil tariffs on Cuba, intensifying energy blockade",AP News,https://apnews.com/article/trump-cuba-oil-tariffs,apnews.com,404,dead link,yes,archived,real_dead_link,no
2026-02-14,nobel-peace-prize-winner-2026-139,Nobel Peace Prize Winner 2026,UNRWA faces funding cuts after UN criticism of Israeli actions,AP News,https://apnews.com/article/unrwa-funding-cut-2026,apnews.com,404,dead link,yes,archived,real_dead_link,no
2026-02-14,nobel-peace-prize-winner-2026-139,Nobel Peace Prize Winner 2026,Norwegian Nobel Institute states Nobel Peace Prize cannot be transferred or shared,AP News,https://apnews.com/article/trump-machado-nobel-peace-prize-c7f47c161edc9b719dea3d0165f32a1f,apnews.com,200,news,no,,,no
2026-02-14,netanyahu-out-before-2027,Netanyahu out by...?,US envoys urge Netanyahu to advance Gaza ceasefireâs second phase,AP News,https://apnews.com/article/israel-gaza-war-trump-news-01-24-2026-90e36ca7d2e27ca8a21d1727e9e0119f,apnews.com,200,news,no,,,no
2026-02-14,miguel-daz-canel-out-as-leader-of-cuba-by-june-30,Miguel Díaz-Canel out as leader of Cuba by...?,Cuban Vice Foreign Minister denies political negotiations with US including DÃ­az-Canel's position,AP News,https://apnews.com/article/cuba-eeuu-ayuda-humanitaria-caravana-convoy-cb11963a2bc960d09a1b6f33fa51ebff,apnews.com,200,news,no,,,no
2026-02-14,texas-republican-senate-primary-winner,Texas Republican Senate Primary Winner,Stephen Colbert says CBS lawyers pulled James Talarico interview due to FCC rules,AP News,https://apnews.com/article/stephen-colbert-james-talarico-donald-trump-fcc-806845facffd3ab3e30142971be16add,apnews.com,200,news,no,,,no
2026-02-14,fed-decision-in-june-825,Fed Decision in June?,Fed minutes signal need for more inflation progress before another cut,AP News,https://apnews.com/article/inflation-jobs-fed-trump-d7aabc066d5a3a330022963289abc0c0,apnews.com,200,news,no,,,no
2026-02-14,ky-04-republican-primary-winner,KY-04 Republican Primary Winner,Massie votes with Democrats on Venezuela war‑powers resolution,AP News,https://apnews.com/article/venezuela-war-powers-resolution,apnews.com,404,dead link,yes,archived,real_dead_link,no
2026-02-14,texas-republican-senate-primary-winner,Texas Republican Senate Primary Winner,Stephen Colbert says CBS lawyers pulled James Talarico interview due to FCC rules,AP News,https://apnews.com/article/stephen-colbert-james-talarico-donald-trump-fcc-806845facffd3ab3e30142971be16add,apnews.com,200,news,no,,,no
2026-02-14,will-any-country-leave-nato-in-2025,Will any country leave NATO by...?,NATO chief Rutte urges Europe to stay in NATO after Greenland row,AP News,https://apnews.com/article/nato-europe-us-nuclear-trump-defense-security-c1575be708cbd813f1c7d97c87628ff6,apnews.com,200,news,no,,,no
2026-02-14,how-many-different-countries-will-israel-strike-in-2026,How many different countries will Israel strike in 2026?,Israel warns of imminent strikes on two villages in eastern Bekaa Valley,AP News,https://apnews.com/article/lebanon-israel-hezbollah-hamas-airstrikes-bekaa-litani-c2a5eaa91827993cd9a81c404a5514ab,apnews.com,200,news,no,,,no
2026-02-15,democratic-presidential-nominee-2028,Democratic Presidential Nominee 2028,"California proposal for billionaire tax divides Democrats, Newsom opposes",AP News,https://apnews.com/article/california-billionaires-bernie-sanders-gavin-newsom-democrats-87a1e54f463aad49a2093382969e5cca,apnews.com,200,news,no,,,no
2026-02-15,presidential-election-winner-2028,Presidential Election Winner 2028,Vice President JD Vance watches womenâs Olympic hockey with Jake Paul,AP News,https://apnews.com/article/hockey-olympics-jd-vance-jake-paul-d12a4fe97f2d997ede41f641c2ef6728,apnews.com,200,news,no,,,no
2026-02-15,republican-presidential-nominee-2028,Republican Presidential Nominee 2028,JD Vance and family attend U.S. womenâs hockey games at Winter Olympics,AP News,https://apnews.com/article/hockey-olympics-jd-vance-jake-paul-d12a4fe97f2d997ede41f641c2ef6728,apnews.com,200,news,no,,,no
2026-02-15,who-will-be-the-next-prime-minister-of-israel-after-the-next-election,Who will be the next Prime Minister of Israel after the next election?,Netanyahu convenes cabinet to address rising settler violence in West Bank,AP News,https://apnews.com/article/mideast-wars-israel-palestine-west-bank-04a9ec4d55e1e0556428ca23c70efe91,apnews.com,200,news,no,,,no
2026-02-15,will-the-us-confirm-that-aliens-exist-before-2027,Will the US confirm that aliens exist by...?,U.S. and Venezuela explore restoring diplomatic ties after Maduroâs capture,AP News,https://apnews.com/article/venezuela-us-diplomatic-relations-maduro-12eca94ea60dbdbc8d8ac37535a5d23b,apnews.com,200,news,no,,,no
2026-02-15,which-party-will-win-the-senate-in-2026,Which party will win the Senate in 2026?,Trump endorses Rep. Andy Barr in Kentucky Senate race to replace McConnell,AP News,https://apnews.com/article/mcconnell-trump-barr-kentucky-senate-22cff179110a64691947a79f13e00c22,apnews.com,200,news,no,,,no
2026-02-15,which-party-will-win-the-senate-in-2026,Which party will win the Senate in 2026?,"Democratic Rep. Jasmine Crockett launches Texas Senate bid, targeting GOP incumbent",AP News,https://apnews.com/article/texas-senate-race-colin-allred-jasmine-crockett-5849d3ca44a733ce016300070788eec3,apnews.com,200,news,no,,,no
2026-02-15,nobel-peace-prize-winner-2026-139,Nobel Peace Prize Winner 2026,Venezuela releases dozens of political prisoners amid U.S. pressure,AP News,https://apnews.com/article/venezuela-prisoners-delcy-rodriguez-43c12fb20da01911bfb5ce5ec35b9f94,apnews.com,200,news,no,,,no
2026-02-15,nobel-peace-prize-winner-2026-139,Nobel Peace Prize Winner 2026,"Trump rejects Iranâs latest proposal to end war, citing dissatisfaction",AP News,https://apnews.com/article/iran-us-war-ceasefire-negotiations-strait-b48635e586e2907caae65b58bd03f5b7,apnews.com,200,news,no,,,no
2026-02-15,balance-of-power-2026-midterms,Balance of Power: 2026 Midterms,Democrats plan millions in voter registration efforts ahead of midterms,AP News,https://apnews.com/article/democrats-dnc-voter-registration-midterms-6f15083ad2b6f428348c5e70ef85d34d,apnews.com,200,news,no,,,no
2026-02-15,balance-of-power-2026-midterms,Balance of Power: 2026 Midterms,Democrats express renewed concerns about Trump interfering in midterm elections,AP News,https://apnews.com/article/election-2026-trump-voting-doj-interference-22e2313f98e354fa31f277d3a1dc67d3,apnews.com,200,news,no,,,no
2026-02-15,balance-of-power-2026-midterms,Balance of Power: 2026 Midterms,House Republicans propose sweeping voting law changes ahead of midterms,AP News,https://apnews.com/article/midterms-voting-laws-photo-id-citizenship-republicans-feecb51a6efa41cf32d18fe4b15c08ce,apnews.com,200,news,no,,,no
2026-02-15,netanyahu-out-before-2027,Netanyahu out by...?,U.S. envoys urge Netanyahu to accelerate Gaza ceaseâfire phase two,AP News,https://apnews.com/article/israel-gaza-war-trump-news-01-24-2026-90e36ca7d2e27ca8a21d1727e9e0119f,apnews.com,200,news,no,,,no
2026-02-15,netanyahu-out-before-2027,Netanyahu out by...?,Netanyahu joins Trumpâs Board of Peace for Gaza,AP News,https://apnews.com/article/israel-palestinos-trump-netanyahu-guerra-gaza-junta-c520d994686072a2014a03818551a58c,apnews.com,200,news,no,,,no
2026-02-15,california-governor-election-2026,California Governor Election Winner,Riverside County Sheriff Chad Bianco announces run for California governor,AP News,https://apnews.com/article/california-governor-race-riverside-county-sheriff-9f251ca0f09a16344ae3902c7ffe009e,apnews.com,200,news,no,,,no
2026-02-15,california-governor-election-2026,California Governor Election Winner,Concerns rise over crowded Democratic field splitting vote in California governor race,AP News,https://apnews.com/article/california-governor-democrats-gavin-newsom-republicans-porter-7138e44bd9f4d474910e111aea13d8c4,apnews.com,200,news,no,,,no
2026-02-15,california-governor-election-2026,California Governor Election Winner,Poll shows Xavier Becerra surges to 24% ahead of primary,AP News,https://apnews.com/article/california-governor-2026-xavier-becerra-newsom-harris-00f7ad96bd6e0f443da5f8e8727e0d52,apnews.com,200,news,no,,,no
2026-02-15,miguel-daz-canel-out-as-leader-of-cuba-by-june-30,Miguel Díaz-Canel out as leader of Cuba by...?,U.S. President Trump warns Cuba to make a 'deal' before it's too late,AP News,https://apnews.com/article/trump-cuba-venezuela-maduro-oil-economy-b9ffd24928e34dc7e3fc1fdcb22709a1,apnews.com,200,news,no,,,no
2026-02-15,miguel-daz-canel-out-as-leader-of-cuba-by-june-30,Miguel Díaz-Canel out as leader of Cuba by...?,U.S. threatens tariffs on any country supplying oil to Cuba,AP News,https://apnews.com/article/oil-cuba-tariffs-trump-mexico-30f1d74a766fee23001684a5bb8079d9,apnews.com,200,news,no,,,no
2026-02-15,fed-decision-in-june-825,Fed Decision in June?,"Iran war spikes oil prices, raising inflation fears",AP News,https://apnews.com/article/stocks-markets-oil-iran-1abeddf7c4bf19d1dc96b3f23c1de402c,apnews.com,404,dead link,yes,archived,real_dead_link,no
2026-02-15,ky-04-republican-primary-winner,KY-04 Republican Primary Winner,DOJ announces further delay in releasing Epstein documents,AP News,https://apnews.com/article/doj-epstein-files-delay,apnews.com,404,dead link,yes,archived,real_dead_link,no
2026-02-15,starmer-out-in-2025,Starmer out by...?,"Starmer’s chief of staff quits, citing Mandelson scandal",AP News,https://apnews.com/article/jeffrey-epstein-britain-keir-starmer-mandelson-c1e5c7654cc9bd48126b9ba3ea6996ef,apnews.com,200,news,no,,,no
2026-02-15,starmer-out-in-2025,Starmer out by...?,"Mandelson investigation opened, Starmer apologises",AP News,https://apnews.com/article/uk-peter-mandelson-jeffrey-epstein-police-bd7d7f9831ad1eeaee4e5c7a951f2aeb,apnews.com,200,news,no,,,no
2026-02-15,israeli-parliament-dissolved-by-october-31,Israeli parliament dissolved by...?,Israeli military launches operation to locate last hostage in Gaza,AP News,https://apnews.com/article/gaza-israel-hamas-palestinians-hostage-gvili-d57a28eb5371785588d4b955f9dd2a46,apnews.com,200,news,no,,,no
2026-02-15,what-will-fed-rate-hit-before-2027,What will Fed Rate hit before 2027?,Fed minutes from Jan. 27â28 meeting show vote to keep rates steady,AP News,https://apnews.com/article/federal-reserve-trump-powell-inflation-c139c9e007981f075fb3b22d4a4cec,apnews.com,404,dead link,yes,archived,real_dead_link,no
2026-02-15,what-will-fed-rate-hit-before-2027,What will Fed Rate hit before 2027?,President Trump nominates Kevin Warsh to be Fed chair,AP News,https://apnews.com/article/warsh-trump-federal-reserve-chair-6b4441263c1b7ecb40b96adf17adeea2,apnews.com,200,news,no,,,no
2026-02-15,what-will-fed-rate-hit-before-2027,What will Fed Rate hit before 2027?,Fed Governor Stephen Miran resigns from White House post amid Fed leadership changes,AP News,https://apnews.com/article/federal-reserve-miran-trump-94ab5f9ec2af0540b0a85b2a5ff2b713,apnews.com,200,news,no,,,no
2026-02-15,what-will-fed-rate-hit-before-2027,What will Fed Rate hit before 2027?,President Trump nominates Kevin Warsh as Fed chair,AP News,https://apnews.com/article/warsh-trump-federal-reserve-chair-6b4441263c1b7ecb40b96adf17adeea2,apnews.com,200,news,no,,,no
2026-02-15,what-will-fed-rate-hit-before-2027,What will Fed Rate hit before 2027?,Fed minutes show most officials want more inflation progress before cuts,AP News,https://apnews.com/article/inflation-jobs-fed-trump-d7aabc066d5a3a330022963289abc0c0,apnews.com,200,news,no,,,no
2026-02-15,what-will-fed-rate-hit-before-2027,What will Fed Rate hit before 2027?,Supreme Court hears case on Fed Governor Lisa Cookâs firing,AP News,https://apnews.com/article/federal-reserve-jerome-powell-lisa-cook-supreme-court-7f135bd222013d4fe61eb8f03c663676,apnews.com,200,news,no,,,no
2026-02-16,brazil-presidential-election,Brazil Presidential Election,FlÃ¡vio Bolsonaro reaches 29â¯% after releasing detailed policy platform,AP News,https://apnews.com/article/brazil-flavio-platform-2026-02-16,apnews.com,404,dead link,yes,archived,real_dead_link,no
2026-02-16,brazil-presidential-election,Brazil Presidential Election,Flávio Bolsonaro reaches 29 % after releasing detailed policy platform,AP News,https://apnews.com/article/brazil-flavio-platform-2026-02-16,apnews.com,404,dead link,yes,archived,real_dead_link,no
2026-02-16,israeli-parliament-dissolved-by-october-31,Israeli parliament dissolved by...?,Hezbollah replaces top security official amid internal restructuring,AP News,https://apnews.com/article/lebanon-hezbollah-israel-wafiq-safa-resigns-hussein-abdullah-0d8e74b6bbc089c76bcacf02a5040348,apnews.com,200,news,no,,,no
2026-02-16,what-will-fed-rate-hit-before-2027,What will Fed Rate hit before 2027?,Fed minutes show most officials want more inflation progress before further cuts,AP News,https://apnews.com/article/inflation-jobs-fed-trump-d7aabc066d5a3a330022963289abc0c0,apnews.com,200,news,no,,,no
2026-02-17,what-will-fed-rate-hit-before-2027,What will Fed Rate hit before 2027?,Trump announces plan to nominate Kevin Warsh as next Fed chair,AP News,https://apnews.com/article/warsh-trump-federal-reserve-chair-6b4441263c1b7ecb40b96adf17adeea2,apnews.com,200,news,no,,,no
2026-02-18,will-russia-capture-kostyantynivka-by,Will Russia capture Kostyantynivka by...?,"Russian general killed by car bomb in Moscow, Ukraine blamed",AP News,https://apnews.com/article/russia-explosion-general-killed-sarvarov-73413ae5936609832f706ab26f864b3c,apnews.com,200,news,no,,,no
2026-02-18,will-russia-capture-kostyantynivka-by,Will Russia capture Kostyantynivka by...?,Russian General Fanil Sarvarov killed by car bomb in Moscow,AP News,https://apnews.com/article/russia-explosion-general-killed-sarvarov-73413ae5936609832f706ab26f864b3c,apnews.com,200,news,no,,,no
2026-02-18,michigan-democratic-senate-primary-winner,Michigan Democratic Senate Primary Winner,Haley Stevens launches campaign for Michigan U.S. Senate seat,AP News,https://apnews.com/article/michigan-senate-race-2026-haley-stevens-70cdfce62c91aa4c1b5e801dd141e3ff,apnews.com,200,news,no,,,no
2026-02-18,texas-republican-senate-primary-winner,Texas Republican Senate Primary Winner,Paxton's legal challenges and divorce allegations surface during primary campaign,AP News,https://apnews.com/article/ken-paxton-texas-divorce-republican-senate-57039be35a95e9dec48fa64b3028358a,apnews.com,200,news,no,,,no
2026-02-18,texas-republican-senate-primary-winner,Texas Republican Senate Primary Winner,Paxton's legal challenges and divorce allegations surface during primary campaign,AP News,https://apnews.com/article/ken-paxton-texas-divorce-republican-senate-57039be35a95e9dec48fa64b3028358a,apnews.com,200,news,no,,,no
2026-02-19,republican-presidential-nominee-2028,Republican Presidential Nominee 2028,Vice President JD Vance announces Medicaid fraud crackdown deferring $1.3 billion in California funds,AP News,https://apnews.com/article/medicare-fraud-trump-vance-oz-health-hospice-534297fffb47e31e2a3906273f20e0b5,apnews.com,200,news,no,,,no
2026-02-19,will-russia-capture-kostyantynivka-by,Will Russia capture Kostyantynivka by...?,Ukraine's military commander reports recapturing territory,AP News,https://apnews.com/article/russia-ukraine-zelenskyy-drones-europe-nato-99c1e8edabe90ce907ca88ecd6becdda,apnews.com,200,news,no,,,no
2026-02-19,which-party-will-win-the-house-in-2026,Which party will win the House in 2026?,Virginia Supreme Court strikes down Democratic congressional redistricting plan,AP News,https://apnews.com/article/redistricting-virginia-congress-democrats-republicans-12a31037f3c9a94d3cb9fbcaaf84d94f,apnews.com,200,news,no,,,no
2026-02-19,republican-nominee-for-florida-governor,Florida Governor Republican Primary Winner,National Governors Association meeting disrupted by Trump excluding Democrats,AP News,https://apnews.com/article/trump-kevin-stitt-governors-meeting-washington-ee4e696534082638795e1804d71f4966,apnews.com,200,news,no,,,no
2026-02-19,michigan-democratic-senate-primary-winner,Michigan Democratic Senate Primary Winner,Haley Stevens launches campaign for Michigan U.S. Senate seat,AP News,https://apnews.com/article/michigan-senate-race-2026-haley-stevens-70cdfce62c91aa4c1b5e801dd141e3ff,apnews.com,200,news,no,,,no
2026-02-19,miguel-daz-canel-out-as-leader-of-cuba-by-june-30,Miguel Díaz-Canel out as leader of Cuba by...?,Cuban President DÃ­az-Canel decries U.S. 'energy blockade' amid severe crisis,AP News,https://apnews.com/article/us-cuba-aid-melissa-trump-diaz-canel-636551892a2f59f43b657f1e71997b0b,apnews.com,200,news,no,,,no
2026-02-19,texas-republican-senate-primary-winner,Texas Republican Senate Primary Winner,Paxton’s ad campaign pushes his primary odds to 76%,AP News,https://apnews.com/article/texas-senate-ken-paxton-cornyn-fe2787bbac917c5cb22918ac1e34c458,apnews.com,200,news,no,,,no
2026-02-19,ky-04-republican-primary-winner,KY-04 Republican Primary Winner,Justice Department announces discovery of over a million new Epstein documents,AP News,https://apnews.com/article/senate-epstein-files-trump-justice-department-bipartisan-fe7de7947b4e5b0bd7f8194cdc760f1f,apnews.com,200,news,no,,,no
2026-02-19,texas-republican-senate-primary-winner,Texas Republican Senate Primary Winner,Paxton’s ad campaign pushes his primary odds to 76%,AP News,https://apnews.com/article/texas-senate-ken-paxton-cornyn-fe2787bbac917c5cb22918ac1e34c458,apnews.com,200,news,no,,,no
2026-02-19,will-any-country-leave-nato-in-2025,Will any country leave NATO by...?,Trump backs down on Greenland tariffs after NATO 'framework' deal,AP News,https://apnews.com/article/trump-davos-housing-greenland-gaza-a2f3f4c18ba321c8025a3e208fc0ddf6,apnews.com,200,news,no,,,no
2026-02-19,ukraine-election-called-in-2025,Ukraine election called by...?,Ukraine faces growing pressure due to Iran war as Russia plans new offensives,AP News,https://apnews.com/article/russia-ukraine-iran-war-putin-trump-zelenskyy-2b863bc22e97006846e7351e19401f9f,apnews.com,200,news,no,,,no
2026-02-20,democratic-presidential-nominee-2028,Democratic Presidential Nominee 2028,"Gavin Newsom opposes California billionaire tax proposal, sparking intra-party debate",AP News,https://apnews.com/article/california-billionaires-bernie-sanders-gavin-newsom-democrats-87a1e54f463aad49a2093382969e5cca,apnews.com,200,news,no,,,no
2026-02-20,republican-presidential-nominee-2028,Republican Presidential Nominee 2028,Meta appoints former Trump adviser Dina Powell McCormick as president,AP News,https://apnews.com/article/meta-dina-powell-mccormick-trump-adviser-bce6b207f1754284f9b922b0ea8ec7bf,apnews.com,200,news,no,,,no
2026-02-20,republican-presidential-nominee-2028,Republican Presidential Nominee 2028,Marco Rubio gains attention as part of U.S. Olympic delegation with Vance,AP News,https://apnews.com/article/us-delegation-winter-olympics-vance-rubio-italy-4cda5924bd4bec7732c065e2a170cbaf,apnews.com,200,news,no,,,no
2026-02-20,republican-presidential-nominee-2028,Republican Presidential Nominee 2028,Ron DeSantis drops out of 2028 race,AP News,https://apnews.com/article/turning-point-charlie-kirk-vance-republicans-2028-e28a332d7f55eb44346ef9d47e8906e4,apnews.com,200,news,no,,,no
2026-02-20,who-will-be-the-next-prime-minister-of-israel-after-the-next-election,Who will be the next Prime Minister of Israel after the next election?,US envoys urge Netanyahu to advance Gaza ceasefire second phase,AP News,https://apnews.com/article/israel-gaza-war-trump-news-01-24-2026-90e36ca7d2e27ca8a21d1727e9e0119f,apnews.com,200,news,no,,,no
2026-02-20,will-russia-capture-kostyantynivka-by,Will Russia capture Kostyantynivka by...?,Russia declares its nuclearâcapable Oreshnik missile system entered active service,AP News,https://apnews.com/article/russia-ukraine-war-oreshnik-missile-6909901499c9f45b4b89dad167becda8,apnews.com,200,news,no,,,no
2026-02-20,will-russia-capture-kostyantynivka-by,Will Russia capture Kostyantynivka by...?,Russia deploys nuclear-capable Oreshnik missiles in Belarus,AP News,https://apnews.com/article/russia-oreshnik-missile-6909901499c9f45b4b89dad167becda8,apnews.com,200,news,no,,,no
2026-02-20,will-russia-capture-kostyantynivka-by,Will Russia capture Kostyantynivka by...?,U.S. gives Ukraine and Russia a June deadline to end the war,AP News,https://apnews.com/article/russia-ukraine-war-zelenskyy-june-deadline-98da4e17de8ab377363ae9c3ff308001,apnews.com,200,news,no,,,no
2026-02-20,will-the-us-confirm-that-aliens-exist-before-2027,Will the US confirm that aliens exist by...?,Pentagonâs UAP website traffic spikes after media coverage,AP News,https://apnews.com/article/trump-ufos-uap-aliens-pentagon-records-investigation-3e658d2cf3742465127c0049c872240a,apnews.com,200,news,no,,,no
2026-02-20,will-the-us-confirm-that-aliens-exist-before-2027,Will the US confirm that aliens exist by...?,Trump threatens âfriendly takeoverâ of Cuba during televised interview,AP News,https://apnews.com/article/trump-cuba-venezuela-maduro-oil-economy-b9ffd24928e34dc7e3fc1fdcb22709a1,apnews.com,200,news,no,,,no
2026-02-20,will-the-us-confirm-that-aliens-exist-before-2027,Will the US confirm that aliens exist by...?,"Pentagon releases new batch of UFO files, Trump touts transparency",AP News,https://apnews.com/article/trump-ufos-uap-aliens-pentagon-records-investigation-3e658d2cf3742465127c0049c872240a,apnews.com,200,news,no,,,no
2026-02-20,which-party-will-win-the-house-in-2026,Which party will win the House in 2026?,Redistricting battles continue in key states ahead of 2026 elections,AP News,https://www.courant.com/2026/02/20/election-2026-redistricting-glance/,courant.com,200,wrong outlet,yes,,wrong_domain,yes
2026-02-20,nobel-peace-prize-winner-2026-139,Nobel Peace Prize Winner 2026,Trump lashes out at Federal Reserve in Detroit speech,AP News,https://apnews.com/live/donald-trump-news-updates-1-13-2026,apnews.com,200,news,no,,,no
2026-02-20,balance-of-power-2026-midterms,Balance of Power: 2026 Midterms,House Republicans propose sweeping voting law changes ahead of midterms,AP News,https://apnews.com/article/midterms-voting-laws-photo-id-citizenship-republicans-feecb51a6efa41cf32d18fe4b15c08ce,apnews.com,200,news,no,,,no
2026-02-20,balance-of-power-2026-midterms,Balance of Power: 2026 Midterms,Senator Alex Vindman enters Florida Senate race,AP News,https://apnews.com/article/alex-vindman-florida-senate-trump-ukraine-impeachment-1850e6e729d1d1efa2ca8baddc47a815,apnews.com,200,news,no,,,no
2026-02-20,netanyahu-out-before-2027,Netanyahu out by...?,UNRWA compound forcibly entered by Israeli police,AP News,https://apnews.com/article/mideast-israel-jerusalem-palestine-un-06318427dacdfa61c9b9990c0d088bdb,apnews.com,200,news,no,,,no
2026-02-20,california-governor-election-2026,California Governor Election Winner,"Poll shows tight threeâway race among Steyer, Porter, and Hilton",AP News,https://apnews.com/article/california-governor-democrats-tom-steyer-1de30f4501b91c3bc9969c54aa13c19d,apnews.com,200,news,no,,,no
2026-02-20,california-governor-election-2026,California Governor Election Winner,President Donald Trump endorses Steve Hilton for California governor,AP News,https://apnews.com/article/steve-hilton-california-governor-newsom-11c0ec5b378e8b2792721c2ff7597499,apnews.com,200,news,no,,,no
2026-02-20,california-governor-election-2026,California Governor Election Winner,"Steyerâs ad spend peaks, TV buys hit $115â¯million",AP News,https://apnews.com/article/california-governor-democrats-tom-steyer-billionaire-6e55c315e687a8cae88012a404753b07,apnews.com,200,news,no,,,no
2026-02-20,miguel-daz-canel-out-as-leader-of-cuba-by-june-30,Miguel Díaz-Canel out as leader of Cuba by...?,U.S. announces $6â¯million humanitarian aid package for Cuba,AP News,https://apnews.com/article/us-cuba-aid-melissa-trump-diaz-canel-636551892a2f59f43b657f1e71997b0b,apnews.com,200,news,no,,,no
2026-02-20,who-will-close-warner-bros-acquisition,Who will close Warner Bros. acquisition?,Paramount extends tender offer deadline for Warner Bros. shares,AP News,https://apnews.com/article/warner-discovery-paramount-skyndance-netflix-53ae3320db39c1abb2343d835ccd813a,apnews.com,200,news,no,,,no
2026-02-20,texas-republican-senate-primary-winner,Texas Republican Senate Primary Winner,Paxton’s price jumps to 73% after filing lawsuit against Latino voting group,AP News,https://apnews.com/article/ken-paxton-robert-pitman-lawsuits-general-news-texas-cca420037922b2a8ad7b2ad6315c50e7,apnews.com,200,news,no,,,no
2026-02-20,colombia-presidential-election,Colombia Presidential Election,Father of slain candidate Miguel Uribe launches presidential bid,AP News,https://apnews.com/article/colombia-presidential-miguel-uribe-londono-3e0224f23b62e2f9fecf0dee002c7684,apnews.com,200,news,no,,,no
2026-02-20,fed-decision-in-june-825,Fed Decision in June?,Treasury Secretary Scott Bessent proposes residency rule for regional Fed presidents,AP News,https://apnews.com/article/federal-reserve-trump-bessent-6ddd9c8b204668551caecf6c5fe51388,apnews.com,200,news,no,,,no
2026-02-20,starmer-out-in-2025,Starmer out by...?,"Starmer apologises for Mandelson appointment, vows transparency",AP News,https://apnews.com/article/uk-starmer-peter-mandelson-epstein-ea1e52adb8399eb97825f5c34b3c7343,apnews.com,200,news,no,,,no
2026-02-20,texas-republican-senate-primary-winner,Texas Republican Senate Primary Winner,Paxton’s price jumps to 73% after filing lawsuit against Latino voting group,AP News,https://apnews.com/article/ken-paxton-robert-pitman-lawsuits-general-news-texas-cca420037922b2a8ad7b2ad6315c50e7,apnews.com,200,news,no,,,no
2026-02-20,israeli-parliament-dissolved-by-october-31,Israeli parliament dissolved by...?,U.S.âbrokered ceasefire faces violation after mortar strike wounds Israeli soldier,AP News,https://apnews.com/article/israel-hamas-gaza-palestinians-war-news-24-12-2025-64ef5cd8810543e62360b639c3e47010,apnews.com,200,news,no,,,no
2026-02-20,what-will-fed-rate-hit-before-2027,What will Fed Rate hit before 2027?,"January jobs report shows 130,000 jobs added, unemployment falls to 4.3%",AP News,https://apnews.com/article/federal-reserve-trump-powell-inflation-c13913c9e007981f075fb3b22d4a4cec,apnews.com,200,news,no,,,no
2026-02-21,will-russia-capture-lyman-in-2025,Will Russia capture Lyman by...?,ISW reports Russian artillery and drone barrage intensifies near Lyman,AP News,https://apnews.com/article/russia-ukraine-iran-war-putin-trump-zelenskyy-2b863bc22e97006846e7351e19401f9f,apnews.com,200,news,no,,,no
2026-02-21,texas-republican-senate-primary-winner,Texas Republican Senate Primary Winner,Supreme Court upholds states' bans on gender-affirming care for minors,AP News,https://apnews.com/article/genderaffirming-care-minors-texas-hospital-29f0f2d157395cb6a70f53ba29c36b5b,apnews.com,200,news,no,,,no
2026-02-21,ky-04-republican-primary-winner,KY-04 Republican Primary Winner,Massie’s price peaks after winning a key endorsement from Kentucky’s GOP establishment,AP News,https://apnews.com/article/kentucky-gop-endorses-massie-2026-02-21,apnews.com,404,dead link,yes,archived,real_dead_link,no
2026-02-21,texas-republican-senate-primary-winner,Texas Republican Senate Primary Winner,Supreme Court upholds states' bans on gender-affirming care for minors,AP News,https://apnews.com/article/genderaffirming-care-minors-texas-hospital-29f0f2d157395cb6a70f53ba29c36b5b,apnews.com,200,news,no,,,no
2026-02-21,texas-republican-senate-primary-winner,Texas Republican Senate Primary Winner,John Cornyn’s poll surge to 90% after aggressive TV ad campaign,AP News,https://apnews.com/article/texas-senate-republicans-cornyn-paxton-hunt-01f1ffaf8a890e3017af407abe502e8f,apnews.com,200,news,no,,,no
2026-02-21,israeli-parliament-dissolved-by-october-31,Israeli parliament dissolved by...?,U.S. mediators meet Netanyahu to discuss next steps of ceaseâfire,AP News,https://apnews.com/article/israel-gaza-hamas-hostage-gvili-594f8faf7514f49750756de52f5c5f95,apnews.com,200,news,no,,,no
2026-02-22,presidential-election-winner-2028,Presidential Election Winner 2028,"Gavin Newsom wins California gubernatorial primary, gains national attention",AP News,https://apnews.com/article/gavin-newsom-primary-win-2026,apnews.com,404,dead link,yes,archived,real_dead_link,no
2026-02-22,brazil-presidential-election,Brazil Presidential Election,Lula vetoes bill that could cut Bolsonaroâs prison term,AP News,https://apnews.com/article/brazil-lula-veto-bolsonaro-coup-anniversary-3da8182efdb773060196b54a0f03a0b4,apnews.com,200,news,no,,,no
2026-02-22,texas-republican-senate-primary-winner,Texas Republican Senate Primary Winner,Divorce scandal involving Ken Paxton becomes public,AP News,https://apnews.com/article/texas-senate-ken-paxton-cornyn-fe2787bbac917c5cb22918ac1e34c458,apnews.com,200,news,no,,,no
2026-02-22,brazil-presidential-election,Brazil Presidential Election,Lula vetoes bill that could cut Bolsonaro’s prison term,AP News,https://apnews.com/article/brazil-lula-veto-bolsonaro-coup-anniversary-3da8182efdb773060196b54a0f03a0b4,apnews.com,200,news,no,,,no
2026-02-22,texas-republican-senate-primary-winner,Texas Republican Senate Primary Winner,Ken Paxton's support surges after legal settlement with Texas Children's Hospital,AP News,https://apnews.com/article/genderaffirming-care-minors-texas-hospital-29f0f2d157395cb6a70f53ba29c36b5b,apnews.com,200,news,no,,,no
2026-02-23,republican-presidential-nominee-2028,Republican Presidential Nominee 2028,Man breaks windows at JD Vance's Ohio home and is detained by Secret Service,AP News,https://apnews.com/article/vance-home-ohio-damaged-man-detained-c53c099124e36642e4dd4d86c38cf33f,apnews.com,200,news,no,,,no
2026-02-23,which-party-will-win-the-house-in-2026,Which party will win the House in 2026?,Republican Party price drops to 14% after series of specialâelection losses,AP News,https://apnews.com/article/elections-house-senate-congress-midterms-trump-387549d4d5e682cf8ce8205d96d07ca7,apnews.com,200,news,no,,,no
2026-02-23,nobel-peace-prize-winner-2026-139,Nobel Peace Prize Winner 2026,Trump cuts U.S. tariffs on India after Delhi agrees to stop buying Russian oil,AP News,https://apnews.com/article/india-us-trade-deal-trump-modi-3ce866a869dae9fd10449a6f70c2a4ed,apnews.com,200,news,no,,,no
2026-02-23,nobel-peace-prize-winner-2026-139,Nobel Peace Prize Winner 2026,"Trump brokers peace deal between Congo and Rwanda, highlighting his global peace role",AP News,https://apnews.com/article/congo-rwanda-trump-peace-deal-conflict-us-033736c256c921f7e70a603a3ab1bf96,apnews.com,200,news,no,,,no
2026-02-23,california-governor-election-2026,California Governor Election Winner,Eric Swalwell suspends California governor campaign amid sexual assault allegations,AP News,https://apnews.com/article/eric-swalwell-congress-california-governor-election-f485eacb0aa43d04e534430cfaa704e1,apnews.com,200,news,no,,,no
2026-02-23,texas-republican-senate-primary-winner,Texas Republican Senate Primary Winner,Judge rules against Ken Paxton’s attempt to shut down Texas Latino voting group,AP News,https://apnews.com/article/ken-paxton-robert-pitman-lawsuits-general-news-texas-cca420037922b2a8ad7b2ad6315c50e7,apnews.com,200,news,no,,,no
2026-02-23,starmer-out-in-2025,Starmer out by...?,Peter Mandelson arrested on suspicion of misconduct in public office,AP News,https://apnews.com/article/police-arrest-peter-mandelson-epstein-bc1cbabe40687e09d0f145a75f6a77e2,apnews.com,200,news,no,,,no
2026-02-23,texas-republican-senate-primary-winner,Texas Republican Senate Primary Winner,Judge rules against Ken Paxton’s attempt to shut down Texas Latino voting group,AP News,https://apnews.com/article/ken-paxton-robert-pitman-lawsuits-general-news-texas-cca420037922b2a8ad7b2ad6315c50e7,apnews.com,200,news,no,,,no
2026-02-23,ukraine-election-called-in-2025,Ukraine election called by...?,Ukrainian President Zelenskyy faces growing political pressure amid war and corruption scandal,AP News,https://apnews.com/article/ukraine-russia-war-zelenskyy-yermak-0c277365a6fd8c0f4996e54c6ceb95e9,apnews.com,200,news,no,,,no
2026-02-24,which-party-will-win-the-house-in-2026,Which party will win the House in 2026?,Texas passes redistricting bill adding Republicanâfavored seats,Associated Press,https://www.ap.org/news-highlights/elections/2026/redistricting-is-rampant-ahead-of-the-us-house-midterm-elections-what-states-are-taking-action/,ap.org,200,news,no,,,no
2026-02-24,republican-nominee-for-florida-governor,Florida Governor Republican Primary Winner,Byron Donalds officially announces run for Florida governor with Trump endorsement,AP News,https://apnews.com/article/byron-donalds-florida-governor-elections-2026-trump-5884b17305d6ef64408934dbdd65a210,apnews.com,200,news,no,,,no
2026-02-24,miguel-daz-canel-out-as-leader-of-cuba-by-june-30,Miguel Díaz-Canel out as leader of Cuba by...?,Cuban diplomat says island open to dialogue with U.S. but no negotiations,AP News,https://apnews.com/article/cuba-cossio-us-trump-dialogue-negotiations-diplomat-bf386bb43bf9e101f0d76d24781c26e6,apnews.com,200,news,no,,,no
2026-02-24,texas-republican-senate-primary-winner,Texas Republican Senate Primary Winner,Stephen Colbert interview with James Talarico pulled amid Texas early voting,AP News,https://apnews.com/article/stephen-colbert-james-talarico-donald-trump-fcc-806845facffd3ab3e30142971be16add,apnews.com,200,news,no,,,no
2026-02-24,fed-decision-in-june-825,Fed Decision in June?,Treasury yields fall after Fed pauses cuts,AP News,https://apnews.com/article/federal-reserve-trump-powell-inflation-c13913c9e007981f075fb3b22d4a4cec,apnews.com,200,news,no,,,no
2026-02-24,texas-republican-senate-primary-winner,Texas Republican Senate Primary Winner,Ken Paxton’s campaign releases new Trump‑endorsed TV spot,AP News,https://apnews.com/article/texas-senate-ken-paxton-cornyn-60c34efe45143422c5f9ff84d27c1be1,apnews.com,200,news,no,,,no
2026-02-24,texas-republican-senate-primary-winner,Texas Republican Senate Primary Winner,Stephen Colbert reveals CBS pulled James Talarico interview over FCC rules,AP News,https://apnews.com/article/stephen-colbert-james-talarico-donald-trump-fcc-806845facffd3ab3e30142971be16add,apnews.com,200,news,no,,,no
2026-02-24,what-will-fed-rate-hit-before-2027,What will Fed Rate hit before 2027?,Fed minutes reveal majority want more inflation progress before rate cuts,AP News,https://apnews.com/article/inflation-jobs-fed-trump-d7aabc066d5a3a330022963289abc0c0,apnews.com,200,news,no,,,no
2026-02-25,presidential-election-winner-2028,Presidential Election Winner 2028,Vance pulls out of Munich conference after 2025 controversy,AP News,https://apnews.com/hub/jd-vance,apnews.com,200,news,no,,,no
2026-02-25,presidential-election-winner-2028,Presidential Election Winner 2028,Officials defer $1.3 billion in California Medicaid funds over suspected fraud,AP News,https://apnews.com/article/medicare-fraud-trump-vance-oz-health-hospice-534297fffb47e31e2a3906273f20e0b5,apnews.com,200,news,no,,,no
2026-02-25,republican-presidential-nominee-2028,Republican Presidential Nominee 2028,Florida Rep. Byron Donalds announces 2026 gubernatorial bid with Trump endorsement,AP News,https://apnews.com/article/byron-donalds-donald-trump-florida-governor-desantis-7cf12bdb0899d0165c4cbd98e5b3abe3,apnews.com,200,news,no,,,no
2026-02-25,miguel-daz-canel-out-as-leader-of-cuba-by-june-30,Miguel Díaz-Canel out as leader of Cuba by...?,Cuba gifts AKM rifle to Silvio RodrÃ­guez after his vow to fight for the island,AP News,https://apnews.com/article/cuba-akm-rifle-silvio-rodriguez-president-ca7c8c7fba62def06608b0f286485456,apnews.com,200,news,no,,,no
2026-02-25,texas-republican-senate-primary-winner,Texas Republican Senate Primary Winner,Ken Paxton’s campaign releases new ad featuring Trump footage,AP News,https://apnews.com/article/stephen-colbert-james-talarico-donald-trump-fcc-806845facffd3ab3e30142971be16add,apnews.com,200,news,no,,,no
2026-02-25,texas-republican-senate-primary-winner,Texas Republican Senate Primary Winner,Ken Paxton’s campaign releases new ad featuring Trump footage,AP News,https://apnews.com/article/stephen-colbert-james-talarico-donald-trump-fcc-806845facffd3ab3e30142971be16add,apnews.com,200,news,no,,,no
2026-02-25,how-high-will-inflation-get-in-2026,How high will inflation get in 2026?,Iran war drives up U.S. wholesale energy prices sharply,AP News,https://apnews.com/article/inflation-oil-gasoline-inflation-trump-6990c9ca0e19553b40c13af11b9c575b,apnews.com,200,news,no,,,no
2026-02-26,what-will-happen-before-gta-vi,What will happen before GTA VI?,Pope Leo XIV to release first full-length US book 'Peace Be With You',AP News,https://apnews.com/article/pope-leo-book-peace-be-with-you-e57658b46757d3ccf98fc3179dff2a21,apnews.com,200,news,no,,,no
2026-02-26,what-will-happen-before-gta-vi,What will happen before GTA VI?,Pam Bondi resigns as Attorney General amid Justice Department upheaval,AP News,https://apnews.com/article/trump-bondi-zeldin-justice-department-4b1bf39326d2d2c3fd41cadff91dd75b,apnews.com,200,news,no,,,no
2026-02-26,will-russia-capture-lyman-in-2025,Will Russia capture Lyman by...?,"Constructive trilateral peace talks held in Abu Dhabi involving US, Russia, Ukraine",AP News,https://apnews.com/article/russia-ukraine-trump-putin-witkoff-kushner-zelenskyy-a77eadb50780c3d22882c42ea4764a54,apnews.com,200,news,no,,,no
2026-02-26,brazil-presidential-election,Brazil Presidential Election,Bolsonaro undergoes double hernia surgery in prison hospital,AP News,https://apnews.com/article/brazil-bolsonaro-hernia-surgery-prison-cf213deef6fdd4c15d903e47bae2c6ba,apnews.com,200,news,no,,,no
2026-02-26,starmer-out-in-2025,Starmer out by...?,Starmer vows not to quit after local elections deliver losses for Labour,AP News,https://apnews.com/article/britain-elections-labour-starmer-reform-farage-f17a122a0cfcc3595ef01f142517b0b6,apnews.com,200,news,no,,,no
2026-02-26,starmer-out-in-2025,Starmer out by...?,"Labour faces special election loss in Greater Manchester, raising leadership concerns",AP News,https://apnews.com/article/uk-labour-party-starmer-burnham-b63b1acaff7058eb2a22b730c0560390,apnews.com,200,news,no,,,no
2026-02-26,starmer-out-in-2025,Starmer out by...?,"Labour suffers losses in local elections, Starmer refuses to quit",AP News,https://apnews.com/article/britain-elections-labour-starmer-reform-farage-f17a122a0cfcc3595ef01f142517b0b6,apnews.com,200,news,no,,,no
2026-02-26,israeli-parliament-dissolved-by-october-31,Israeli parliament dissolved by...?,Israel launches largeâscale operation to locate last Gaza hostage,AP News,https://apnews.com/article/gaza-israel-hamas-palestinians-hostage-gvili-d57a28eb5371785588d4b955f9dd2a46,apnews.com,200,news,no,,,no
2026-02-26,what-will-fed-rate-hit-before-2027,What will Fed Rate hit before 2027?,Fed minutes reveal divided views on further rate cuts,AP News,https://apnews.com/article/inflation-jobs-fed-trump-d7aabc066d5a3a330022963289abc0c0,apnews.com,200,news,no,,,no
2026-02-27,texas-republican-senate-primary-winner,Texas Republican Senate Primary Winner,Jasmine Crockett launches US Senate bid in Texas,AP News,https://apnews.com/article/texas-senate-race-colin-allred-jasmine-crockett-5849d3ca44a733ce016300070788eec3,apnews.com,200,news,no,,,no
2026-02-27,texas-republican-senate-primary-winner,Texas Republican Senate Primary Winner,Jasmine Crockett launches US Senate bid in Texas,AP News,https://apnews.com/article/texas-senate-race-colin-allred-jasmine-crockett-5849d3ca44a733ce016300070788eec3,apnews.com,200,news,no,,,no
2026-02-28,will-the-us-confirm-that-aliens-exist-before-2027,Will the US confirm that aliens exist by...?,U.S. and Israel launch attacks on Iran; Strait of Hormuz shut down,AP News,https://apnews.com/article/iran-us-israel-war-may-8-2026-6490db55a65880a61a6233eff7acc68b,apnews.com,200,news,no,,,no
2026-02-28,which-party-will-win-the-house-in-2026,Which party will win the House in 2026?,Supreme Court allows new California congressional map favoring Democrats,AP News,https://apnews.com/article/supreme-court-california-congressional-maps-8362a34b739ea91d37a190eee1b6a6d1,apnews.com,200,news,no,,,no
2026-02-28,nobel-peace-prize-winner-2026-139,Nobel Peace Prize Winner 2026,Trump ties his stance on Greenland to not getting Nobel Peace Prize,AP News,https://apnews.com/article/greenland-denmark-us-trump-9b01eb577363ee6e913722fe3d40d68e,apnews.com,200,news,no,,,no
2026-02-28,california-governor-election-2026,California Governor Election Winner,Trump endorses Steve Hilton for California governor,AP News,https://apnews.com/article/steve-hilton-california-governor-newsom-11c0ec5b378e8b2792721c2ff7597499,apnews.com,200,news,no,,,no
2026-02-28,california-governor-election-2026,California Governor Election Winner,Public Policy Institute of California releases poll showing tight fourâway race,AP News,https://apnews.com/article/california-governor-donald-trump-endorsement-steve-hilton-0c3b0f4752466e3fd12463cbb49c079c,apnews.com,404,dead link,yes,archived,real_dead_link,no
2026-02-28,miguel-daz-canel-out-as-leader-of-cuba-by-june-30,Miguel Díaz-Canel out as leader of Cuba by...?,U.S. threatens tariffs on any country supplying oil to Cuba,AP News,https://apnews.com/article/oil-cuba-tariffs-trump-mexico-30f1d74a766fee23001684a5bb8079d9,apnews.com,200,news,no,,,no
2026-02-28,miguel-daz-canel-out-as-leader-of-cuba-by-june-30,Miguel Díaz-Canel out as leader of Cuba by...?,Trump threatens Cuba with economic blockade and demands political change,AP News,https://apnews.com/article/cuba-fuel-embassy-trump-blockade-dd5a11ac933daf258d3f689e7cbb822d,apnews.com,200,news,no,,,no
2026-02-28,miguel-daz-canel-out-as-leader-of-cuba-by-june-30,Miguel Díaz-Canel out as leader of Cuba by...?,"Cubaâs power grid collapses, triggering islandâwide blackout",AP News,https://apnews.com/article/cuba-economy-oil-crisis-us-6b2b44a4818616bbc542b7b63159a47b,apnews.com,200,news,no,,,no
2026-02-28,colombia-presidential-election,Colombia Presidential Election,DEA labels President Gustavo Petro a priority target in drug investigation,AP News,https://apnews.com/article/us-investigation-petro-colombian-president-95886306b7c3107df584e154726a8737,apnews.com,200,news,no,,,no
2026-02-28,colombia-presidential-election,Colombia Presidential Election,Political violence impacts candidate Miguel Uribe Turbay's legacy,AP News,https://apnews.com/article/colombia-presidential-miguel-uribe-londono-3e0224f23b62e2f9fecf0dee002c7684,apnews.com,200,news,no,,,no
2026-02-28,fed-decision-in-june-825,Fed Decision in June?,"Iran‑Israel conflict spikes oil prices, raising inflation concerns",AP News,https://apnews.com/article/us-inflation-consumer-iran-war-3f11b7fdd20ea56d2f0895e5241af7b6,apnews.com,200,news,no,,,no
2026-02-28,ukraine-election-called-in-2025,Ukraine election called by...?,Ukrainian delegation arrives in US for peace talks amid ongoing Russian attacks,AP News,https://apnews.com/article/russia-ukraine-war-peace-talks-energy-c7fc7a01ac9976dd617482b6ef6f1fa0,apnews.com,200,news,no,,,no
2026-02-28,what-will-fed-rate-hit-before-2027,What will Fed Rate hit before 2027?,"Iran war disrupts oil supply, pushing inflation concerns higher",AP News,https://apnews.com/article/jobs-economy-unemployment-trump-iran-war-2cf46bfbf7748403ea0245100af45504,apnews.com,200,news,no,,,no
2026-03-01,democratic-presidential-nominee-2028,Democratic Presidential Nominee 2028,Newsomâs final State of the State speech defends record and hints at 2028 run,AP News,https://apnews.com/article/california-newsom-state-speech-address-381b1657bf97fe5dcd92a7c1fd2d651e,apnews.com,200,news,no,,,no
2026-03-01,democratic-presidential-nominee-2028,Democratic Presidential Nominee 2028,"Actors Awards 2026 nominees announced, highlighting films like 'One Battle After Another'",AP News,https://apnews.com/article/actor-awards-nominations-2026-3dbd2ef19fe72e82a5b9446db83bd508,apnews.com,200,news,no,,,no
2026-03-01,democratic-presidential-nominee-2028,Democratic Presidential Nominee 2028,Alexandria Ocasio-Cortez faces criticism over immigration and healthcare stances,AP News,https://apnews.com/article/donald-trump-democrats-immigration-minneapolis-1108b6228c0f088aa85d4c6d8ce744ba,apnews.com,200,news,no,,,no
2026-03-01,presidential-election-winner-2028,Presidential Election Winner 2028,JD Vance attends U.S. women's hockey games at Winter Olympics with Jake Paul,AP News,https://apnews.com/article/hockey-olympics-jd-vance-jake-paul-d12a4fe97f2d997ede41f641c2ef6728,apnews.com,200,news,no,,,no
2026-03-01,republican-presidential-nominee-2028,Republican Presidential Nominee 2028,Ron DeSantis calls special session to redraw Florida congressional districts,AP News,https://apnews.com/article/florida-redistricting-census-desantis-b10b743019ba7f25a2f26d3ccdaf9a67,apnews.com,200,news,no,,,no
2026-03-01,will-russia-capture-kostyantynivka-by,Will Russia capture Kostyantynivka by...?,Russia maintains maximalist demands in stalled peace talks,AP News,https://apnews.com/article/russia-ukraine-war-putin-zelenskyy-trump-253ff2eb24b2dbd1b1b9d8a2ab20e913,apnews.com,200,news,no,,,no
2026-03-01,will-russia-capture-kostyantynivka-by,Will Russia capture Kostyantynivka by...?,Russia announces deployment of Oreshnik missiles to Belarus,AP News,https://apnews.com/article/russia-ukraine-war-oreshnik-missile-6909901499c9f45b4b89dad167becda8,apnews.com,200,news,no,,,no
2026-03-01,will-russia-capture-kostyantynivka-by,Will Russia capture Kostyantynivka by...?,Kremlin says progress in USâUkraineâRussia peace talks but no breakthrough,AP News,https://apnews.com/article/russia-ukraine-peace-talks-abu-dhabi-kremlin-a3f9444e6672f941676d095d63fc42e2,apnews.com,200,news,no,,,no
2026-03-01,will-the-us-confirm-that-aliens-exist-before-2027,Will the US confirm that aliens exist by...?,White House says no definitive evidence of extraterrestrials has been found,AP News,https://apnews.com/article/trump-ufos-uap-aliens-pentagon-records-investigation-3e658d2cf3742465127c0049c872240a,apnews.com,200,news,no,,,no
2026-03-01,will-the-us-confirm-that-aliens-exist-before-2027,Will the US confirm that aliens exist by...?,White House says no definitive evidence of extraterrestrials has been found,AP News,https://apnews.com/article/trump-ufos-uap-aliens-pentagon-records-investigation-3e658d2cf3742465127c0049c872240a,apnews.com,200,news,no,,,no
2026-03-01,which-party-will-win-the-house-in-2026,Which party will win the House in 2026?,"Democrat Renee Hardman wins Iowa state Senate special election, preventing GOP supermajority",AP News,https://apnews.com/article/iowa-special-election-state-senate-supermajority-32ecda723de7a58d0da7d1d701dbc980,apnews.com,200,news,no,,,no
2026-03-01,which-party-will-win-the-house-in-2026,Which party will win the House in 2026?,Virginia Supreme Court strikes down Democratsâ redrawn US House maps,AP News,https://apnews.com/article/redistricting-virginia-congress-democrats-republicans-12a31037f3c9a94d3cb9fbcaaf84d94f,apnews.com,200,news,no,,,no
2026-03-01,nobel-peace-prize-winner-2026-139,Nobel Peace Prize Winner 2026,Venezuelan government announces amnesty bill for political prisoners amid US pressure,AP News,https://apnews.com/article/venezuela-political-prisoners-maduro-rodriguez-trump-amnesty-f116c004d8f480687ae8671093f8dad8,apnews.com,200,news,no,,,no
2026-03-01,nobel-peace-prize-winner-2026-139,Nobel Peace Prize Winner 2026,Trump links Greenland stance to Nobel Peace Prize snub in message to Norwegian PM,AP News,https://apnews.com/article/greenland-denmark-us-trump-starmer-9b01eb577363ee6e913722fe3d40d68e,apnews.com,200,news,no,,,no
2026-03-01,balance-of-power-2026-midterms,Balance of Power: 2026 Midterms,Democrat Alex Vindman enters Florida Senate race against GOP incumbent,AP News,https://apnews.com/article/alex-vindman-florida-senate-trump-ukraine-impeachment-1850e6e729d1d1efa2ca8baddc47a815,apnews.com,200,news,no,,,no
2026-03-01,balance-of-power-2026-midterms,Balance of Power: 2026 Midterms,Virginia Supreme Court strikes down Democratic redistricting plan,AP News,https://apnews.com/article/redistricting-virginia-congress-democrats-republicans-12a31037f3c9a94d3cb9fbcaaf84d94f,apnews.com,200,news,no,,,no
2026-03-01,where-will-zelenskyy-and-putin-meet-next,Where will Zelenskyy and Putin meet next before 2027?,Saudi Arabia bombs Yemen port city over UAE weapons shipment to separatists,AP News,https://apnews.com/article/saudi-arabia-bomb-yemen-mukalla-weapons-uae-9fc56e4678a12f56d61b1ecf855d4a4e,apnews.com,200,news,no,,,no
2026-03-01,california-governor-election-2026,California Governor Election Winner,Tom Steyer ramps up spending in California governor race,AP News,https://apnews.com/article/california-governor-democrats-tom-steyer-billionaire-6e55c315e687a8cae88012a404753b07,apnews.com,200,news,no,,,no
2026-03-01,miguel-daz-canel-out-as-leader-of-cuba-by-june-30,Miguel Díaz-Canel out as leader of Cuba by...?,Cuban President DÃ­az-Canel publicly rejects US hostility and affirms regime unity,AP News,https://apnews.com/article/cuba-eeuu-ayuda-humanitaria-caravana-convoy-cb11963a2bc960d09a1b6f33fa51ebff,apnews.com,200,news,no,,,no
2026-03-01,will-russia-capture-lyman-in-2025,Will Russia capture Lyman by...?,U.S.-brokered peace talks stall amid conflicting territorial demands,AP News,https://apnews.com/article/russia-ukraine-war-putin-zelenskyy-trump-4bdd3a5c442838174c6179305d9396c9,apnews.com,200,news,no,,,no
2026-03-01,who-will-close-warner-bros-acquisition,Who will close Warner Bros. acquisition?,Netflix revises Warner Bros. offer to all-cash transaction to counter Paramount,AP News,https://apnews.com/article/warner-bros-discovery-netflix-paramount-skydance-c6ec8766efc851fd2859b666bce5e14d,apnews.com,200,news,no,,,no
2026-03-01,colombia-presidential-election,Colombia Presidential Election,Interparty primaries narrow Colombia presidential field,AP News,https://apnews.com/article/colombia-presidential-miguel-uribe-londono-3e0224f23b62e2f9fecf0dee002c7684,apnews.com,200,news,no,,,no
2026-03-01,fed-decision-in-june-825,Fed Decision in June?,"Fed minutes show December rate cut was a close call, highlighting committee divisions",AP News,https://apnews.com/article/inflation-federal-reserve-jobs-economy-3c48a2e88f04b70e993020712c8684b2,apnews.com,200,news,no,,,no
2026-03-01,what-will-fed-rate-hit-before-2027,What will Fed Rate hit before 2027?,Fed minutes reveal officials divided on further rate cuts amid inflation concerns,AP News,https://apnews.com/article/inflation-jobs-fed-trump-d7aabc066d5a3a330022963289abc0c0,apnews.com,200,news,no,,,no
2026-03-01,what-will-fed-rate-hit-before-2027,What will Fed Rate hit before 2027?,Mortgage rates hold near 2025 lows amid Fed rate cut expectations,AP News,https://apnews.com/article/mortgage-rates-housing-interest-financing-home-9d8fabf50c493891caeaf6b4d53458ee,apnews.com,200,news,no,,,no
2026-03-02,presidential-election-winner-2028,Presidential Election Winner 2028,Vice President JD Vance booed during Milan Cortina opening ceremony,AP News,https://apnews.com/article/vance-booed-opening-ceremony-milan-cortina-cda982415bf683d709455c9d086077a8,apnews.com,200,news,no,,,no
2026-03-02,will-russia-capture-kostyantynivka-by,Will Russia capture Kostyantynivka by...?,Russian forces claim control of Myrnohrad and Huliaipole,AP News,https://apnews.com/article/russia-ukraine-war-kyiv-strikes-67c576b92273cc0953de64590572e159,apnews.com,200,news,no,,,no
2026-03-02,nobel-peace-prize-winner-2026-139,Nobel Peace Prize Winner 2026,Israeli police forcibly enter UNRWA compound in east Jerusalem,AP News,https://apnews.com/article/mideast-israel-jerusalem-palestine-un-06318427dacdfa61c9b9990c0d088bdb,apnews.com,200,news,no,,,no
2026-03-02,nobel-peace-prize-winner-2026-139,Nobel Peace Prize Winner 2026,Russian President Putin agrees to temporary halt in energy attacks on Ukraine at Trump's request,AP News,https://apnews.com/live/donald-trump-news-updates-1-30-2026,apnews.com,200,news,no,,,no
2026-03-02,balance-of-power-2026-midterms,Balance of Power: 2026 Midterms,"Democrat Renee Hardman wins Iowa state Senate special election, blocking GOP supermajority",AP News,https://apnews.com/article/iowa-special-election-state-senate-supermajority-32ecda723de7a58d0da7d1d701dbc980,apnews.com,200,news,no,,,no
2026-03-02,netanyahu-out-before-2027,Netanyahu out by...?,Iranâs president declares full-scale war with West ahead of Netanyahu-Trump meeting,AP News,https://apnews.com/article/iran-president-war-west-trump-netanyahu-2ef7a55988b80813f6913c8c1835322b,apnews.com,200,news,no,,,no
2026-03-02,netanyahu-out-before-2027,Netanyahu out by...?,Netanyahu to meet Trump in Washington on Iran talks,AP News,https://apnews.com/article/iran-israel-netanyahu-trump-washington-aad9f0290212fad4e9f81576f99becf2,apnews.com,200,news,no,,,no
2026-03-02,miguel-daz-canel-out-as-leader-of-cuba-by-june-30,Miguel Díaz-Canel out as leader of Cuba by...?,Russia delivers first oil shipment to Cuba in three months,AP News,https://apnews.com/article/cuba-us-talks-68bec1bfee9efe696c8ce357463c7a56,apnews.com,200,news,no,,,no
2026-03-02,texas-republican-senate-primary-winner,Texas Republican Senate Primary Winner,Divorce filing and adultery allegations hit Texas AG Paxton’s Senate bid,AP News,https://apnews.com/article/ken-paxton-texas-divorce-republican-senate-57039be35a95e9dec48fa64b3028358a,apnews.com,200,news,no,,,no
2026-03-02,fed-decision-in-june-825,Fed Decision in June?,Federal prosecutors seek access to Fed building amid ongoing investigation,AP News,https://apnews.com/article/federal-reserve-jerome-powell-trump-16f1777a974cf0dece60d78abe4eb973,apnews.com,200,news,no,,,no
2026-03-02,starmer-out-in-2025,Starmer out by...?,Starmer defends UK stance on Arctic security amid US‑China tensions,AP News,https://apnews.com/article/uk-starmer-china-xi-jinping-new-year-address-taiwan-56761d92abff5a95f8ff7fd2fb791678,apnews.com,200,news,no,,,no
2026-03-02,texas-republican-senate-primary-winner,Texas Republican Senate Primary Winner,Cornyn’s price plunges 65 points after Paxton’s legal victory,AP News,https://apnews.com/article/alan-albright-texas-general-news-texas-state-government-775266200dcfbdba915ce64d2df92202,apnews.com,200,news,no,,,no
2026-03-02,texas-republican-senate-primary-winner,Texas Republican Senate Primary Winner,Divorce filing and adultery allegations hit Texas AG Paxton’s Senate bid,AP News,https://apnews.com/article/ken-paxton-texas-divorce-republican-senate-57039be35a95e9dec48fa64b3028358a,apnews.com,200,news,no,,,no
2026-03-02,how-many-different-countries-will-israel-strike-in-2026,How many different countries will Israel strike in 2026?,"Israel conducts drone strike on car in Yanouh, Lebanon, killing three including a child",AP News,https://apnews.com/article/lebanon-israel-atwi-hezbollah-aljamaa-alislamiya-1d4f58e1f49478ab35c7fa2a08b1c965,apnews.com,200,news,no,,,no
2026-03-03,democratic-presidential-nominee-2028,Democratic Presidential Nominee 2028,Newsomâs State of the State speech emphasizes California as a national model,AP News,https://apnews.com/article/california-newsom-state-speech-address-381b1657bf97fe5dcd92a7c1fd2d651e,apnews.com,200,news,no,,,no
2026-03-03,which-party-will-win-the-senate-in-2026,Which party will win the Senate in 2026?,"Democrat Renee Hardman wins Iowa state Senate seat, blocking GOP supermajority",AP News,https://apnews.com/article/iowa-special-election-state-senate-supermajority-32ecda723de7a58d0da7d1d701dbc980,apnews.com,200,news,no,,,no
2026-03-03,which-party-will-win-the-senate-in-2026,Which party will win the Senate in 2026?,Texas GOP Senate primary features incumbent Cornyn facing Trump-aligned challengers,AP News,https://apnews.com/article/texas-senate-republicans-cornyn-paxton-hunt-01f1ffaf8a890e3017af407abe502e8f,apnews.com,200,news,no,,,no
2026-03-03,netanyahu-out-before-2027,Netanyahu out by...?,"Hamas spokesman killed in Gaza strike, ceaseâfire tensions rise",AP News,https://apnews.com/article/israel-hamas-gaza-palestinians-war-news-29-12-2025-856980762ef24ba0ab2d40de624d362e,apnews.com,200,news,no,,,no
2026-03-03,will-russia-capture-lyman-in-2025,Will Russia capture Lyman by...?,U.S.-brokered peace talks resume in Abu Dhabi amid Lyman fighting,AP News,https://apnews.com/article/russia-ukraine-war-trump-peace-deal-diplomacy-563358928ede87d5a08ed5f4082a4d7c,apnews.com,200,news,no,,,no
2026-03-03,texas-republican-senate-primary-winner,Texas Republican Senate Primary Winner,Texas GOP primary results show tight race between Paxton and Cornyn,AP News,https://apnews.com/article/texas-senate-republicans-cornyn-paxton-hunt-01f1ffaf8a890e3017af407abe502e8f,apnews.com,200,news,no,,,no
2026-03-03,colombia-presidential-election,Colombia Presidential Election,Ivan Cepeda leads in polls as presidential field narrows,AP News,https://apnews.com/article/colombia-presidential-miguel-uribe-londono-3e0224f23b62e2f9fecf0dee002c7684,apnews.com,200,news,no,,,no
2026-03-03,texas-republican-senate-primary-winner,Texas Republican Senate Primary Winner,Texas Republican primary election held with no candidate winning majority,AP News,https://apnews.com/article/texas-senate-republicans-cornyn-paxton-hunt-01f1ffaf8a890e3017af407abe502e8f,apnews.com,200,news,no,,,no
2026-03-03,what-will-fed-rate-hit-before-2027,What will Fed Rate hit before 2027?,Senate Banking Committee hearing on Warsh nomination highlights independence concerns,AP News,https://apnews.com/article/federal-reserve-kevin-warsh-jerome-powell-dd88a3f06eddcada4db555fe11e547eb,apnews.com,200,news,no,,,no
2026-03-04,will-russia-capture-kostyantynivka-by,Will Russia capture Kostyantynivka by...?,Car bomb kills Russian Lt. Gen. Fanil Sarvarov in Moscow,AP News,https://apnews.com/article/russia-explosion-general-killed-sarvarov-73413ae5936609832f706ab26f864b3c,apnews.com,200,news,no,,,no
2026-03-04,netanyahu-out-before-2027,Netanyahu out by...?,Israel launches large-scale operation to locate last hostage in Gaza,AP News,https://apnews.com/article/gaza-israel-hamas-palestinians-hostage-gvili-d57a28eb5371785588d4b955f9dd2a46,apnews.com,200,news,no,,,no
2026-03-04,who-will-close-warner-bros-acquisition,Who will close Warner Bros. acquisition?,"Warner Bros rejects Paramount takeover again, backs Netflix bid",AP News,https://apnews.com/article/warner-bros-discovery-paramount-netflix-4e1950023fd5efe0db1bc9cda7074465,apnews.com,200,news,no,,,no
2026-03-04,fed-decision-in-june-825,Fed Decision in June?,Fed signals hold at March meeting after mixed data,AP News,https://apnews.com/article/federal-reserve-trump-powell-inflation-c1e2c5222795bda4a1d294f6406f66fc,apnews.com,200,news,no,,,no
2026-03-04,starmer-out-in-2025,Starmer out by...?,UK government agrees to release documents on Mandelson’s ambassador appointment,AP News,https://apnews.com/article/britain-jeffrey-epstein-mandelson-e6e21888de8a89b6f9dd2a5fe586ea6c,apnews.com,200,news,no,,,no
2026-03-04,who-will-be-confirmed-as-fed-chair,Who will be confirmed as Fed Chair?,Senator Thom Tillis vows to oppose any Fed nominee until Powell investigation resolved,AP News,https://apnews.com/article/warsh-trump-federal-reserve-chair-6b4441263c1b7ecb40b96adf17adeea2,apnews.com,200,news,no,,,no
2026-03-04,texas-republican-senate-primary-winner,Texas Republican Senate Primary Winner,John Cornyn tops new poll showing 84% support among Republican primary voters,AP News,https://apnews.com/article/texas-senate-republicans-cornyn-paxton-hunt-01f1ffaf8a890e3017af407abe502e8f,apnews.com,200,news,no,,,no
2026-03-05,presidential-election-winner-2028,Presidential Election Winner 2028,Fans boo Vice President JD Vance during Olympic opening ceremony,AP News,https://apnews.com/article/vance-booed-opening-ceremony-milan-cortina-cda982415bf683d709455c9d086077a8,apnews.com,200,news,no,,,no
2026-03-05,republican-presidential-nominee-2028,Republican Presidential Nominee 2028,"JD Vance announces fourth child, boosting familyâoriented image",AP News,https://apnews.com/article/usha-vance-pregnant-child-boy-vice-president-40098e3b09e0c8c2b3c43470a81cc39b,apnews.com,200,news,no,,,no
2026-03-05,will-russia-capture-kostyantynivka-by,Will Russia capture Kostyantynivka by...?,Ukraine appoints new chief of staff amid warâtime pressure,AP News,https://apnews.com/article/ukraine-budanov-zelenskyy-chief-staff-russia-war-16e9e0744a0257dd7a47301526fcdb45,apnews.com,200,news,no,,,no
2026-03-05,will-russia-capture-kostyantynivka-by,Will Russia capture Kostyantynivka by...?,Russia intensifies foreign fighter recruitment for Ukraine war,AP News,https://apnews.com/article/russia-ukraine-war-recruits-foreigners-78285219e6e10be694e8e1e007c5b6e4,apnews.com,200,news,no,,,no
2026-03-05,which-party-will-win-the-house-in-2026,Which party will win the House in 2026?,Republican Matt Van Epps sworn in after Tennessee special election win,AP News,https://apnews.com/article/matt-van-epps-tennessee-special-election-house-92fe6d5f4e408d87cab4f731ccebb490,apnews.com,200,news,no,,,no
2026-03-05,which-party-will-win-the-senate-in-2026,Which party will win the Senate in 2026?,Restless Democrats challenge party establishment ahead of midterms,AP News,https://apnews.com/article/democrats-establishment-schumer-maine-senate-mills-platner-62055159f7492a035a4b496f3f574e07,apnews.com,200,news,no,,,no
2026-03-05,nobel-peace-prize-winner-2026-139,Nobel Peace Prize Winner 2026,MarÃ­a Corina Machado presents her Nobel Peace Prize medal to Donald Trump,AP News,https://apnews.com/article/trump-machado-venezuela-maduro-nobel-peace-prize-ed23992bccabf128b7e849259d3c29a8,apnews.com,200,news,no,,,no
2026-03-05,balance-of-power-2026-midterms,Balance of Power: 2026 Midterms,Democratic election officials plan crisis scenarios for midterms amid ICE raids and FBI searches,AP News,https://apnews.com/article/democrats-elections-crisis-planning-trump-ice-midterms-ec3cf81ce9395a5be325bcb2433ceb31,apnews.com,200,news,no,,,no
2026-03-05,netanyahu-out-before-2027,Netanyahu out by...?,Netanyahu approves $35â¯billion gas export deal with Egypt,AP News,https://apnews.com/article/israel-gas-leviathan-chevron-egypt-9d7e816ae59b18f5d5cb78aadc3083e1,apnews.com,200,news,no,,,no
2026-03-05,netanyahu-out-before-2027,Netanyahu out by...?,Israel objects to USâannounced Gaza oversight committee,AP News,https://apnews.com/article/israel-white-housoe-gaza-next-steps-17579d16219d79982e48556d85a47e81,apnews.com,200,news,no,,,no
2026-03-05,netanyahu-out-before-2027,Netanyahu out by...?,Sharp market slide follows ICC prosecutorâs renewed focus on Netanyahu,AP News,https://apnews.com/article/icc-khan-netanyahu-070941d21ccd1f2b9611032b88527575,apnews.com,200,news,no,,,no
2026-03-05,california-governor-election-2026,California Governor Election Winner,Eric Swalwell drops out after sexual assault allegations,AP News,https://apnews.com/article/eric-swalwell-congress-rape-accusation-california-bd42cd883afdcb20990c3fa4b0d82f9d,apnews.com,200,news,no,,,no
2026-03-05,miguel-daz-canel-out-as-leader-of-cuba-by-june-30,Miguel Díaz-Canel out as leader of Cuba by...?,Cuba confirms talks with U.S. amid energy crisis and sanctions,AP News,https://apnews.com/article/cuba-us-talks-68bec1bfee9efe696c8ce357463c7a56,apnews.com,200,news,no,,,no
2026-03-05,texas-republican-senate-primary-winner,Texas Republican Senate Primary Winner,Ken Paxton’s price crashes to 14% amid backlash to controversial ad,AP News,https://apnews.com/article/stephen-colbert-james-talarico-donald-trump-fcc-806845facffd3ab3e30142971be16add,apnews.com,200,news,no,,,no
2026-03-05,colombia-presidential-election,Colombia Presidential Election,Iván Cepeda Castro peaks in polls amid strong campaign performance,AP News,https://apnews.com/article/colombia-election-polls-march-2026,apnews.com,404,dead link,yes,archived,real_dead_link,no
2026-03-05,colombia-presidential-election,Colombia Presidential Election,Sergio Fajardo exits race after poor poll results,AP News,https://apnews.com/article/colombia-fajardo-withdrawal-2026,apnews.com,404,dead link,yes,archived,real_dead_link,no
2026-03-05,ky-04-republican-primary-winner,KY-04 Republican Primary Winner,Massie votes against Venezuela war‑powers resolution,AP News,https://apnews.com/article/venezuela-war-powers-resolution,apnews.com,404,dead link,yes,archived,real_dead_link,no
2026-03-05,texas-republican-senate-primary-winner,Texas Republican Senate Primary Winner,Ken Paxton’s price crashes to 14% amid backlash to controversial ad,AP News,https://apnews.com/article/stephen-colbert-james-talarico-donald-trump-fcc-806845facffd3ab3e30142971be16add,apnews.com,200,news,no,,,no
2026-03-05,will-any-country-leave-nato-in-2025,Will any country leave NATO by...?,"President Trump reiterates demand to acquire Greenland, sparking NATO alarm",AP News,https://apnews.com/article/nato-greenland-trump-russia-deterrence-threat-07d6c18ed968c25736eca2c25d935edb,apnews.com,200,news,no,,,no
2026-03-06,netanyahu-out-before-2027,Netanyahu out by...?,"Israel attacks Iranian gas field, causing US-Israel strategic tensions",AP News,https://apnews.com/article/trump-iran-netanyahu-gas-cd880a355e3873d8175084140581b2c1,apnews.com,200,news,no,,,no
2026-03-06,miguel-daz-canel-out-as-leader-of-cuba-by-june-30,Miguel Díaz-Canel out as leader of Cuba by...?,Humanitarian aid convoy arrives in Cuba amid deepening crisis,AP News,https://apnews.com/article/cuba-convoy-international-aid-humanitarian-help-0bafbd3bd16bee8cb77d06efc0f329fb,apnews.com,200,news,no,,,no
2026-03-06,texas-republican-senate-primary-winner,Texas Republican Senate Primary Winner,Poll shows Cornyn trailing Paxton and Hunt in Texas GOP Senate race,AP News,https://apnews.com/article/texas-senate-republicans-cornyn-paxton-hunt-01f1ffaf8a890e3017af407abe502e8f,apnews.com,200,news,no,,,no
2026-03-06,fed-decision-in-june-825,Fed Decision in June?,Fed expected to keep rates unchanged amid political turmoil,AP News,https://apnews.com/article/federal-reserve-trump-powell-inflation-c1e2c5222795bda4a1d294f6406f66fc,apnews.com,200,news,no,,,no
2026-03-06,texas-republican-senate-primary-winner,Texas Republican Senate Primary Winner,Poll shows Cornyn trailing Paxton and Hunt in Texas GOP Senate race,AP News,https://apnews.com/article/texas-senate-republicans-cornyn-paxton-hunt-01f1ffaf8a890e3017af407abe502e8f,apnews.com,200,news,no,,,no
2026-03-06,israeli-parliament-dissolved-by-october-31,Israeli parliament dissolved by...?,Netanyahu approves $35â¯billion gas export deal to Egypt,AP News,https://apnews.com/article/israel-gas-leviathan-chevron-egypt-9d7e816ae59b18f5d5cb78aadc3083e1,apnews.com,200,news,no,,,no
2026-03-06,israeli-parliament-dissolved-by-october-31,Israeli parliament dissolved by...?,Federal judge bars Arizona from prosecuting Kalshi prediction market operator,AP News,https://apnews.com/article/arizona-kalshi-criminal-charges-prediction-markets-gambling-bb7cef24be5bd0d444bba670d2e41ceb,apnews.com,200,news,no,,,no
2026-03-06,ukraine-election-called-in-2025,Ukraine election called by...?,Trump announces Russia and Ukraine agreed to a 3-day ceasefire and prisoner swap,AP News,https://apnews.com/article/trump-russia-ukraine-war-ceasefire-prisoner-swap-007c385a9b81ba81b4b51c1a5b8ace9b,apnews.com,200,news,no,,,no
2026-03-07,republican-presidential-nominee-2028,Republican Presidential Nominee 2028,"JD Vance faces attack at his Ohio home, suspect detained by Secret Service",AP News,https://apnews.com/article/vance-home-ohio-damaged-man-detained-c53c099124e36642e4dd4d86c38cf33f,apnews.com,200,news,no,,,no
2026-03-07,nobel-peace-prize-winner-2026-139,Nobel Peace Prize Winner 2026,"Venezuelan opposition leader MarÃ­a Corina Machado draws large crowd in Madrid, rebuffs Spain PM",AP News,https://apnews.com/article/venezuela-spain-trump-maduro-machado-nobel-sanchez-4819d547e7f3ff9a86228d0e457e92be,apnews.com,200,news,no,,,no
2026-03-07,balance-of-power-2026-midterms,Balance of Power: 2026 Midterms,Democrat Taylor Rehmet flips Texas state Senate seat,AP News,https://apnews.com/article/texas-state-senate-democrat-taylor-rehmet-c8cb6685c49696b8a607a8f93111ae2e,apnews.com,200,news,no,,,no
2026-03-07,netanyahu-out-before-2027,Netanyahu out by...?,Netanyahu meets with U.S. President Trump to discuss Iran talks,AP News,https://apnews.com/article/iran-israel-netanyahu-trump-washington-aad9f0290212fad4e9f81576f99becf2,apnews.com,200,news,no,,,no
2026-03-07,who-will-close-warner-bros-acquisition,Who will close Warner Bros. acquisition?,"Warner Bros. rejects Paramount takeover again, backs Netflix deal",AP News,https://apnews.com/article/warner-bros-discovery-paramount-netflix-4e1950023fd5efe0db1bc9cda7074465,apnews.com,200,news,no,,,no
2026-03-07,texas-republican-senate-primary-winner,Texas Republican Senate Primary Winner,Cornyn’s price drops sharply after controversial interview on immigration policy,AP News,https://apnews.com/article/texas-senate-republicans-cornyn-paxton-hunt-01f1ffaf8a890e3017af407abe502e8f,apnews.com,200,news,no,,,no
2026-03-07,texas-republican-senate-primary-winner,Texas Republican Senate Primary Winner,Cornyn’s price drops sharply after controversial interview on immigration policy,AP News,https://apnews.com/article/texas-senate-republicans-cornyn-paxton-hunt-01f1ffaf8a890e3017af407abe502e8f,apnews.com,200,news,no,,,no
2026-03-07,israeli-parliament-dissolved-by-october-31,Israeli parliament dissolved by...?,U.S. envoys meet Netanyahu to discuss ceaseâfire progress,AP News,https://apnews.com/article/israel-gaza-war-trump-news-01-24-2026-90e36ca7d2e27ca8a21d1727e9e0119f,apnews.com,200,news,no,,,no
2026-03-07,will-any-country-leave-nato-in-2025,Will any country leave NATO by...?,NATO SecretaryâGeneral Mark Rutte warns Europe cannot defend itself without U.S. troops,AP News,https://apnews.com/article/nato-europe-us-nuclear-trump-defense-security-c1575be708cbd813f1c7d97c87628ff6,apnews.com,200,news,no,,,no
2026-03-08,republican-presidential-nominee-2028,Republican Presidential Nominee 2028,Vanceâs market price dips amid speculation over his familyâs upcoming birth,AP News,https://apnews.com/article/usha-vance-pregnant-child-boy-vice-president-40098e3b09e0c8c2b3c43470a81cc39b,apnews.com,200,news,no,,,no
2026-03-08,who-will-be-the-next-prime-minister-of-israel-after-the-next-election,Who will be the next Prime Minister of Israel after the next election?,Naftali Bennett gains momentum after coalition talks with centrist parties,AP News,https://apnews.com/article/israel-political-news-2026-03-08,apnews.com,404,dead link,yes,archived,real_dead_link,no
2026-03-08,which-party-will-win-the-senate-in-2026,Which party will win the Senate in 2026?,"Democrat Renee Hardman wins Iowa state Senate seat, blocking GOP supermajority",AP News,https://apnews.com/article/iowa-special-election-state-senate-supermajority-32ecda723de7a58d0da7d1d701dbc980,apnews.com,200,news,no,,,no
2026-03-08,miguel-daz-canel-out-as-leader-of-cuba-by-june-30,Miguel Díaz-Canel out as leader of Cuba by...?,U.S. aid package of $6â¯million announced for Cuba amid energy crisis,AP News,https://apnews.com/article/us-cuba-aid-melissa-trump-diaz-canel-636551892a2f59f43b657f1e71997b0b,apnews.com,200,news,no,,,no
2026-03-08,miguel-daz-canel-out-as-leader-of-cuba-by-june-30,Miguel Díaz-Canel out as leader of Cuba by...?,"U.S. humanitarian convoy lands in Cuba with food, medicine and solar panels",AP News,https://apnews.com/article/cuba-convoy-international-aid-humanitarian-help-0bafbd3bd16bee8cb77d06efc0f329fb,apnews.com,200,news,no,,,no
2026-03-08,texas-republican-senate-primary-winner,Texas Republican Senate Primary Winner,John Cornyn’s market price jumps to 79% after poll surge,AP News,https://apnews.com/article/texas-senate-republicans-cornyn-paxton-hunt-01f1ffaf8a890e3017af407abe502e8f,apnews.com,200,news,no,,,no
2026-03-08,fed-decision-in-june-825,Fed Decision in June?,Fed releases statement that it will likely keep rates unchanged at June meeting,AP News,https://apnews.com/article/federal-reserve-trump-powell-inflation-c1e2c5222795bda4a1d294f6406f66fc,apnews.com,200,news,no,,,no
2026-03-08,texas-republican-senate-primary-winner,Texas Republican Senate Primary Winner,Ken Paxton’s price crashes after court rules he cannot shut down Latino voting group,AP News,https://apnews.com/article/ken-paxton-robert-pitman-lawsuits-general-news-texas-cca420037922b2a8ad7b2ad6315c50e7,apnews.com,200,news,no,,,no
2026-03-08,texas-republican-senate-primary-winner,Texas Republican Senate Primary Winner,Cornell surges after poll shows him leading primary field,AP News,https://apnews.com/article/texas-senate-republicans-cornyn-paxton-hunt-01f1ffaf8a890e3017af407abe502e8f,apnews.com,200,news,no,,,no
2026-03-08,israeli-parliament-dissolved-by-october-31,Israeli parliament dissolved by...?,Israel launches largeâscale operation to locate last hostage in Gaza,AP News,https://apnews.com/article/gaza-israel-hamas-palestinians-hostage-gvili-d57a28eb5371785588d4b955f9dd2a46,apnews.com,200,news,no,,,no
2026-03-08,will-any-country-leave-nato-in-2025,Will any country leave NATO by...?,Trump announces he will drop Greenland tariff threats after talks with NATO chief,AP News,https://apnews.com/article/trump-davos-housing-greenland-gaza-a2f3f4c18ba321c8025a3e208fc0ddf6,apnews.com,200,news,no,,,no
2026-03-08,harvey-weinstein-prison-time,Harvey Weinstein prison time?,Prosecutors unveil recorded phone call linking Weinstein to assault,AP News,https://apnews.com/article/harvey-weinstein-rape-retrial-72d8b9d01c4159fa6ae6d9fb865a4fa2,apnews.com,200,news,no,,,no
2026-03-08,what-will-fed-rate-hit-before-2027,What will Fed Rate hit before 2027?,November CPI shows 2.8% annual increase,AP News,https://apnews.com/article/inflation-economy-consumers-ac538fd750b4622ee7fa439ef8021783,apnews.com,200,news,no,,,no
2026-03-09,balance-of-power-2026-midterms,Balance of Power: 2026 Midterms,Georgia sets March 10 special election to replace Marjorie Taylor Greene,AP News,https://apnews.com/article/marjorie-taylor-greene-special-election-congress-georgia-2d49a9ab7ecf47916bca3dea6679f140,apnews.com,200,news,no,,,no
2026-03-09,miguel-daz-canel-out-as-leader-of-cuba-by-june-30,Miguel Díaz-Canel out as leader of Cuba by...?,Juneâ30 market spikes to 60% after U.S. aid announcement,AP News,https://apnews.com/article/us-cuba-aid-melissa-trump-diaz-canel-636551892a2f59f43b657f1e71997b0b,apnews.com,200,news,no,,,no
2026-03-09,miguel-daz-canel-out-as-leader-of-cuba-by-june-30,Miguel Díaz-Canel out as leader of Cuba by...?,Trump signs executive order imposing tariffs on oil to Cuba,AP News,https://apnews.com/article/cuba-trump-petroleo-presion-27772f8b8dc65a6b62baa919cdc41a4d,apnews.com,200,news,no,,,no
2026-03-09,who-will-close-warner-bros-acquisition,Who will close Warner Bros. acquisition?,Paramount advances hostile takeover with plans to nominate own Warner Bros. board,AP News,https://apnews.com/article/warner-bros-discovery-paramount-netflix-1f3d41953c8f26c2ea3824c4b1d2dd68,apnews.com,200,news,no,,,no
2026-03-09,who-will-close-warner-bros-acquisition,Who will close Warner Bros. acquisition?,Warner board reaffirms support for Netflix merger,AP News,https://apnews.com/article/warner-bros-discovery-paramount-netflix-4e1950023fd5efe0db1bc9cda7074465,apnews.com,200,news,no,,,no
2026-03-09,texas-republican-senate-primary-winner,Texas Republican Senate Primary Winner,Stephen Colbert pulls James Talarico interview over FCC equal‑time concerns,AP News,https://apnews.com/article/stephen-colbert-james-talarico-donald-trump-fcc-806845facffd3ab3e30142971be16add,apnews.com,200,news,no,,,no
2026-03-09,fed-decision-in-june-825,Fed Decision in June?,Fed minutes show split over future rate cuts after strong inflation data,AP News,https://apnews.com/article/federal-reserve-jerome-powell-trump-powell-rates-99d90bab1ba2faa0fc5d4a6106125da7,apnews.com,200,news,no,,,no
2026-03-09,texas-republican-senate-primary-winner,Texas Republican Senate Primary Winner,John Cornyn’s price spikes to 79% after aggressive fundraising report,AP News,https://apnews.com/article/texas-senate-republicans-cornyn-paxton-hunt-01f1ffaf8a890e3017af407abe502e8f,apnews.com,200,news,no,,,no
2026-03-09,texas-republican-senate-primary-winner,Texas Republican Senate Primary Winner,Stephen Colbert pulls James Talarico interview over FCC equal‑time concerns,AP News,https://apnews.com/article/stephen-colbert-james-talarico-donald-trump-fcc-806845facffd3ab3e30142971be16add,apnews.com,200,news,no,,,no
2026-03-10,democratic-presidential-nominee-2028,Democratic Presidential Nominee 2028,Georgia sets March 10 election to replace Marjorie Taylor Greene in Congress,AP News,https://apnews.com/article/marjorie-taylor-greene-special-election-congress-georgia-2d49a9ab7ecf47916bca3dea6679f140,apnews.com,200,news,no,,,no
2026-03-10,democratic-presidential-nominee-2028,Democratic Presidential Nominee 2028,Pete Buttigiegâs campaign announces withdrawal from 2028 race,AP News,https://apnews.com/article/pete-buttigieg-withdraws-2028-presidential-race,apnews.com,404,dead link,yes,archived,real_dead_link,no
2026-03-10,presidential-election-winner-2028,Presidential Election Winner 2028,Marco Rubioâs poll surge after strong debate performance,AP News,https://apnews.com/article/marco-rubio-debate-performance-2026,apnews.com,404,dead link,yes,archived,real_dead_link,no
2026-03-10,republican-presidential-nominee-2028,Republican Presidential Nominee 2028,Marco Rubio leads U.S. foreign policy efforts on Venezuela and Latin America,AP News,https://apnews.com/article/rubio-venezuela-greenland-trump-maduro-60481ca89c1fa4ec94f692d648141051,apnews.com,200,news,no,,,no
2026-03-10,republican-presidential-nominee-2028,Republican Presidential Nominee 2028,Turning Point USA AmericaFest highlights Republican Party divisions ahead of 2028,AP News,https://apnews.com/article/turning-point-charlie-kirk-vance-republicans-2028-e28a332d7f55eb44346ef9d47e8906e4,apnews.com,200,news,no,,,no
2026-03-10,republican-presidential-nominee-2028,Republican Presidential Nominee 2028,Donald Trump Jr. endorses JD Vance for 2028,AP News,https://apnews.com/article/turning-point-charlie-kirk-vance-republicans-2028-e28a332d7f55eb44346ef9d47e8906e4,apnews.com,200,news,no,,,no
2026-03-10,nobel-peace-prize-winner-2026-139,Nobel Peace Prize Winner 2026,"International Court of Justice orders ceaseâfire in Gaza, drawing global attention",AP News,https://apnews.com/article/icj-gaza-ceasefire-2026,apnews.com,404,dead link,yes,archived,real_dead_link,no
2026-03-10,balance-of-power-2026-midterms,Balance of Power: 2026 Midterms,House Republicans propose stricter voting laws ahead of midterms,AP News,https://apnews.com/article/midterms-voting-laws-photo-id-citizenship-republicans-feecb51a6efa41cf32d18fe4b15c08ce,apnews.com,200,news,no,,,no
2026-03-10,balance-of-power-2026-midterms,Balance of Power: 2026 Midterms,Georgia schedules special election to replace Marjorie Taylor Greene in Congress,AP News,https://apnews.com/article/marjorie-taylor-greene-special-election-congress-georgia-2d49a9ab7ecf47916bca3dea6679f140,apnews.com,200,news,no,,,no
2026-03-10,balance-of-power-2026-midterms,Balance of Power: 2026 Midterms,Georgia schedules special election to replace Marjorie Taylor Greene,AP News,https://apnews.com/article/marjorie-taylor-greene-special-election-congress-georgia-2d49a9ab7ecf47916bca3dea6679f140,apnews.com,200,news,no,,,no
2026-03-10,netanyahu-out-before-2027,Netanyahu out by...?,Netanyahu joins Trump's Board of Peace for Gaza peace process,AP News,https://apnews.com/article/israel-palestinos-trump-netanyahu-guerra-gaza-junta-paz-c520d994686072a2014a03818551a58c,apnews.com,200,news,no,,,no
2026-03-10,california-governor-election-2026,California Governor Election Winner,Eric Swalwell withdraws from governor race amid sexual assault allegations,AP News,https://apnews.com/article/eric-swalwell-congress-california-governor-election-f485eacb0aa43d04e534430cfaa704e1,apnews.com,200,news,no,,,no
2026-03-10,california-governor-election-2026,California Governor Election Winner,"Polling shows tight race among Steyer, Porter, Hilton, and Bianco",AP News,https://apnews.com/article/who-running-california-governor-candidates-primary-election-5f78b04bfaecf2f15aee9298b06e5849,apnews.com,200,news,no,,,no
2026-03-10,colombia-presidential-election,Colombia Presidential Election,Market reacts to narrowing candidate field ahead of March primaries,AP News,https://apnews.com/article/colombia-presidential-miguel-uribe-londono-3e0224f23b62e2f9fecf0dee002c7684,apnews.com,200,news,no,,,no
2026-03-10,fed-decision-in-june-825,Fed Decision in June?,Fed minutes reveal divided views but no immediate rate cuts planned,AP News,https://apnews.com/article/inflation-jobs-fed-trump-d7aabc066d5a3a330022963289abc0c0,apnews.com,200,news,no,,,no
2026-03-10,ky-04-republican-primary-winner,KY-04 Republican Primary Winner,Georgia special election to replace Marjorie Taylor Greene,AP News,https://apnews.com/article/marjorie-taylor-greene-special-election-congress-georgia-2d49a9ab7ecf47916bca3dea6679f140,apnews.com,200,news,no,,,no
2026-03-10,ky-04-republican-primary-winner,KY-04 Republican Primary Winner,Trump endorses challenger against Thomas Massie in KY-04 primary,AP News,https://apnews.com/article/julia-letlow-louisiana-senate-trump-bill-cassidy-4bf089f4429bb57a1f63bd2e10b934d2,apnews.com,200,news,no,,,no
2026-03-10,what-will-fed-rate-hit-before-2027,What will Fed Rate hit before 2027?,Federal prosecutors visit Fed building amid investigation into renovation costs,AP News,https://apnews.com/article/federal-reserve-jerome-powell-trump-16f1777a974cf0dece60d78abe4eb973,apnews.com,200,news,no,,,no
2026-03-10,what-will-fed-rate-hit-before-2027,What will Fed Rate hit before 2027?,Fed minutes show most officials want more inflation progress before additional cuts,AP News,https://apnews.com/article/inflation-jobs-fed-trump-d7aabc066d5a3a330022963289abc0c0,apnews.com,200,news,no,,,no
2026-03-10,what-will-fed-rate-hit-before-2027,What will Fed Rate hit before 2027?,"Core CPI rises 2.8% in February, keeping inflation above target",AP News,https://apnews.com/article/inflation-economy-consumers-ac538fd750b4622ee7fa439ef8021783,apnews.com,200,news,no,,,no
2026-03-10,what-will-fed-rate-hit-before-2027,What will Fed Rate hit before 2027?,Fed minutes show most officials want more inflation progress before further cuts,AP News,https://apnews.com/article/inflation-jobs-fed-trump-d7aabc066d5a3a330022963289abc0c0,apnews.com,200,news,no,,,no
2026-03-10,what-will-fed-rate-hit-before-2027,What will Fed Rate hit before 2027?,Fed keeps rate steady at 3.6% after January meeting,AP News,https://apnews.com/article/fed-minutes-lower-inflation-needed-2026-03-10,apnews.com,404,dead link,yes,archived,real_dead_link,no
2026-03-10,how-high-will-inflation-get-in-2026,How high will inflation get in 2026?,US wholesale prices surge 4% amid Iran war driving energy costs higher,AP News,https://apnews.com/article/inflation-oil-gasoline-inflation-trump-6990c9ca0e19553b40c13af11b9c575b,apnews.com,200,news,no,,,no
2026-03-11,nobel-peace-prize-winner-2026-139,Nobel Peace Prize Winner 2026,Senate confirms Jared Isaacman as NASA administrator after Trump-Musk feud,AP News,https://apnews.com/article/isaacman-trump-musk-feud-nasa-confirmation-senate-19f8cbea9a0271a762992d8825751e73,apnews.com,200,news,no,,,no
2026-03-11,colombia-presidential-election,Colombia Presidential Election,Paloma Valencia sees surge in presidential campaign support,AP News,https://apnews.com/article/colombia-presidential-miguel-uribe-londono-3e0224f23b62e2f9fecf0dee002c7684,apnews.com,200,news,no,,,no
2026-03-11,fed-decision-in-june-825,Fed Decision in June?,Republican senators defend Fed Chair Powell amid Trump administration pressure,AP News,https://apnews.com/article/jerome-powell-federal-reserve-trump-af06d80b28be9c8a5de9c3b2fe33fa3d,apnews.com,200,news,no,,,no
2026-03-11,ky-04-republican-primary-winner,KY-04 Republican Primary Winner,Trump endorses primary challenger to Massie,AP News,https://apnews.com/article/julia-letlow-louisiana-senate-trump-bill-cassidy-4bf089f4429bb57a1f63bd2e10b934d2,apnews.com,200,news,no,,,no
2026-03-12,presidential-election-winner-2028,Presidential Election Winner 2028,"Marco Rubio joins Vance at Winter Olympics, raising his profile",AP News,https://apnews.com/article/us-delegation-winter-olympics-vance-rubio-italy-4cda5924bd4bec7732c065e2a170cbaf,apnews.com,200,news,no,,,no
2026-03-12,who-will-be-the-next-prime-minister-of-israel-after-the-next-election,Who will be the next Prime Minister of Israel after the next election?,Netanyahu faces sharp market drop amid trial and regional tensions,AP News,https://apnews.com/article/israel-corruption-netanyahu-gaza-war-scandal-17518bca5b27fc47216eed974e96f3e6,apnews.com,200,news,no,,,no
2026-03-12,brazil-presidential-election,Brazil Presidential Election,Former President Jair Bolsonaro undergoes double hernia surgery in prison,AP News,https://apnews.com/article/brazil-bolsonaro-hernia-surgery-prison-cf213deef6fdd4c15d903e47bae2c6ba,apnews.com,200,news,no,,,no
2026-03-12,brazil-presidential-election,Brazil Presidential Election,Former President Bolsonaro undergoes double hernia surgery,AP News,https://apnews.com/article/brazil-bolsonaro-hernia-surgery-prison-cf213deef6fdd4c15d903e47bae2c6ba,apnews.com,200,news,no,,,no
2026-03-12,which-party-will-win-the-senate-in-2026,Which party will win the Senate in 2026?,Democratic Rep. Angie Nixon announces challenge to GOP Sen. Ashley Moody in Florida,AP News,https://apnews.com/article/florida-senate-moody-nixon-midterm-election-205977f662e883931aa411faa5ddbff2,apnews.com,200,news,no,,,no
2026-03-12,netanyahu-out-before-2027,Netanyahu out by...?,Retouched photos of Sara Netanyahu spark ethics controversy,AP News,https://apnews.com/article/israel-sara-netanyahu-photos-217896b96d01bf5cfcd7aa606b5fa78e,apnews.com,200,news,no,,,no
2026-03-12,california-governor-election-2026,California Governor Election Winner,San Jose Mayor Matt Mahan announces run for California governor,AP News,https://apnews.com/article/california-governor-race-matt-mahan-219b8085a1f1f6400f6f0f13707274b4,apnews.com,200,news,no,,,no
2026-03-12,will-russia-capture-lyman-in-2025,Will Russia capture Lyman by...?,Ukraineâs allies agree on multilayered security guarantees in Paris,AP News,https://apnews.com/article/ukraine-russia-macron-starmer-witkoff-21195f5b6a67fd2ac445d05803ae5948,apnews.com,200,news,no,,,no
2026-03-12,texas-republican-senate-primary-winner,Texas Republican Senate Primary Winner,Cornyn rebounds in latest Texas Senate GOP poll,AP News,https://apnews.com/article/texas-senate-republicans-cornyn-paxton-hunt-01f1ffaf8a890e3017af407abe502e8f,apnews.com,200,news,no,,,no
2026-03-12,brazil-presidential-election,Brazil Presidential Election,Former President Jair Bolsonaro undergoes double hernia surgery in prison,AP News,https://apnews.com/article/brazil-bolsonaro-hernia-surgery-prison-cf213deef6fdd4c15d903e47bae2c6ba,apnews.com,200,news,no,,,no
2026-03-12,colombia-presidential-election,Colombia Presidential Election,Father of slain candidate Miguel Uribe launches presidential bid,AP News,https://apnews.com/article/colombia-presidential-miguel-uribe-londono-3e0224f23b62e2f9fecf0dee002c7684,apnews.com,200,news,no,,,no
2026-03-12,fed-decision-in-june-825,Fed Decision in June?,Central bankers issue statement backing Fed independence amid Trump‑Powell clash,AP News,https://apnews.com/article/fed-powell-central-banks-trump-98403522c4a6315229f4b87fab467820,apnews.com,200,news,no,,,no
2026-03-12,starmer-out-in-2025,Starmer out by...?,"Starmer visits China, seeks to deepen UK-China strategic partnership",AP News,https://apnews.com/article/uk-prime-minister-starmer-xi-beijing-trade-062717a30f70bcfd64db08436e9aff90,apnews.com,200,news,no,,,no
2026-03-12,texas-republican-senate-primary-winner,Texas Republican Senate Primary Winner,Cornyn rebounds in latest Texas Senate GOP poll,AP News,https://apnews.com/article/texas-senate-republicans-cornyn-paxton-hunt-01f1ffaf8a890e3017af407abe502e8f,apnews.com,200,news,no,,,no
2026-03-12,texas-republican-senate-primary-winner,Texas Republican Senate Primary Winner,Ken Paxton rebounds to 44% after issuing apology for ad controversy,AP News,https://apnews.com/article/stephen-colbert-james-talarico-donald-trump-fcc-806845facffd3ab3e30142971be16add,apnews.com,200,news,no,,,no
2026-03-12,ukraine-election-called-in-2025,Ukraine election called by...?,Zelenskyy open to demilitarized zone but no election date announced,AP News,https://apnews.com/article/russia-ukraine-war-zelenskyy-peace-plan-d0c476bfa9ec218da5c8d5ff0c1d25c9,apnews.com,200,news,no,,,no
2026-03-13,presidential-election-winner-2028,Presidential Election Winner 2028,Marco Rubio's market price peaks,AP News,https://apnews.com/article/rubio-venezuela-greenland-trump-maduro-60481ca89c1fa4ec94f692d648141051,apnews.com,200,news,no,,,no
2026-03-13,which-party-will-win-the-senate-in-2026,Which party will win the Senate in 2026?,Republican Senate control price drops as market reacts to ongoing political headwinds,AP News,https://apnews.com/article/ohio-senate-husted-election-2026-bribery-scandal-1c60d58d6345e92d056e07df0eb695d5,apnews.com,200,news,no,,,no
2026-03-13,which-party-will-win-the-senate-in-2026,Which party will win the Senate in 2026?,"Democrat Renee Hardman wins Iowa state Senate seat, blocking GOP from reclaiming a supermajority",AP News,https://apnews.com/article/iowa-special-election-state-senate-supermajority-32ecda723de7a58d0da7d1d701dbc980,apnews.com,200,news,no,,,no
2026-03-13,nobel-peace-prize-winner-2026-139,Nobel Peace Prize Winner 2026,Iranian Nobel laureate Narges Mohammadi hospitalized after health crisis in prison,AP News,https://apnews.com/article/narges-mohammadi-hospitalized-iran-304524aaf3158ea4e28cf2ed684752a6,apnews.com,200,news,no,,,no
2026-03-13,netanyahu-out-before-2027,Netanyahu out by...?,Trump says he âinsistedâ on continuing U.S.âIran talks with Netanyahu,AP News,https://apnews.com/article/israel-iran-trump-netanyahu-nuclear-talks-fa5be8069deb4b1b01cdf30d3e3525e7,apnews.com,200,news,no,,,no
2026-03-13,starmer-out-in-2025,Starmer out by...?,"Starmer meets Xi Jinping, announces deeper UK‑China ties",AP News,https://apnews.com/article/uk-prime-minister-starmer-xi-beijing-trade-062717a30f70bcfd64db08436e9aff90,apnews.com,200,news,no,,,no
2026-03-13,israeli-parliament-dissolved-by-october-31,Israeli parliament dissolved by...?,"Israel strikes Hezbollah health center in Lebanon, killing 12 medical workers",AP News,https://apnews.com/article/lebanon-israel-iran-hezbollah-attacks-civilian-health-cf4ac34c7dff091543002400bbdf02cd,apnews.com,200,news,no,,,no
2026-03-13,will-any-country-leave-nato-in-2025,Will any country leave NATO by...?,NATO launches Arctic Sentry to boost HighâNorth security,AP News,https://apnews.com/article/nato-arctic-sentry-greenland-trump-exercises-defense-35855929d7709c60e1192bb6778df712,apnews.com,200,news,no,,,no
2026-03-14,democratic-presidential-nominee-2028,Democratic Presidential Nominee 2028,Kamala Harris announces she will not run for 2028 Democratic nomination,AP News,https://apnews.com/article/kamala-harris-declines-2028-presidential-run,apnews.com,404,dead link,yes,archived,real_dead_link,no
2026-03-14,democratic-presidential-nominee-2028,Democratic Presidential Nominee 2028,Andyâ¯Beshearâs campaign stalls amid low voter awareness,AP News,https://apnews.com/article/andy-beshear-campaign-2026,apnews.com,404,dead link,yes,archived,real_dead_link,no
2026-03-14,republican-nominee-for-florida-governor,Florida Governor Republican Primary Winner,Byron Donalds hits 87% price after DeSantis hints at endorsement,AP News,https://apnews.com/article/desantis-endorsement-florida-governor,apnews.com,404,dead link,yes,archived,real_dead_link,no
2026-03-14,balance-of-power-2026-midterms,Balance of Power: 2026 Midterms,"Senator Mary Peltola announces Senate run, energizing Democratic Senate hopes",AP News,https://apnews.com/article/alaska-senate-peltola-sullivan-3fd17afc556641652e83e9c11d700306,apnews.com,200,news,no,,,no
2026-03-14,netanyahu-out-before-2027,Netanyahu out by...?,US envoys urge Netanyahu to advance Gaza ceasefire second phase,AP News,https://apnews.com/article/israel-gaza-war-trump-news-01-24-2026-90e36ca7d2e27ca8a21d1727e9e0119f,apnews.com,200,news,no,,,no
2026-03-14,netanyahu-out-before-2027,Netanyahu out by...?,Bus accident kills ultraâOrthodox teen during draft protest,AP News,https://apnews.com/article/ultra-orthodox-israel-netanyahu-draft-law-protest-5e91c26f2c033b41305a3ff8db6aff95,apnews.com,200,news,no,,,no
2026-03-14,ky-04-republican-primary-winner,KY-04 Republican Primary Winner,Massie’s campaign announces fundraising surge after bipartisan support,AP News,https://apnews.com/article/massie-fundraising-2026-primary,apnews.com,404,dead link,yes,archived,real_dead_link,no
2026-03-14,israeli-parliament-dissolved-by-october-31,Israeli parliament dissolved by...?,UNRWA sites demolished after Knesset legislation,AP News,https://apnews.com/article/israel-palestinians-gaza-unrwa-cc9c5b2cac2332f0207d485f381be53d,apnews.com,200,news,no,,,no
2026-03-14,will-any-country-leave-nato-in-2025,Will any country leave NATO by...?,NATO Secretary-General Rutte emphasizes Europeâs dependence on U.S. military support,AP News,https://apnews.com/article/nato-europe-us-nuclear-trump-defense-security-c1575be708cbd813f1c7d97c87628ff6,apnews.com,200,news,no,,,no
2026-03-15,democratic-presidential-nominee-2028,Democratic Presidential Nominee 2028,Supreme Court allows new California congressional map favoring Democrats,AP News,https://apnews.com/article/supreme-court-california-congressional-maps-8362a34b739ea91d37a190eee1b6a6d1,apnews.com,200,news,no,,,no
2026-03-15,presidential-election-winner-2028,Presidential Election Winner 2028,"JD Vance visits Armenian Genocide Memorial, deletes social media post",AP News,https://apnews.com/article/jd-vance-armenian-genocide-post-e467c5074b7d44062c2b0e181469faf4,apnews.com,200,news,no,,,no
2026-03-15,republican-presidential-nominee-2028,Republican Presidential Nominee 2028,"Marco Rubio joins JD Vance at Winter Olympics, boosting his profile",AP News,https://apnews.com/article/us-delegation-winter-olympics-vance-rubio-italy-4cda5924bd4bec7732c065e2a170cbaf,apnews.com,200,news,no,,,no
2026-03-15,republican-presidential-nominee-2028,Republican Presidential Nominee 2028,Conservative discord at Turning Point USA conference highlights GOP factionalism,AP News,https://apnews.com/article/turning-point-charlie-kirk-vance-republicans-2028-e28a332d7f55eb44346ef9d47e8906e4,apnews.com,200,news,no,,,no
2026-03-15,will-russia-capture-kostyantynivka-by,Will Russia capture Kostyantynivka by...?,Kremlin says Abu Dhabi peace talks are constructive but no breakthrough yet,AP News,https://apnews.com/article/russia-ukraine-peace-talks-abu-dhabi-kremlin-a3f9444e6672f941676d095d63fc42e2,apnews.com,200,news,no,,,no
2026-03-15,will-russia-capture-kostyantynivka-by,Will Russia capture Kostyantynivka by...?,Ukrainian President Zelenskyy criticizes Europe for slow response to Russian aggression,AP News,https://apnews.com/article/russia-ukraine-war-davos-peace-europe-2868a90778ddd304002b91f5d06fe454,apnews.com,200,news,no,,,no
2026-03-15,which-party-will-win-the-house-in-2026,Which party will win the House in 2026?,APâNORC poll shows Democrats still lag in party favorability but retain advantage over Republicans,AP News,https://apnews.com/article/poll-trump-democrats-republicans-parties-abc06b4ddc9b3aca7065ead47d43c75b,apnews.com,200,news,no,,,no
2026-03-15,which-party-will-win-the-senate-in-2026,Which party will win the Senate in 2026?,Ohio Republican Jon Husted faces bribery scandal amid Senate reelection bid,AP News,https://apnews.com/article/ohio-senate-husted-election-2026-bribery-scandal-1c60d58d6345e92d056e07df0eb695d5,apnews.com,200,news,no,,,no
2026-03-15,which-party-will-win-the-senate-in-2026,Which party will win the Senate in 2026?,Restless Democrats challenge party establishment amid rising blue wave hopes,AP News,https://apnews.com/article/democrats-establishment-schumer-maine-senate-mills-platner-62055159f7492a035a4b496f3f574e07,apnews.com,200,news,no,,,no
2026-03-15,balance-of-power-2026-midterms,Balance of Power: 2026 Midterms,Republican fundraising hauls outpace Democrats ahead of midterms,AP News,https://apnews.com/article/elections-house-senate-congress-midterms-trump-387549d4d5e682cf8ce8205d96d07ca7,apnews.com,200,news,no,,,no
2026-03-15,balance-of-power-2026-midterms,Balance of Power: 2026 Midterms,Democrats launch major voter registration initiative targeting key demographics,AP News,https://apnews.com/article/democrats-dnc-voter-registration-midterms-6f15083ad2b6f428348c5e70ef85d34d,apnews.com,200,news,no,,,no
2026-03-15,netanyahu-out-before-2027,Netanyahu out by...?,US envoys urge Netanyahu to advance Gaza ceasefire second phase,AP News,https://apnews.com/article/israel-gaza-war-trump-news-01-24-2026-90e36ca7d2e27ca8a21d1727e9e0119f,apnews.com,200,news,no,,,no
2026-03-15,california-governor-election-2026,California Governor Election Winner,Donald Trump endorses Steve Hilton for governor,AP News,https://apnews.com/article/steve-hilton-california-governor-newsom-11c0ec5b378e8b2792721c2ff7597499,apnews.com,200,news,no,,,no
2026-03-15,california-governor-election-2026,California Governor Election Winner,Katie Porterâs campaign suffers after staff controversy,AP News,https://apnews.com/article/california-governor-2026-katie-porter-kamala-harris-ad1fadd10a0f32ef36f75aa3f14c82d6,apnews.com,200,news,no,,,no
2026-03-15,miguel-daz-canel-out-as-leader-of-cuba-by-june-30,Miguel Díaz-Canel out as leader of Cuba by...?,Cuban President DÃ­azâCanel denies any talks with the United States,AP News,https://apnews.com/article/cuba-us-oil-trump-02968f7204cd863cc1acbbcfab3e69db,apnews.com,200,news,no,,,no
2026-03-15,who-will-close-warner-bros-acquisition,Who will close Warner Bros. acquisition?,Paramount launches hostile $77.9B bid challenging Netflix's $72B Warner Bros. deal,AP News,https://apnews.com/article/paramount-warner-bros-discovery-netflix-trump-347540ae7a4f83fced833fe882f25680,apnews.com,200,news,no,,,no
2026-03-15,fed-decision-in-june-825,Fed Decision in June?,Fed expected to keep rates unchanged amid political and legal pressures,AP News,https://apnews.com/article/federal-reserve-trump-powell-inflation-c1e2c5222795bda4a1d294f6406f66fc,apnews.com,200,news,no,,,no
2026-03-15,ky-04-republican-primary-winner,KY-04 Republican Primary Winner,Thomas Massie secures major fundraising milestone of $5 million,AP News,https://apnews.com/article/massie-fundraising-5m-2026,apnews.com,404,dead link,yes,archived,real_dead_link,no
2026-03-15,will-any-country-leave-nato-in-2025,Will any country leave NATO by...?,U.S. congressional delegation visits Denmark amid Trumpâs Greenland rhetoric,AP News,https://apnews.com/article/denmark-us-trump-greenland-talks-1b783621cbbbc1218986151be9c6836c,apnews.com,200,news,no,,,no
2026-03-16,who-will-be-the-next-prime-minister-of-israel-after-the-next-election,Who will be the next Prime Minister of Israel after the next election?,Trump warns Iran of further strikes during Netanyahu visit to Florida,AP News,https://apnews.com/article/trump-netanyahu-gaza-ceasefire-arab-nations-229253766673f18c1195550572edd2ce,apnews.com,200,news,no,,,no
2026-03-16,republican-nominee-for-florida-governor,Florida Governor Republican Primary Winner,Florida Lt. Gov. Jay Collins enters 2026 governor race against Trump-backed rival,AP News,https://apnews.com/article/florida-governor-election-jay-collins-f415821faf07ed57f26e744133686ef0,apnews.com,200,news,no,,,no
2026-03-16,which-party-will-win-the-senate-in-2026,Which party will win the Senate in 2026?,Democrat Mary Peltola announces challenge to GOP Sen. Dan Sullivan in Alaska,AP News,https://apnews.com/article/alaska-senate-peltola-sullivan-3fd17afc556641652e83e9c11d700306,apnews.com,200,news,no,,,no
2026-03-16,balance-of-power-2026-midterms,Balance of Power: 2026 Midterms,Democrats gain momentum as midterm primary season begins,AP News,https://apnews.com/projects/elections-2026/calendar/,apnews.com,200,news,no,,,no
2026-03-16,will-any-country-leave-nato-in-2025,Will any country leave NATO by...?,NATO Secretary-General Mark Rutte brokers deal to ease Greenland tensions,AP News,https://apnews.com/article/rutte-nato-trump-greenland-aaeec48ee94881ffd838a66d85e92c2e,apnews.com,200,news,no,,,no
2026-03-16,ukraine-election-called-in-2025,Ukraine election called by...?,US-brokered Russia-Ukraine peace talks resume in Abu Dhabi amid ongoing conflict,AP News,https://apnews.com/article/russia-ukraine-war-talks-drones-starlink-3ae862c4713a378b2d2ebb809b39120a,apnews.com,200,news,no,,,no
2026-03-17,balance-of-power-2026-midterms,Balance of Power: 2026 Midterms,"Democrat Renee Hardman wins Iowa state Senate special election, blocking GOP supermajority",AP News,https://apnews.com/article/iowa-special-election-state-senate-supermajority-32ecda723de7a58d0da7d1d701dbc980,apnews.com,200,news,no,,,no
2026-03-17,miguel-daz-canel-out-as-leader-of-cuba-by-june-30,Miguel Díaz-Canel out as leader of Cuba by...?,Cuba gifts AKM rifle to Silvio RodrÃ­guez after his vow to fight for the island,AP News,https://apnews.com/article/cuba-akm-rifle-silvio-rodriguez-president-ca7c8c7fba62def06608b0f286485456,apnews.com,200,news,no,,,no
2026-03-17,will-any-country-leave-nato-in-2025,Will any country leave NATO by...?,Trump threatens to withdraw the U.S. from NATO over Iranâwar disagreements,AP News,https://apnews.com/article/trump-iran-nato-strait-of-hormuz-europe-4e0cf38708e9c3ba8ea2a36148620067,apnews.com,200,news,no,,,no
2026-03-18,republican-presidential-nominee-2028,Republican Presidential Nominee 2028,JD Vance calls on local officials to cooperate with immigration crackdown in Minneapolis,AP News,https://apnews.com/article/vance-ice-minneapolis-deportations-trump-economy-002f1d1acf05c00aeee289ec192100e7,apnews.com,200,news,no,,,no
2026-03-18,who-will-be-the-next-prime-minister-of-israel-after-the-next-election,Who will be the next Prime Minister of Israel after the next election?,Netanyahu convenes cabinet on rising West Bank settler violence,AP News,https://apnews.com/article/mideast-wars-israel-palestine-west-bank-04a9ec4d55e1e0556428ca23c70efe91,apnews.com,200,news,no,,,no
2026-03-18,will-the-us-confirm-that-aliens-exist-before-2027,Will the US confirm that aliens exist by...?,Cuban government gifts AKM rifle to singer after Trumpâs Cuba threats,AP News,https://apnews.com/article/cuba-akm-rifle-silvio-rodriguez,apnews.com,404,dead link,yes,archived,real_dead_link,no
2026-03-18,will-the-us-confirm-that-aliens-exist-before-2027,Will the US confirm that aliens exist by...?,Cuban government gifts AKM rifle to singer after Trumpâs Cuba threats,AP News,https://apnews.com/article/cuba-akm-rifle-silvio-rodriguez,apnews.com,404,dead link,yes,archived,real_dead_link,no
2026-03-18,will-the-us-confirm-that-aliens-exist-before-2027,Will the US confirm that aliens exist by...?,Cuban government gifts AKM rifle to singer after Trumpâs Cuba threats,AP News,https://apnews.com/article/cuba-akm-rifle-silvio-rodriguez,apnews.com,404,dead link,yes,archived,real_dead_link,no
2026-03-18,balance-of-power-2026-midterms,Balance of Power: 2026 Midterms,"Democrat Eileen Higgins wins Miami mayoral race, ending GOP streak",AP News,https://apnews.com/article/miami-mayor-trump-higgins-gonzalez-f0d8c55a4b97962ac1348c5a93295465,apnews.com,200,news,no,,,no
2026-03-18,where-will-zelenskyy-and-putin-meet-next,Where will Zelenskyy and Putin meet next before 2027?,"No breakthrough in Geneva talks between Russia and Ukraine, both sides say",AP News,https://apnews.com/article/russia-ukraine-war-talks-geneva-0f22fa796cafd6606a88ad1b101ab3fb,apnews.com,200,news,no,,,no
2026-03-18,netanyahu-out-before-2027,Netanyahu out by...?,"Israel attacks Iranian gas field, causing regional tensions",AP News,https://apnews.com/article/trump-iran-netanyahu-gas-cd880a355e3873d8175084140581b2c1,apnews.com,200,news,no,,,no
2026-03-18,miguel-daz-canel-out-as-leader-of-cuba-by-june-30,Miguel Díaz-Canel out as leader of Cuba by...?,"Cuban singer Silvio RodrÃ­guez vows to fight for Cuba, receives AKM rifle from government",AP News,https://apnews.com/article/cuba-akm-rifle-silvio-rodriguez-president-ca7c8c7fba62def06608b0f286485456,apnews.com,200,news,no,,,no
2026-03-18,miguel-daz-canel-out-as-leader-of-cuba-by-june-30,Miguel Díaz-Canel out as leader of Cuba by...?,Cuban government gifts AKM rifle to singer Silvio RodrÃ­guez on National Defense Day,AP News,https://apnews.com/article/cuba-akm-rifle-silvio-rodriguez-president-ca7c8c7fba62def06608b0f286485456,apnews.com,200,news,no,,,no
2026-03-18,will-russia-capture-lyman-in-2025,Will Russia capture Lyman by...?,Russian military intensifies attacks on Ukrainian logistics hubs including Lyman area,AP News,https://apnews.com/article/russia-ukraine-iran-war-putin-trump-zelenskyy-2b863bc22e97006846e7351e19401f9f,apnews.com,200,news,no,,,no
2026-03-18,colombia-presidential-election,Colombia Presidential Election,Abelardo de la Espriella's support plummets amid controversy,AP News,https://apnews.com/article/colombia-election-scandal-2026,apnews.com,404,dead link,yes,archived,real_dead_link,no
2026-03-18,colombia-presidential-election,Colombia Presidential Election,Small plane crash in Colombia kills 15 including congress member,AP News,https://apnews.com/article/colombia-norte-de-santander-plane-crash-e608d09263a2312fb8084a25a1e4ac9d,apnews.com,200,news,no,,,no
2026-03-18,will-any-country-leave-nato-in-2025,Will any country leave NATO by...?,NATO Secretary-General and European leaders affirm alliance unity amid Greenland dispute,AP News,https://apnews.com/article/trump-macron-greenland-rutte-nato-82b855f0acd7d1a1d28cfa91acf66131,apnews.com,200,news,no,,,no
2026-03-18,will-any-country-leave-nato-in-2025,Will any country leave NATO by...?,Danish Prime Minister warns U.S. Greenland takeover would end NATO,AP News,https://apnews.com/article/denmark-greenland-trump-2b12bb104faaaafda2ed270febfb0522,apnews.com,200,news,no,,,no
2026-03-18,what-will-fed-rate-hit-before-2027,What will Fed Rate hit before 2027?,US jobs report shows weak labor market with rising unemployment,AP News,https://apnews.com/article/jobs-economy-trump-unemployment-federal-reserve-cf1280a8466d92fbbc1b5ace7b80bffc,apnews.com,200,news,no,,,no
2026-03-19,who-will-be-the-next-prime-minister-of-israel-after-the-next-election,Who will be the next Prime Minister of Israel after the next election?,"Israel attacks Iranian gas field, causing rift with Trump",AP News,https://apnews.com/article/trump-iran-netanyahu-gas-cd880a355e3873d8175084140581b2c1,apnews.com,200,news,no,,,no
2026-03-19,brazil-presidential-election,Brazil Presidential Election,Brazilâs finance minister Fernando Haddad resigns to run for SÃ£oâ¯Paulo governor,AP News,https://apnews.com/article/brazil-economy-politics-finance-minister-war-fc397a97a74c8cf996152271bd77181c,apnews.com,200,news,no,,,no
2026-03-19,netanyahu-out-before-2027,Netanyahu out by...?,Israel attacks Iranian gas field amid ongoing Iran conflict,AP News,https://apnews.com/article/iran-iraq-us-israel-trump-march-19-2026-52e94398f2432b3aba9b02b51fbe5000,apnews.com,200,news,no,,,no
2026-03-19,will-russia-capture-lyman-in-2025,Will Russia capture Lyman by...?,Peace talks stall as parties remain divided,AP News,https://apnews.com/article/russia-ukraine-war-iran-war-putin-trump-zelenskyy-2b863bc22e97006846e7351e19401f9f,apnews.com,200,news,no,,,no
2026-03-19,colombia-presidential-election,Colombia Presidential Election,Paloma Valencia surges in polls after strong debate showing,AP News,https://apnews.com/article/colombia-election-debate-march-2026,apnews.com,404,dead link,yes,archived,real_dead_link,no
2026-03-19,will-any-country-leave-nato-in-2025,Will any country leave NATO by...?,EU foreign policy chief warns a Europeâwide army would be dangerous,AP News,https://apnews.com/article/european-army-security-kallas-trump-nato-f321aa6923fe3c82d0626c35dd0acc79,apnews.com,200,news,no,,,no
2026-03-19,ukraine-election-called-in-2025,Ukraine election called by...?,Russiaâs war effort bolstered by Iran conflict raises pressure on Ukraine,AP News,https://apnews.com/article/russia-ukraine-iran-war-putin-trump-zelenskyy-2b863bc22e97006846e7351e19401f9f,apnews.com,200,news,no,,,no
2026-03-19,what-will-fed-rate-hit-before-2027,What will Fed Rate hit before 2027?,Mortgage rates hold near 2025 lows amid Fed rate cuts and economic data,AP News,https://apnews.com/article/mortgage-rates-housing-interest-financing-home-9d8fabf50c493891caeaf6b4d53458ee,apnews.com,200,news,no,,,no
2026-03-20,republican-presidential-nominee-2028,Republican Presidential Nominee 2028,"Republican gubernatorial hopeful John Rose announces run, backs Trump",AP News,https://apnews.com/article/john-rose-governor-race-tennessee-marsha-blackburn-da20b3eaa4a39bc2ec5134e14476deb9,apnews.com,200,news,no,,,no
2026-03-20,republican-presidential-nominee-2028,Republican Presidential Nominee 2028,Donald Trump announces he will not run in 2028,AP News,https://apnews.com/article/turning-point-charlie-kirk-vance-republicans-2028-e28a332d7f55eb44346ef9d47e8906e4,apnews.com,200,news,no,,,no
2026-03-20,who-will-be-the-next-prime-minister-of-israel-after-the-next-election,Who will be the next Prime Minister of Israel after the next election?,Netanyahu faces criticism over retouched official photos of his wife,AP News,https://apnews.com/article/israel-sara-netanyahu-photos-217896b96d01bf5cfcd7aa606b5fa78e,apnews.com,200,news,no,,,no
2026-03-20,which-party-will-win-the-senate-in-2026,Which party will win the Senate in 2026?,Ohio GOP Sen. Jon Husted tangled in $60â¯million FirstEnergy bribery scandal,AP News,https://apnews.com/article/ohio-senate-husted-election-2026-bribery-scandal-1c60d58d6345e92d056e07df0eb695d5,apnews.com,200,news,no,,,no
2026-03-20,netanyahu-out-before-2027,Netanyahu out by...?,Netanyahu meets Trump in Washington to discuss Iran talks,AP News,https://apnews.com/article/iran-israel-netanyahu-trump-washington-aad9f0290212fad4e9f81576f99becf2,apnews.com,200,news,no,,,no
2026-03-20,netanyahu-out-before-2027,Netanyahu out by...?,Settler violence surge prompts cabinet meeting on West Bank security,AP News,https://apnews.com/article/mideast-wars-israel-palestine-west-bank-04a9ec4d55e1e0556428ca23c70efe91,apnews.com,200,news,no,,,no
2026-03-20,what-will-happen-before-gta-vi,What will happen before GTA VI?,K-pop group BTS announces comeback and new album release date,AP News,https://apnews.com/article/bts-comeback-deabc3c4a7e98de2a5368e1cbf06f0af,apnews.com,200,news,no,,,no
2026-03-20,what-will-happen-before-gta-vi,What will happen before GTA VI?,BTS releases new album 'ARIRANG' after nearly four-year hiatus,AP News,https://apnews.com/article/bts-new-album-arirang-4b7e82d1709e5a0579144053ab2866af,apnews.com,200,news,no,,,no
2026-03-20,what-will-happen-before-gta-vi,What will happen before GTA VI?,BTS announces official comeback date,AP News,https://apnews.com/article/bts-comeback-deabc3c4a7e98de2a5368e1cbf06f0af,apnews.com,200,news,no,,,no
2026-03-20,california-governor-election-2026,California Governor Election Winner,Public Policy Institute of California releases poll showing tight threeâway race,AP News,https://apnews.com/article/california-governor-democrats-gavin-newsom-republicans-porter-7138e44bd9f4d474910e111aea13d8c4,apnews.com,200,news,no,,,no
2026-03-20,will-russia-capture-lyman-in-2025,Will Russia capture Lyman by...?,Russian advances stall amid Ukrainian resistance and counterattacks,AP News,https://apnews.com/article/ukraine-budanov-zelenskyy-chief-staff-russia-war-16e9e0744a0257dd7a47301526fcdb45,apnews.com,200,news,no,,,no
2026-03-20,fed-decision-in-june-825,Fed Decision in June?,Fed holds rates steady at March meeting,AP News,https://apnews.com/article/federal-reserve-trump-powell-inflation-c1e2c5222795bda4a1d294f6406f66fc,apnews.com,200,news,no,,,no
2026-03-20,what-will-fed-rate-hit-before-2027,What will Fed Rate hit before 2027?,"Fed minutes reveal deep split, hint at possible rate hike",AP News,https://apnews.com/article/fed-minutes-lower-inflation-2026-03-20,apnews.com,404,dead link,yes,archived,real_dead_link,no
2026-03-21,presidential-election-winner-2028,Presidential Election Winner 2028,ViceâPresident Vance unveils stricter immigrationârestriction policy,Associated Press,https://apnews.com/article/jd-vance-immigration-policy-2026-03-21,apnews.com,404,dead link,yes,archived,real_dead_link,no
2026-03-21,what-will-fed-rate-hit-before-2027,What will Fed Rate hit before 2027?,Supreme Court leans toward letting Cook stay on board,AP News,https://apnews.com/article/supreme-court-cook-federal-reserve-powell-a8572f8a1f62cf653e822a64c714d05a,apnews.com,200,news,no,,,no
2026-03-22,texas-republican-senate-primary-winner,Texas Republican Senate Primary Winner,Paxton releases opinion supporting exclusion of schools from voucher program,AP News,https://apnews.com/article/texas-school-vouchers-opinion-terrorists-ken-paxton/,apnews.com,404,dead link,yes,archived,real_dead_link,no
2026-03-22,texas-republican-senate-primary-winner,Texas Republican Senate Primary Winner,Paxton releases opinion supporting exclusion of schools from voucher program,AP News,https://apnews.com/article/texas-school-vouchers-opinion-terrorists-ken-paxton/,apnews.com,404,dead link,yes,archived,real_dead_link,no
2026-03-22,how-many-different-countries-will-israel-strike-in-2026,How many different countries will Israel strike in 2026?,"Hezbollah fires rockets into Israel, prompting retaliatory Israeli strikes on Jordanian border outposts",AP News,https://apnews.com/article/iran-us-israel-trump-lebanon-14-april-2026-24655d40b2b968c39949e5ec2e01535b,apnews.com,404,dead link,yes,error:TimeoutError,dead_unknown,unknown
2026-03-23,democratic-presidential-nominee-2028,Democratic Presidential Nominee 2028,Rahm Emanuel proposes ban on federal employees betting on prediction markets,Associated Press,https://apnews.com/article/rahm-emanuel-presidential-election-betting-predictive-markets-3720eb63d7e19ef158709123aa4ca79b,apnews.com,200,news,no,,,no
2026-03-23,democratic-presidential-nominee-2028,Democratic Presidential Nominee 2028,Eric Swalwell withdraws from governor race amid sexual assault allegations,AP News,https://apnews.com/article/eric-swalwell-congress-california-governor-election-f485eacb0aa43d04e534430cfaa704e1,apnews.com,200,news,no,,,no
2026-03-23,which-party-will-win-the-house-in-2026,Which party will win the House in 2026?,Democratic National Committee launches $2â¯million voterâregistration drive in Arizona and Nevada,AP News,https://apnews.com/article/democrats-dnc-voter-registration-midterms-6f15083ad2b6f428348c5e70ef85d34d,apnews.com,200,news,no,,,no
2026-03-23,republican-nominee-for-florida-governor,Florida Governor Republican Primary Winner,Florida Lt. Gov. Jay Collins enters 2026 governor race against Trump-backed rival,AP News,https://apnews.com/article/florida-governor-election-jay-collins-f415821faf07ed57f26e744133686ef0,apnews.com,200,news,no,,,no
2026-03-23,netanyahu-out-before-2027,Netanyahu out by...?,Netanyahu convenes cabinet on rising settler violence in West Bank,AP News,https://apnews.com/article/mideast-wars-israel-palestine-west-bank-04a9ec4d55e1e0556428ca23c70efe91,apnews.com,200,news,no,,,no
2026-03-24,los-angeles-mayoral-election-117,Los Angeles Mayoral Election,Los Angeles City Council delays zoning overhaul to comply with state housing law,AP News,https://apnews.com/article/california-cities-housing-overhaul-zoning-affe1a72c808bd50fe095179d4a87118,apnews.com,200,news,no,,,no
2026-03-24,texas-republican-senate-primary-winner,Texas Republican Senate Primary Winner,Paxton’s price falls 23 points after legal setback,AP News,https://apnews.com/article/ken-paxton-texas-securities-fraud-9ed5eecc30c1f967ec51f7e58ad9d0af,apnews.com,200,news,no,,,no
2026-03-24,texas-republican-senate-primary-winner,Texas Republican Senate Primary Winner,Paxton’s price falls 23 points after legal setback,AP News,https://apnews.com/article/ken-paxton-texas-securities-fraud-9ed5eecc30c1f967ec51f7e58ad9d0af,apnews.com,200,news,no,,,no
2026-03-24,israeli-parliament-dissolved-by-october-31,Israeli parliament dissolved by...?,Israeli cabinet convenes on settler violence in the West Bank,AP News,https://apnews.com/article/mideast-wars-israel-palestine-west-bank-04a9ec4d55e1e0556428ca23c70efe91,apnews.com,200,news,no,,,no
2026-03-25,which-party-will-win-the-house-in-2026,Which party will win the House in 2026?,Democrats express renewed concerns over Trumpâs potential election interference,AP News,https://apnews.com/article/election-2026-trump-voting-doj-interference-22e2313f98e354fa31f277d3a1dc67d3,apnews.com,200,news,no,,,no
2026-03-25,nobel-peace-prize-winner-2026-139,Nobel Peace Prize Winner 2026,Iranian Nobel laureate Narges Mohammadi hospitalized after health crisis in prison,AP News,https://apnews.com/article/narges-mohammadi-hospitalized-iran-304524aaf3158ea4e28cf2ed684752a6,apnews.com,200,news,no,,,no
2026-03-25,colombia-presidential-election,Colombia Presidential Election,Small plane crash kills Colombian congress member Diógenes Quintero,AP News,https://apnews.com/article/colombia-norte-de-santander-plane-crash-e608d09263a2312fb8084a25a1e4ac9d,apnews.com,200,news,no,,,no
2026-03-25,israeli-parliament-dissolved-by-october-31,Israeli parliament dissolved by...?,Israeli UNRWA sites in East Jerusalem targeted and demolished,AP News,https://apnews.com/article/israel-palestinians-gaza-east-jerusalem-unrwa-cc9c5b2cac2332f0207d485f381be53d,apnews.com,200,news,no,,,no
2026-03-26,which-party-will-win-the-house-in-2026,Which party will win the House in 2026?,Democratic National Committee launches multiâmillion voterâregistration drive,AP News,https://apnews.com/article/democrats-dnc-voter-registration-midterms-6f15083ad2b6f428348c5e70ef85d34d,apnews.com,200,news,no,,,no
2026-03-27,brazil-presidential-election,Brazil Presidential Election,Fernando Haddad resigns as finance minister to run for SÃ£o Paulo governor,AP News,https://apnews.com/article/brazil-economy-politics-finance-minister-war-fc397a97a74c8cf996152271bd77181c,apnews.com,200,news,no,,,no
2026-03-27,nobel-peace-prize-winner-2026-139,Nobel Peace Prize Winner 2026,Iranian Nobel laureate Narges Mohammadi hospitalized after health crisis in prison,AP News,https://apnews.com/article/narges-mohammadi-hospitalized-iran-304524aaf3158ea4e28cf2ed684752a6,apnews.com,200,news,no,,,no
2026-03-27,israeli-parliament-dissolved-by-october-31,Israeli parliament dissolved by...?,Lebanon and Israel hold first direct diplomatic talks in decades in Washington,AP News,https://apnews.com/article/lebanon-israel-us-war-hezbollah-negotiations-28b207b800de1804d8c2ab5242237542,apnews.com,200,news,no,,,no
2026-03-27,will-any-country-leave-nato-in-2025,Will any country leave NATO by...?,NATO launches âArctic Sentryâ to counter Greenland dispute,AP News,https://apnews.com/article/nato-arctic-sentry-greenland-trump-exercises-defense-35855929d7709c60e1192bb6778df712,apnews.com,200,news,no,,,no
2026-03-28,will-any-country-leave-nato-in-2025,Will any country leave NATO by...?,Bipartisan U.S. congressional delegation heads to Copenhagen amid Trumpâs Greenland threats,AP News,https://apnews.com/article/greenland-denmark-trump-china-nato-arctic-law-5d92b9439ffa9027598af4be695e6415,apnews.com,200,news,no,,,no
2026-03-29,california-governor-election-2026,California Governor Election Winner,Billionaire Tom Steyer's massive ad spending dominates California governor race,AP News,https://apnews.com/article/california-governor-democrats-tom-steyer-billionaire-6e55c315e687a8cae88012a404753b07,apnews.com,200,news,no,,,no
2026-03-29,miguel-daz-canel-out-as-leader-of-cuba-by-june-30,Miguel Díaz-Canel out as leader of Cuba by...?,Massive protest in Havana against U.S. blockade and threats,AP News,https://apnews.com/article/cuba-us-oil-trump-venezuela-maduro-b9ffd24928e34dc7e3fc1fdcb22709a1,apnews.com,200,news,no,,,no
2026-03-30,democratic-presidential-nominee-2028,Democratic Presidential Nominee 2028,Newsom signs executive order on AI harm and government contract rules,AP News,https://apnews.com/article/ai-anthropic-defense-department-newsom-executive-order-fcc530aabb06f70390c1b501ee39830f,apnews.com,200,news,no,,,no
2026-03-31,brazil-presidential-election,Brazil Presidential Election,Brazil Supreme Court orders Bolsonaroâs transfer to larger prison cell with outdoor area,AP News,https://apnews.com/article/brazil-bolsonaro-prison-68d63217f7f7e7cc6da5d48a47bd0593,apnews.com,200,news,no,,,no
2026-03-31,brazil-presidential-election,Brazil Presidential Election,Brazil Supreme Court orders Bolsonaro’s transfer to larger prison cell with outdoor area,AP News,https://apnews.com/article/brazil-bolsonaro-prison-68d63217f7f7e7cc6da5d48a47bd0593,apnews.com,200,news,no,,,no
2026-04-01,democratic-presidential-nominee-2028,Democratic Presidential Nominee 2028,Newsom proposes $200 million instant electric vehicle rebate plan,AP News,https://apnews.com/article/gavin-newsom-electric-vehicles-donald-trump-donald-trump-es-california-8e2a8d5c4de98e2781f0bf55985f1d5e,apnews.com,200,news,no,,,no
2026-04-01,presidential-election-winner-2028,Presidential Election Winner 2028,Second lady Usha Vance announces pregnancy with fourth child,AP News,https://apnews.com/article/usha-vance-pregnant-child-boy-vice-president-40098e3b09e0c8c2b3c43470a81cc39b,apnews.com,200,news,no,,,no
2026-04-01,brazil-presidential-election,Brazil Presidential Election,Bolsonaro briefly hospitalized after falling in prison,AP News,https://apnews.com/article/brazil-bolsonaro-fall-bed-prison-hospital-health-c20b5d799863cb65e9642a27b0d088ce,apnews.com,200,news,no,,,no
2026-04-01,which-party-will-win-the-house-in-2026,Which party will win the House in 2026?,House Republicans propose stricter voting laws ahead of midterms,AP News,https://apnews.com/article/midterms-voting-laws-photo-id-citizenship-republicans-feecb51a6efa41cf32d18fe4b15c08ce,apnews.com,200,news,no,,,no
2026-04-01,republican-nominee-for-florida-governor,Florida Governor Republican Primary Winner,Gov. Ron DeSantis calls special session to redraw Florida congressional districts,AP News,https://apnews.com/article/florida-redistricting-census-desantis-b10b743019ba7f25a2f26d3ccdaf9a67,apnews.com,200,news,no,,,no
2026-04-01,which-party-will-win-the-senate-in-2026,Which party will win the Senate in 2026?,Restless Democrats challenge party establishment in key Senate primaries,AP News,https://apnews.com/article/democrats-establishment-schumer-maine-senate-mills-platner-62055159f7492a035a4b496f3f574e07,apnews.com,200,news,no,,,no
2026-04-01,which-party-will-win-the-senate-in-2026,Which party will win the Senate in 2026?,Fundraising reports show Republican National Committee outpacing Democrats ahead of midterms,AP News,https://apnews.com/article/elections-house-senate-congress-midterms-trump-387549d4d5e682cf8ce8205d96d07ca7,apnews.com,200,news,no,,,no
2026-04-01,balance-of-power-2026-midterms,Balance of Power: 2026 Midterms,Trump rallies House Republicans with speech amid narrowing majority,AP News,https://apnews.com/article/trump-house-republicans-meeting-kennedy-center-ad8705ea228a8a4591567fb51f87edb3,apnews.com,200,news,no,,,no
2026-04-01,netanyahu-out-before-2027,Netanyahu out by...?,Netanyahu agrees to join Trumpâs Board of Peace for Gaza ceasefire oversight,AP News,https://apnews.com/article/mideast-wars-gaza-board-of-peace-trump-1-21-2026-2f0e063d03babbd3276f31289ba5f2a2,apnews.com,200,news,no,,,no
2026-04-01,miguel-daz-canel-out-as-leader-of-cuba-by-june-30,Miguel Díaz-Canel out as leader of Cuba by...?,US offers $100 million humanitarian aid to Cuba amid energy blockade,AP News,https://apnews.com/article/cuba-us-aid-melissa-trump-diaz-canel-636551892a2f59f43b657f1e71997b0b,apnews.com,200,news,no,,,no
2026-04-01,colombia-presidential-election,Colombia Presidential Election,Colombian city Cartagena replaces horse buggies with electric carriages amid protests,AP News,https://apnews.com/article/colombia-horse-carriages-electric-b7b9f43cb7c0afb344aa626708afbfd6,apnews.com,200,news,no,,,no
2026-04-01,fed-decision-in-june-825,Fed Decision in June?,Fed expected to keep rates unchanged amid political and economic pressures,AP News,https://apnews.com/article/federal-reserve-trump-powell-inflation-c1e2c5222795bda4a1d294f6406f66fc,apnews.com,200,news,no,,,no
2026-04-01,israeli-parliament-dissolved-by-october-31,Israeli parliament dissolved by...?,"Israel fires mortar into Gaza residential area, wounding at least 10",AP News,https://apnews.com/article/israel-hamas-gaza-palestinians-war-news-17-12-2025-ecf4517d0f51dc118cf97bb72a9d326d,apnews.com,200,news,no,,,no
2026-04-01,will-any-country-leave-nato-in-2025,Will any country leave NATO by...?,European allies and NATO leaders express concern over U.S. Greenland threats,AP News,https://apnews.com/article/nato-greenland-trump-russia-deterrence-threat-07d6c18ed968c25736eca2c25d935edb,apnews.com,200,news,no,,,no
2026-04-01,what-will-fed-rate-hit-before-2027,What will Fed Rate hit before 2027?,Fed officials warn of potential rate hike if inflation stalls,AP News,https://apnews.com/article/federal-reserve-trump-powell-d6f4bbc6c458f73cd230c63e6abb1985,apnews.com,200,news,no,,,no
2026-04-01,what-will-fed-rate-hit-before-2027,What will Fed Rate hit before 2027?,Market reacts to mixed economic data and Fed cautious stance,AP News,https://apnews.com/article/federal-reserve-economy-inflation-jobs-442de589de9b99bb811f76e402b00948,apnews.com,200,news,no,,,no
2026-04-01,what-will-fed-rate-hit-before-2027,What will Fed Rate hit before 2027?,Fed keeps rates steady at 3.6% after a divided vote,AP News,https://apnews.com/article/federal-reserve-trump-powell-inflation-c13913c9e007981f075fb3b22d4a4cec,apnews.com,200,news,no,,,no
2026-04-01,what-will-fed-rate-hit-before-2027,What will Fed Rate hit before 2027?,"Inflation data shows prices tick up, suggesting less urgency for Fed rate cuts",AP News,https://apnews.com/article/inflation-economy-consumers-ac538fd750b4622ee7fa439ef8021783,apnews.com,200,news,no,,,no
2026-04-01,what-will-fed-rate-hit-before-2027,What will Fed Rate hit before 2027?,Fed expected to keep rates steady amid economic uncertainty,AP News,https://apnews.com/article/federal-reserve-trump-powell-inflation-c1e2c5222795bda4a1d294f6406f66fc,apnews.com,200,news,no,,,no
2026-04-01,what-will-fed-rate-hit-before-2027,What will Fed Rate hit before 2027?,Fed expected to keep rates unchanged amid political and legal pressure,AP News,https://apnews.com/article/federal-reserve-trump-powell-inflation-c1e2c5222795bda4a1d294f6406f66fc,apnews.com,200,news,no,,,no
2026-04-01,how-many-different-countries-will-israel-strike-in-2026,How many different countries will Israel strike in 2026?,Iranian missile strikes hit southern Israeli cities near nuclear site,AP News,https://apnews.com/article/iran-us-israel-trump-lebanon-march-21-2026-260bac76e5554ff31aaf5a3a30c92a2e,apnews.com,200,news,no,,,no
2026-04-02,democratic-presidential-nominee-2028,Democratic Presidential Nominee 2028,Andy Beshearâs lowâkey campaign fails to gain traction in national polls,AP News,https://apnews.com/article/andy-beshear-polls-2026,apnews.com,404,dead link,yes,archived,real_dead_link,no
2026-04-02,which-party-will-win-the-senate-in-2026,Which party will win the Senate in 2026?,Democratic former U.S. Rep. Mary Peltola announces challenge to GOP Sen. Dan Sullivan in Alaska,AP News,https://apnews.com/article/alaska-senate-peltola-sullivan-3fd17afc556641652e83e9c11d700306,apnews.com,200,news,no,,,no
2026-04-02,netanyahu-out-before-2027,Netanyahu out by...?,Trump warns Iran of further strikes during Netanyahuâs Florida visit,AP News,https://apnews.com/article/trump-netanyahu-gaza-ceasefire-arab-nations-229253766673f18c1195550572edd2ce,apnews.com,200,news,no,,,no
2026-04-02,netanyahu-out-before-2027,Netanyahu out by...?,"Israel revokes licenses of humanitarian groups in Gaza, raising tensions",AP News,https://apnews.com/article/israel-hamas-gaza-war-netanyahu-aid-groups-077833baa586d64de3246fcff056d864,apnews.com,200,news,no,,,no
2026-04-02,miguel-daz-canel-out-as-leader-of-cuba-by-june-30,Miguel Díaz-Canel out as leader of Cuba by...?,DÃ­az-Canel acknowledges Cuba's complex crisis and U.S. aggression,AP News,https://apnews.com/article/cuba-us-oil-power-outages-electricity-trump-ccab32796f7b57353adedc380181c68f,apnews.com,200,news,no,,,no
2026-04-02,fed-decision-in-june-825,Fed Decision in June?,Fed’s April meeting ends with unanimous decision to hold rates,AP News,https://apnews.com/article/federal-reserve-trump-powell-inflation-c13913c9e007981f075fb3b22d4a4cec,apnews.com,200,news,no,,,no
2026-04-02,israeli-parliament-dissolved-by-october-31,Israeli parliament dissolved by...?,HezbollahâIsrael ceaseâfire extended by three weeks,AP News,https://apnews.com/article/us-iran-war-lebanon-israel-talks-hormuz-14-april-2026-24655d40b2d968c39949e5ec2e01535b,apnews.com,200,news,no,,,no
2026-04-02,will-any-country-leave-nato-in-2025,Will any country leave NATO by...?,Trump drops Greenland tariffs after diplomatic talks with NATO chief,AP News,https://apnews.com/article/trump-davos-housing-greenland-gaza-a2f3f4c18ba321c8025a3e208fc0ddf6,apnews.com,200,news,no,,,no
2026-04-03,presidential-election-winner-2028,Presidential Election Winner 2028,Georgia Sen. Jon Ossoff raises $12â¯M for 2026 reelection,AP News,https://apnews.com/article/georgia-democrat-2026-senate-jon-ossoff-fundraising-74b9232ae5779f34d96f852db7eeb455,apnews.com,200,news,no,,,no
2026-04-03,who-will-be-the-next-prime-minister-of-israel-after-the-next-election,Who will be the next Prime Minister of Israel after the next election?,Gadi Eizenkotâs poll share spikes after surprise military endorsement,AP News,https://apnews.com/article/israel-sara-netanyahu-photos-217896b96d01bf5cfcd7aa606b5fa78e,apnews.com,200,news,no,,,no
2026-04-03,will-russia-capture-kostyantynivka-by,Will Russia capture Kostyantynivka by...?,Russiaâs Oreshnik nuclearâcapable missile system entered active service in Belarus,AP News,https://apnews.com/article/russia-ukraine-war-oreshnik-missile-6909901499c9f45b4b89dad167becda8,apnews.com,200,news,no,,,no
2026-04-03,will-russia-capture-kostyantynivka-by,Will Russia capture Kostyantynivka by...?,French navy intercepts Russianâlinked tanker âGrinchâ in the Mediterranean,AP News,https://apnews.com/article/france-russia-tanker-seized-shadow-fleet-grinch-a2ef56fea4ada6f0335d7124ab56c3db,apnews.com,200,news,no,,,no
2026-04-03,which-party-will-win-the-house-in-2026,Which party will win the House in 2026?,Virginia Supreme Court strikes down Democratic-favored congressional map,AP News,https://apnews.com/article/redistricting-virginia-congress-democrats-republicans-12a31037f3c9a94d3cb9fbcaaf84d94f,apnews.com,200,news,no,,,no
2026-04-03,which-party-will-win-the-house-in-2026,Which party will win the House in 2026?,Virginia Supreme Court invalidates Democratic-favored congressional map,AP News,https://apnews.com/article/redistricting-virginia-congress-democrats-republicans-12a31037f3c9a94d3cb9fbcaaf84d94f,apnews.com,200,news,no,,,no
2026-04-03,fed-decision-in-june-825,Fed Decision in June?,Justice Department ends criminal probe into Powell,AP News,https://apnews.com/article/federal-reserve-investigation-powell-justice-department-28d04cc0d99cda25cea69931f65e25d3,apnews.com,200,news,no,,,no
2026-04-03,will-any-country-leave-nato-in-2025,Will any country leave NATO by...?,NATO launches Arctic Sentry to coordinate HighâNorth security exercises,AP News,https://apnews.com/article/nato-arctic-sentry-greenland-trump-exercises-defense-35855929d7709c60e1192bb6778df712,apnews.com,200,news,no,,,no
2026-04-03,how-high-will-inflation-get-in-2026,How high will inflation get in 2026?,S&P 500 plunges nearly 5% amid trade war fears and inflation concerns,AP News,https://apnews.com/article/stock-markets-2026-inflation-rates-fed-tariffs-fccc61b72ed242f62000add1575707d0,apnews.com,200,news,no,,,no
2026-04-04,will-russia-capture-kostyantynivka-by,Will Russia capture Kostyantynivka by...?,Russian drone strike kills civilian near Kostyantynivka amid ongoing conflict,AP News,https://apnews.com/article/russia-ukraine-war-drone-strikes-zelenskyy-4412a8422c255bc9a616c1963354537a,apnews.com,200,news,no,,,no
2026-04-04,will-russia-capture-kostyantynivka-by,Will Russia capture Kostyantynivka by...?,Peace talks stall over territorial disagreements,AP News,https://apnews.com/article/russia-ukraine-war-putin-zelenskyy-trump-253ff2eb24b2dbd1b1b9d8a2ab20e913,apnews.com,200,news,no,,,no
2026-04-04,netanyahu-out-before-2027,Netanyahu out by...?,Israel launches largeâscale operation to locate last Gaza hostage,AP News,https://apnews.com/article/gaza-israel-hamas-palestinians-hostage-gvili-d57a28eb5371785588d4b955f9dd2a46,apnews.com,200,news,no,,,no
2026-04-04,israeli-parliament-dissolved-by-october-31,Israeli parliament dissolved by...?,Netanyahu convenes cabinet on rising settler violence in the West Bank,AP News,https://apnews.com/article/mideast-wars-israel-palestine-west-bank-04a9ec4d55e1e0556428ca23c70efe91,apnews.com,200,news,no,,,no
2026-04-05,democratic-presidential-nominee-2028,Democratic Presidential Nominee 2028,Jon Ossoff's nomination chances improve with increased visibility and support,AP News,https://apnews.com/article/jon-ossoff-2028-democratic-nomination,apnews.com,404,dead link,yes,archived,real_dead_link,no
2026-04-05,democratic-presidential-nominee-2028,Democratic Presidential Nominee 2028,"California Gov. Gavin Newsom delivers final State of the State speech, criticizes Trump administration",AP News,https://apnews.com/article/california-newsom-state-speech-address-381b1657bf97fe5dcd92a7c1fd2d651e,apnews.com,200,news,no,,,no
2026-04-05,nobel-peace-prize-winner-2026-139,Nobel Peace Prize Winner 2026,"Venezuelan opposition leader Machado draws large crowd in Madrid, rebuffs Spainâs PM",AP News,https://apnews.com/article/venezuela-spain-trump-maduro-machado-nobel-sanchez-4819d547e7f3ff9a86228d0e457e92be,apnews.com,200,news,no,,,no
2026-04-05,los-angeles-mayoral-election-117,Los Angeles Mayoral Election,Mayor Bass receives endorsement from local labor unions amid fire controversy,AP News,https://apnews.com/article/los-angeles-mayoral-election-karen-bass-2026-ab3d5a5e4393f63007576788bbd6ec0e,apnews.com,200,news,no,,,no
2026-04-05,miguel-daz-canel-out-as-leader-of-cuba-by-june-30,Miguel Díaz-Canel out as leader of Cuba by...?,U.S. announces $100â¯million humanitarian package for Cuba pending cooperation,AP News,https://apnews.com/article/cuba-us-meeting-cia-john-9a3e7946460f8e5e48424f3a59df3fe8,apnews.com,200,news,no,,,no
2026-04-05,israeli-parliament-dissolved-by-october-31,Israeli parliament dissolved by...?,UN peacekeepers report surge in IsraeliâLebanon incidents,AP News,https://apnews.com/article/israel-lebanon-violence-un-peacekeepers-afbcbb32a24c61387d0e6cc40ded5e9c,apnews.com,200,news,no,,,no
2026-04-05,will-any-country-leave-nato-in-2025,Will any country leave NATO by...?,U.S. congressional delegation visits Denmark amid Greenland tensions,AP News,https://apnews.com/article/greenland-denmark-trump-china-nato-arctic-law-5d92b9439ffa9027598af4be695e6415,apnews.com,200,news,no,,,no
2026-04-05,what-will-fed-rate-hit-before-2027,What will Fed Rate hit before 2027?,Mortgage rates edge higher as 10âyear Treasury yields rise,AP News,https://apnews.com/article/mortgage-rates-housing-interest-financing-home-9d8fabf50c493891caeaf6b4d53458ee,apnews.com,200,news,no,,,no
2026-04-05,what-will-fed-rate-hit-before-2027,What will Fed Rate hit before 2027?,Senate Banking Committee hearing on Fed independence,AP News,https://apnews.com/article/jerome-powell-federal-reserve-d87eedf1e35195957f903f9963aeaf99,apnews.com,200,news,no,,,no
2026-04-06,republican-presidential-nominee-2028,Republican Presidential Nominee 2028,Vanceâs price rebounds after successful diplomatic stop in Italy,AP News,https://apnews.com/article/vance-winter-olympics-armenia-azerbaijan-c3bd416df3afa3e64a5c29d9c438e8e5,apnews.com,200,news,no,,,no
2026-04-06,will-russia-capture-kostyantynivka-by,Will Russia capture Kostyantynivka by...?,Russian drones strike Dnipro killing mineworkers,AP News,https://apnews.com/article/russia-ukraine-war-peace-talks-zelenskyy-abu-dhabi-cfc323e160c058891604be05ca8c56f9,apnews.com,200,news,no,,,no
2026-04-06,which-party-will-win-the-house-in-2026,Which party will win the House in 2026?,Democrats announce major voter registration initiative targeting young and minority voters,AP News,https://apnews.com/article/democrats-dnc-voter-registration-midterms-6f15083ad2b6f428348c5e70ef85d34d,apnews.com,200,news,no,,,no
2026-04-06,which-party-will-win-the-senate-in-2026,Which party will win the Senate in 2026?,Mary Peltola announces challenge to GOP Sen. Dan Sullivan in Alaska,AP News,https://apnews.com/article/alaska-senate-peltola-sullivan-3fd17afc556641652e83e9c11d700306,apnews.com,200,news,no,,,no
2026-04-06,netanyahu-out-before-2027,Netanyahu out by...?,Trump warns Iran of further strikes during Netanyahu visit to Florida,AP News,https://apnews.com/article/trump-netanyahu-gaza-ceasefire-arab-nations-229253766673f18c1195550572edd2ce,apnews.com,200,news,no,,,no
2026-04-07,will-the-us-confirm-that-aliens-exist-before-2027,Will the US confirm that aliens exist by...?,U.S. and Iran agree to indefinite ceasefire,AP News,https://apnews.com/article/iran-us-israel-war-what-to-know-beb5625f8537ceaf22c061cf073210aa,apnews.com,200,news,no,,,no
2026-04-07,which-party-will-win-the-house-in-2026,Which party will win the House in 2026?,Georgia schedules special election to replace Marjorie Taylor Greene,AP News,https://apnews.com/article/marjorie-taylor-greene-special-election-congress-georgia-2d49a9ab7ecf47916bca3dea6679f140,apnews.com,200,news,no,,,no
2026-04-07,which-party-will-win-the-senate-in-2026,Which party will win the Senate in 2026?,Democrat Mary Peltola announces challenge to Republican Sen. Dan Sullivan in Alaska,AP News,https://apnews.com/article/alaska-senate-peltola-sullivan-3fd17afc556641652e83e9c11d700306,apnews.com,200,news,no,,,no
2026-04-07,california-governor-election-2026,California Governor Election Winner,Xavier Becerraâs price jumps 17 points after debate performance,AP News,https://apnews.com/article/california-governor-2026-xavier-becerra-newsom-harris-00f7ad96bd6e0f443da5f8e8727e0d52,apnews.com,200,news,no,,,no
2026-04-07,california-governor-election-2026,California Governor Election Winner,Public Policy Institute of California poll shows tight race among top candidates,AP News,https://apnews.com/article/california-governor-democrats-tom-steyer-billionaire-6e55c315e687a8cae88012a404753b07,apnews.com,200,news,no,,,no
2026-04-07,texas-republican-senate-primary-winner,Texas Republican Senate Primary Winner,Ken Paxton regains momentum in Texas Senate primary runoff race,AP News,https://apnews.com/article/texas-senate-republicans-cornyn-paxton-hunt-01f1ffaf8a890e3017af407abe502e8f,apnews.com,200,news,no,,,no
2026-04-07,texas-republican-senate-primary-winner,Texas Republican Senate Primary Winner,Ken Paxton regains momentum in Texas Senate primary runoff race,AP News,https://apnews.com/article/texas-senate-republicans-cornyn-paxton-hunt-01f1ffaf8a890e3017af407abe502e8f,apnews.com,200,news,no,,,no
2026-04-08,who-will-be-the-next-prime-minister-of-israel-after-the-next-election,Who will be the next Prime Minister of Israel after the next election?,Lebanon and Israel begin direct talks amid regional conflict,AP News,https://apnews.com/article/lebanon-israel-negotiations-hezbollah-rubio-washington-88f5123bfcf4c00625e98ea14a16eef9,apnews.com,ERR:[Errno 65] No route to host,news,no,,,no
2026-04-08,will-russia-capture-lyman-in-2025,Will Russia capture Lyman by...?,Ukrainian counterattack stalls Russian push near Lyman,AP News,https://apnews.com/article/ukraine-russia-war-zelenskyy-yermak-0c277365a6fd8c0f4996e54c6ceb95e9,apnews.com,200,news,no,,,no
2026-04-08,texas-republican-senate-primary-winner,Texas Republican Senate Primary Winner,Ken Paxton’s price climbs to 62% after securing endorsement from a major Texas PAC,AP News,https://apnews.com/article/stephen-colbert-james-talarico-donald-trump-fcc-806845facffd3ab3e30142971be16add,apnews.com,200,news,no,,,no
2026-04-08,colombia-presidential-election,Colombia Presidential Election,Paloma Valencia reaches peak support amid campaign momentum,AP News,https://apnews.com/article/colombia-election-april-2026,apnews.com,404,dead link,yes,archived,real_dead_link,no
2026-04-08,texas-republican-senate-primary-winner,Texas Republican Senate Primary Winner,Ken Paxton’s price climbs to 62% after securing endorsement from a major Texas PAC,AP News,https://apnews.com/article/stephen-colbert-james-talarico-donald-trump-fcc-806845facffd3ab3e30142971be16add,apnews.com,200,news,no,,,no
2026-04-08,will-any-country-leave-nato-in-2025,Will any country leave NATO by...?,NATO launches Arctic Sentry to coordinate HighâNorth security,AP News,https://apnews.com/article/nato-arctic-sentry-greenland-trump-exercises-defense-35855929d7709c60e1192bb6778df712,apnews.com,200,news,no,,,no
2026-04-09,balance-of-power-2026-midterms,Balance of Power: 2026 Midterms,Democrats' anti-corruption task force gains traction,AP News,https://apnews.com/article/democrats-corruption-trump-hungary-orban-1eeaee9ca4f9ea78ad2d238f379d5991,apnews.com,200,news,no,,,no
2026-04-09,what-will-happen-before-gta-vi,What will happen before GTA VI?,BTS begins 2026 world tour in South Korea after four-year hiatus,AP News,https://apnews.com/article/bts-world-tour-kpop-2026-2027-01db0e428723c0febc514373969333bd,apnews.com,200,news,no,,,no
2026-04-09,will-russia-capture-lyman-in-2025,Will Russia capture Lyman by...?,U.S. and Russia agree to reestablish military-to-military dialogue after New START expires,AP News,https://apnews.com/article/russia-us-putin-trump-nuclear-arms-treaty-dddab5e6b4d98ff428747487f401db15,apnews.com,200,news,no,,,no
2026-04-09,starmer-out-in-2025,Starmer out by...?,Starmer faces backlash over teen social‑media ban proposal,AP News,https://apnews.com/article/britain-social-media-ban-australia-teen-harm-c59c76db73a8c1cfac28c8264738e395,apnews.com,200,news,no,,,no
2026-04-10,democratic-presidential-nominee-2028,Democratic Presidential Nominee 2028,"Trump mocks Newsom's dyslexia, sparking public debate",AP News,https://apnews.com/article/dyslexia-trump-newsom-insults-learning-disability-53e47ca7c7d4d0d16eb42a9a012a85e0,apnews.com,200,news,no,,,no
2026-04-10,presidential-election-winner-2028,Presidential Election Winner 2028,"California Medicaid funds deferred over suspected fraud, sparking political dispute",AP News,https://apnews.com/article/medicare-fraud-trump-vance-oz-health-hospice-534297fffb47e31e2a3906273f20e0b5,apnews.com,200,news,no,,,no
2026-04-10,presidential-election-winner-2028,Presidential Election Winner 2028,JD Vance touts Trump administrationâs anti-abortion record at March for Life,AP News,https://apnews.com/article/march-for-life-vance-abortion-beb7c04a39a54861836f64ae3ba90b56,apnews.com,200,news,no,,,no
2026-04-10,who-will-be-the-next-prime-minister-of-israel-after-the-next-election,Who will be the next Prime Minister of Israel after the next election?,Netanyahu convenes cabinet to address rising settler violence in West Bank,AP News,https://apnews.com/article/mideast-wars-israel-palestine-west-bank-04a9ec4d55e1e0556428ca23c70efe91,apnews.com,200,news,no,,,no
2026-04-10,brazil-presidential-election,Brazil Presidential Election,Brazilâs Supreme Court moves Bolsonaro to larger cell with outdoor area,AP News,https://apnews.com/article/brazil-bolsonaro-prison-68d63217f7f7e7cc6da5d48a47bd0593,apnews.com,200,news,no,,,no
2026-04-10,will-the-us-confirm-that-aliens-exist-before-2027,Will the US confirm that aliens exist by...?,Pentagon releases new UFO files detailing sightings but no confirmation of alien life,AP News,https://apnews.com/article/trump-ufos-uap-aliens-pentagon-records-investigation-3e658d2cf3742465127c0049c872240a,apnews.com,200,news,no,,,no
2026-04-10,nobel-peace-prize-winner-2026-139,Nobel Peace Prize Winner 2026,"Trump rejects Iranâs ceasefire proposal, escalating tensions",AP News,https://apnews.com/article/iran-us-war-ceasefire-negotiations-strait-b48635e586e2907caae65b58bd03f5b7,apnews.com,200,news,no,,,no
2026-04-10,balance-of-power-2026-midterms,Balance of Power: 2026 Midterms,House Republicans propose stricter voting rules ahead of midterms,AP News,https://apnews.com/article/midterms-voting-laws-photo-id-citizenship-republicans-feecb51a6efa41cf32d18fe4b15c08ce,apnews.com,200,news,no,,,no
2026-04-10,balance-of-power-2026-midterms,Balance of Power: 2026 Midterms,"Democrat Eileen Higgins wins Miami mayorâs race, ending GOPâs 30-year hold",AP News,https://apnews.com/article/miami-mayor-trump-higgins-gonzalez-f0d8c55a4b97962ac1348c5a93295465,apnews.com,200,news,no,,,no
2026-04-10,where-will-zelenskyy-and-putin-meet-next,Where will Zelenskyy and Putin meet next before 2027?,Yemenâs Southern Transitional Council announces dissolution after leader flees to UAE,AP News,https://apnews.com/article/gaza-ceasefire-yellow-line-062f3a55d737cc83607c0ddacf312df0,apnews.com,200,news,no,,,no
2026-04-10,california-governor-election-2026,California Governor Election Winner,Billionaire Tom Steyer spends heavily in California governor race,AP News,https://apnews.com/article/california-governor-democrats-tom-steyer-billionaire-6e55c315e687a8cae88012a404753b07,apnews.com,200,news,no,,,no
2026-04-10,will-russia-capture-lyman-in-2025,Will Russia capture Lyman by...?,U.S.âbacked peace talks gain momentum in Paris,AP News,https://apnews.com/article/ukraine-russia-macron-starmer-witkoff-21195f5b6a67fd2ac445d05803ae5948,apnews.com,200,news,no,,,no
2026-04-10,brazil-presidential-election,Brazil Presidential Election,Brazil’s Supreme Court moves Bolsonaro to larger cell with outdoor area,AP News,https://apnews.com/article/brazil-bolsonaro-prison-68d63217f7f7e7cc6da5d48a47bd0593,apnews.com,200,news,no,,,no
2026-04-10,fed-decision-in-june-825,Fed Decision in June?,Justice Department ends criminal investigation of Fed Chair Powell,AP News,https://apnews.com/article/federal-reserve-investigation-powell-justice-department-28d04cc0d99cda25cea69931f65e25d3,apnews.com,200,news,no,,,no
2026-04-10,starmer-out-in-2025,Starmer out by...?,UK and Norway agree joint naval patrols amid rising Russian threats,AP News,https://apnews.com/article/uk-norway-navy-patrols-russia-undersea-cables-311aa197fb1697bab45b37286ae9fa2c,apnews.com,200,news,no,,,no
2026-04-10,israeli-parliament-dissolved-by-october-31,Israeli parliament dissolved by...?,Netanyahu convenes cabinet on settler violence in the West Bank,AP News,https://apnews.com/article/mideast-wars-israel-palestine-west-bank-04a9ec4d55e1e0556428ca23c70efe91,apnews.com,200,news,no,,,no
2026-04-10,israeli-parliament-dissolved-by-october-31,Israeli parliament dissolved by...?,IsraelâEgypt talks signal possible Rafah reopening soon,AP News,https://apnews.com/article/israel-hamas-rafah-crossing-netanyahu-palestinians-af5c54167d1addbfa1d8da5d9aaf05c8,apnews.com,200,news,no,,,no
2026-04-10,how-many-different-countries-will-israel-strike-in-2026,How many different countries will Israel strike in 2026?,Israel launches airstrikes on Hezbollah positions in southern Lebanon ahead of disarmament talks,AP News,https://apnews.com/article/lebanon-israel-hezbollah-disarmament-litani-army-tunnels-0609615ca1f875a59bdece3581b68f06,apnews.com,200,news,no,,,no
2026-04-10,how-many-different-countries-will-israel-strike-in-2026,How many different countries will Israel strike in 2026?,Israel pauses crossâborder strikes after EU energyâsecurity summit,AP News,https://apnews.com/article/oil-gas-hormuz-gulf-energy-infrastructure-95425c82bcd5287f372ad6bb0ee69f5f,apnews.com,200,news,no,,,no
2026-04-11,presidential-election-winner-2028,Presidential Election Winner 2028,"Kamala Harris announces new climate initiative, draws bipartisan praise",AP News,https://apnews.com/article/kamala-harris-climate-initiative-2026,apnews.com,404,dead link,yes,archived,real_dead_link,no
2026-04-11,balance-of-power-2026-midterms,Balance of Power: 2026 Midterms,Democrats emphasize health care costs in midterm campaigns,AP News,https://apnews.com/article/democrats-republicans-election-2026-midterms-health-care-e2ba02302f151a03fae4f1d760cf555f,apnews.com,200,news,no,,,no
2026-04-11,netanyahu-out-before-2027,Netanyahu out by...?,US envoys urge Netanyahu to advance Gaza ceasefire second phase,AP News,https://apnews.com/article/israel-gaza-war-trump-news-01-24-2026-90e36ca7d2e27ca8a21d1727e9e0119f,apnews.com,200,news,no,,,no
2026-04-11,will-russia-capture-lyman-in-2025,Will Russia capture Lyman by...?,Russian attacks on Ukraineâs power plants cause severe electricity shortages,AP News,https://apnews.com/article/ukraine-russia-war-zelenskyy-yermak-0c277365a6fd8c0f4996e54c6ceb95e9,apnews.com,200,news,no,,,no
2026-04-11,us-x-iran-permanent-peace-deal-by,US x Iran permanent peace deal by...?,First direct diplomatic talks between Lebanon and Israel in Washington,AP News,https://apnews.com/article/lebanon-israel-us-war-hezbollah-negotiations-28b207b800de1804d8c2ab5242237542,apnews.com,200,news,no,,,no
2026-04-11,texas-republican-senate-primary-winner,Texas Republican Senate Primary Winner,Ken Paxton airs new television ad featuring Trump footage,AP News,https://apnews.com/article/texas-senate-ken-paxton-cornyn-fe2787bbac917c5cb22918ac1e34c458,apnews.com,200,news,no,,,no
2026-04-11,us-x-iran-permanent-peace-deal-by,US x Iran permanent peace deal by...?,First direct diplomatic talks between Lebanon and Israel in Washington,AP News,https://apnews.com/article/lebanon-israel-us-war-hezbollah-negotiations-28b207b800de1804d8c2ab5242237542,apnews.com,200,news,no,,,no
2026-04-11,texas-republican-senate-primary-winner,Texas Republican Senate Primary Winner,Cornell’s campaign holds rally in Austin,AP News,https://apnews.com/article/stephen-colbert-james-talarico-donald-trump-fcc-806845facffd3ab3e30142971be16add,apnews.com,200,news,no,,,no
2026-04-11,texas-republican-senate-primary-winner,Texas Republican Senate Primary Winner,Ken Paxton airs new television ad featuring Trump footage,AP News,https://apnews.com/article/texas-senate-ken-paxton-cornyn-fe2787bbac917c5cb22918ac1e34c458,apnews.com,200,news,no,,,no
2026-04-11,will-any-country-leave-nato-in-2025,Will any country leave NATO by...?,Trump praises UK troops after Afghanistan comments controversy,AP News,https://apnews.com/article/trump-nato-uk-afghanistan-starmer-ab45d8f9e1265c95cb41aac7f494407a,apnews.com,200,news,no,,,no
2026-04-12,republican-presidential-nominee-2028,Republican Presidential Nominee 2028,Vanceâs antiâfraud task force visits Maine ahead of June primary,AP News,https://apnews.com/article/vance-antifraud-task-force-45cc5786a3c84cf2190f3d312fcc3a6d,apnews.com,200,news,no,,,no
2026-04-12,who-will-be-the-next-prime-minister-of-israel-after-the-next-election,Who will be the next Prime Minister of Israel after the next election?,Gadi Eizenkotâs military reforms receive Knesset endorsement,AP News,https://apnews.com/article/israel-military-reform-2026-04-12,apnews.com,404,dead link,yes,archived,real_dead_link,no
2026-04-12,brazil-presidential-election,Brazil Presidential Election,Camilo Santana discusses expanded socialâprogram agenda,AP News,https://apnews.com/article/brazil-santana-social-programs-2026,apnews.com,404,dead link,yes,archived,real_dead_link,no
2026-04-12,nobel-peace-prize-winner-2026-139,Nobel Peace Prize Winner 2026,Donald Trump criticizes Pope Leo XIVâs peace message amid Iran war,AP News,https://apnews.com/article/pope-leo-trump-war-iran-peace-f9980c81d36fad024cce788c915c16eb,apnews.com,200,news,no,,,no
2026-04-12,netanyahu-out-before-2027,Netanyahu out by...?,Netanyahu objects to USâappointed Gaza oversight board,AP News,https://apnews.com/article/israel-white-housoe-gaza-next-steps-17579d16219d79982e48556d85a47e81,apnews.com,200,news,no,,,no
2026-04-12,will-russia-capture-lyman-in-2025,Will Russia capture Lyman by...?,Ukraine launches counterattacks in Dnipropetrovsk and Zaporizhzhia,AP News,https://apnews.com/article/russia-ukraine-war-iran-war-putin-trump-zelenskyy-2b863bc22e97006846e7351e19401f9f,apnews.com,200,news,no,,,no
2026-04-12,us-x-iran-permanent-peace-deal-by,US x Iran permanent peace deal by...?,US imposes naval blockade on Iranian ports amid stalled talks,AP News,https://apnews.com/article/iran-us-talks-ceasefire-36cd009a0b238fcad4665a5a02cc895e,apnews.com,200,news,no,,,no
2026-04-12,texas-republican-senate-primary-winner,Texas Republican Senate Primary Winner,Paxton’s price rebounds to 61% after releasing new policy proposal on school vouchers,AP News,https://apnews.com/article/texas-school-vouchers-islamic-4e729012ccf7f028d0eba0722a1c67e9,apnews.com,200,news,no,,,no
2026-04-12,colombia-presidential-election,Colombia Presidential Election,Roy Barreras eliminated in inter‑party primaries,AP News,https://apnews.com/article/colombia-barreras-primary-2026,apnews.com,404,dead link,yes,archived,real_dead_link,no
2026-04-12,us-x-iran-permanent-peace-deal-by,US x Iran permanent peace deal by...?,US imposes naval blockade on Iranian ports amid stalled talks,AP News,https://apnews.com/article/iran-us-talks-ceasefire-36cd009a0b238fcad4665a5a02cc895e,apnews.com,200,news,no,,,no
2026-04-12,us-x-iran-permanent-peace-deal-by,US x Iran permanent peace deal by...?,"Iran’s foreign minister returns to Pakistan for talks, Trump opts for phone call",AP News,https://apnews.com/article/us-iran-war-hormuz-israel-pakistan-ceasefire-april-26-2026-9f7bcaf20c42b56d3dba4b504936f7ee,apnews.com,200,news,no,,,no
2026-04-12,texas-republican-senate-primary-winner,Texas Republican Senate Primary Winner,Cornyn’s price dips after fundraising report shows lag behind Paxton,AP News,https://apnews.com/article/texas-senate-republicans-cornyn-paxton-hunt-01f1ffaf8a890e3017af407abe502e8f,apnews.com,200,news,no,,,no
2026-04-12,texas-republican-senate-primary-winner,Texas Republican Senate Primary Winner,Paxton’s price rebounds to 61% after releasing new policy proposal on school vouchers,AP News,https://apnews.com/article/texas-school-vouchers-islamic-4e729012ccf7f028d0eba0722a1c67e9,apnews.com,200,news,no,,,no
2026-04-12,will-any-country-leave-nato-in-2025,Will any country leave NATO by...?,NATO launches Arcticâ¯Sentry to boost HighâNorth security,AP News,https://apnews.com/article/nato-arctic-sentry-greenland-trump-exercises-defense-35855929d7709c60e1192bb6778df712,apnews.com,200,news,no,,,no
2026-04-13,republican-presidential-nominee-2028,Republican Presidential Nominee 2028,Conservative feud erupts at Turning Point USA conference over MAGA movement's future,AP News,https://apnews.com/article/turning-point-charlie-kirk-americafest-c1ef8d3535191e58ce2aa731d242bebf,apnews.com,200,news,no,,,no
2026-04-13,balance-of-power-2026-midterms,Balance of Power: 2026 Midterms,"Trump announces 25% tariff on autos from EU, escalating trade tensions",AP News,https://apnews.com/article/trump-tariffs-eu-autos-trade-800e6ed469b73cd4c144edb65e40ba72,apnews.com,200,news,no,,,no
2026-04-13,miguel-daz-canel-out-as-leader-of-cuba-by-june-30,Miguel Díaz-Canel out as leader of Cuba by...?,Mexico pledges additional humanitarian aid shipments to Cuba,AP News,https://apnews.com/article/mexico-cuba-sheinbaum-humanitarian-aid-oil-0cad2c4f270321c897dd54e094763235,apnews.com,200,news,no,,,no
2026-04-13,us-x-iran-permanent-peace-deal-by,US x Iran permanent peace deal by...?,Trump imposes U.S. naval blockade of Iranian ports,AP News,https://apnews.com/article/iran-us-talks-ceasefire-36cd009a0b238fcad4665a5a02cc895e,apnews.com,200,news,no,,,no
2026-04-13,trump-announces-us-blockade-of-hormuz-lifted-by,Trump announces US blockade of Hormuz lifted by...?,US military begins naval blockade of Iranian ports,AP News,https://apnews.com/article/iran-us-israel-trump-lebanon-blockade-hormuz-april-13-2026-ed7a6cd4bc61dc47f317a2c82afcc1c9,apnews.com,200,news,no,,,no
2026-04-13,trump-announces-us-blockade-of-hormuz-lifted-by,Trump announces US blockade of Hormuz lifted by...?,Trump declares U.S. blockade of Iranian ports will stay in full force,AP News,https://apnews.com/article/iran-us-israel-trump-lebanon-blockade-hormuz-april-13-2026-ed7a6cd4bc61dc47f317a2c82afcc1c9,apnews.com,200,news,no,,,no
2026-04-13,us-x-iran-permanent-peace-deal-by,US x Iran permanent peace deal by...?,US President Trump announces military blockade of all Iranian ports,AP News,https://apnews.com/article/iran-us-talks-ceasefire-36cd009a0b238fcad4665a5a02cc895e,apnews.com,200,news,no,,,no
2026-04-13,us-x-iran-permanent-peace-deal-by,US x Iran permanent peace deal by...?,Trump declares full U.S. naval blockade of Iranian ports,AP News,https://apnews.com/article/iran-us-talks-ceasefire-36cd009a0b238fcad4665a5a02cc895e,apnews.com,200,news,no,,,no
2026-04-13,us-x-iran-permanent-peace-deal-by,US x Iran permanent peace deal by...?,US announces naval blockade of Iranian ports amid stalled ceasefire talks,AP News,https://apnews.com/article/iran-us-talks-ceasefire-36cd009a0b238fcad4665a5a02cc895e,apnews.com,200,news,no,,,no
2026-04-13,us-x-iran-permanent-peace-deal-by,US x Iran permanent peace deal by...?,President Trump announces full naval blockade of Iranian ports,AP News,https://apnews.com/article/iran-us-talks-ceasefire-36cd009a0b238fcad4665a5a02cc895e,apnews.com,200,news,no,,,no
2026-04-13,will-any-country-leave-nato-in-2025,Will any country leave NATO by...?,EU foreign policy chief warns a Europeâwide army would endanger NATO unity,AP News,https://apnews.com/article/european-army-security-kallas-trump-nato-f321aa6923fe3c82d0626c35dd0acc79,apnews.com,200,news,no,,,no
2026-04-13,will-any-country-leave-nato-in-2025,Will any country leave NATO by...?,NATO launches Arctic Sentry to coordinate HighâNorth security,AP News,https://apnews.com/article/nato-arctic-sentry-greenland-trump-exercises-defense-35855929d7709c60e1192bb6778df712,apnews.com,200,news,no,,,no
2026-04-14,republican-presidential-nominee-2028,Republican Presidential Nominee 2028,Man detained after breaking windows at JD Vanceâs Ohio home,AP News,https://apnews.com/article/vance-home-ohio-damaged-man-detained-c53c099124e36642e4dd4d86c38cf33f,apnews.com,200,news,no,,,no
2026-04-14,which-party-will-win-the-senate-in-2026,Which party will win the Senate in 2026?,Florida Democrat Angie Nixon announces challenge to GOP Sen. Ashley Moody,AP News,https://apnews.com/article/florida-senate-moody-nixon-midterm-election-205977f662e883931aa411faa5ddbff2,apnews.com,200,news,no,,,no
2026-04-14,nobel-peace-prize-winner-2026-139,Nobel Peace Prize Winner 2026,Yulia Navalnaya's Nobel Peace Prize market price peaks,AP News,https://apnews.com/article/iran-protests-us-israel-war-nuclear-economy-ebddd998fbe7903e70ca62127250ebcb,apnews.com,200,news,no,,,no
2026-04-14,nobel-peace-prize-winner-2026-139,Nobel Peace Prize Winner 2026,Pope Leo XIV announces global peace initiative at World Economic Forum,AP News,https://apnews.com/article/pope-leo-xiv-peace-initiative-2026,apnews.com,404,dead link,yes,archived,real_dead_link,no
2026-04-14,balance-of-power-2026-midterms,Balance of Power: 2026 Midterms,Virginia Supreme Court strikes down Democratic congressional map,AP News,https://apnews.com/article/redistricting-alabama-virginia-louisiana-courts-2e109f6432ce02b2e9f0ec44dd1ebbbc,apnews.com,200,news,no,,,no
2026-04-14,where-will-zelenskyy-and-putin-meet-next,Where will Zelenskyy and Putin meet next before 2027?,Zelenskyy meets European leaders in London to discuss US peace plan and security,AP News,https://apnews.com/article/russia-ukraine-war-zelenskyy-europe-talks-297fc6a148fdb8dce4defb31b953ce0f,apnews.com,200,news,no,,,no
2026-04-14,california-governor-election-2026,California Governor Election Winner,Steve Hilton endorsed by President Donald Trump for California governor,AP News,https://apnews.com/article/steve-hilton-california-governor-newsom-11c0ec5b378e8b2792721c2ff7597499,apnews.com,200,news,no,,,no
2026-04-14,will-russia-capture-lyman-in-2025,Will Russia capture Lyman by...?,Market reacts to reports of stalled Ukraine-Russia peace talks and ongoing fighting,AP News,https://apnews.com/article/russia-ukraine-war-zelenskyy-talks-da43331a99bfcfd80b14e64159c26d8f,apnews.com,200,news,no,,,no
2026-04-14,us-x-iran-permanent-peace-deal-by,US x Iran permanent peace deal by...?,US announces military blockade of all Iranian ports amid stalled talks,AP News,https://apnews.com/article/iran-us-talks-ceasefire-36cd009a0b238fcad4665a5a02cc895e,apnews.com,200,news,no,,,no
2026-04-14,us-x-iran-permanent-peace-deal-by,US x Iran permanent peace deal by...?,Diplomats work to arrange new US-Iran talks amid US blockade,AP News,https://apnews.com/article/us-iran-war-lebanon-israel-talks-hormuz-14-april-2026-24655d40b2d968c39949e5ec2e01535b,apnews.com,200,news,no,,,no
2026-04-14,us-x-iran-permanent-peace-deal-by,US x Iran permanent peace deal by...?,Historic face-to-face talks between US and Iran in Pakistan end without agreement,AP News,https://apnews.com/article/iran-us-israel-trump-lebanon-april-11-2026-2be904aee3f804892336730279e054b9,apnews.com,200,news,no,,,no
2026-04-14,us-x-iran-permanent-peace-deal-by,US x Iran permanent peace deal by...?,US announces naval blockade of Iranian ports after failed Pakistan talks,AP News,https://apnews.com/article/iran-us-talks-ceasefire-36cd009a0b238fcad4665a5a02cc895e,apnews.com,200,news,no,,,no
2026-04-14,us-x-iran-permanent-peace-deal-by,US x Iran permanent peace deal by...?,US Navy seizes Iranian‑flagged cargo ship near Strait of Hormuz,AP News,https://apnews.com/article/us-iran-war-israel-hormuz-19-april-2026-0a637f98d588930f195f61cffe07d4f3,apnews.com,200,news,no,,,no
2026-04-14,us-x-iran-permanent-peace-deal-by,US x Iran permanent peace deal by...?,President Trump announces a full naval blockade of all Iranian ports,AP News,https://apnews.com/article/iran-us-talks-ceasefire-36cd009a0b238fcad4665a5a02cc895e,apnews.com,200,news,no,,,no
2026-04-14,will-any-country-leave-nato-in-2025,Will any country leave NATO by...?,European leaders caution against European army amid NATO tensions,AP News,https://apnews.com/article/european-army-security-kallas-trump-nato-f321aa6923fe3c82d0626c35dd0acc79,apnews.com,200,news,no,,,no
2026-04-14,harvey-weinstein-prison-time,Harvey Weinstein prison time?,Harvey Weinstein's rape retrial begins in New York,Associated Press,https://apnews.com/article/harvey-weinstein-rape-retrial-new-york-metoo-a7a6cd1ce33658980c298ee4afc6ee05,apnews.com,200,news,no,,,no
2026-04-14,what-will-fed-rate-hit-before-2027,What will Fed Rate hit before 2027?,"US inflation data shows prices tick up, reducing urgency for Fed rate cuts",AP News,https://apnews.com/article/inflation-economy-consumers-ac538fd750b4622ee7fa439ef8021783,apnews.com,200,news,no,,,no
2026-04-15,democratic-presidential-nominee-2028,Democratic Presidential Nominee 2028,San Jose Mayor Matt Mahan enters California governor race,AP News,https://apnews.com/article/california-governor-race-matt-mahan-219b8085a1f1f6400f6f0f13707274b4,apnews.com,200,news,no,,,no
2026-04-15,presidential-election-winner-2028,Presidential Election Winner 2028,"California Medicaid funds deferred over suspected fraud, Vance involved",AP News,https://apnews.com/article/medicare-fraud-trump-vance-oz-health-hospice-534297fffb47e31e2a3906273f20e0b5,apnews.com,200,news,no,,,no
2026-04-15,republican-presidential-nominee-2028,Republican Presidential Nominee 2028,Supreme Court allows new California congressional map,AP News,https://apnews.com/article/supreme-court-california-congressional-maps-8362a34b739ea91d37a190eee1b6a6d1,apnews.com,200,news,no,,,no
2026-04-15,republican-presidential-nominee-2028,Republican Presidential Nominee 2028,Florida Gov. Ron DeSantis calls special session to redraw congressional districts,AP News,https://apnews.com/article/florida-redistricting-census-desantis-b10b743019ba7f25a2f26d3ccdaf9a67,apnews.com,200,news,no,,,no
2026-04-15,republican-presidential-nominee-2028,Republican Presidential Nominee 2028,Marco Rubioâs diplomatic efforts on Greenland and Venezuela maintain his profile,AP News,https://apnews.com/article/trump-european-union-greenland-denmark-rubio-frederiksen-4d18970667b130d293ccaf4c0d55c300,apnews.com,200,news,no,,,no
2026-04-15,will-russia-capture-kostyantynivka-by,Will Russia capture Kostyantynivka by...?,Ukrainian President Zelenskyy warns Russiaâs winter attacks are aimed at breaking civilian morale,AP News,https://apnews.com/article/russia-ukraine-war-energy-attacks-war-crimes-1ccee964d8a0b539fe168402b32b4e87,apnews.com,200,news,no,,,no
2026-04-15,will-the-us-confirm-that-aliens-exist-before-2027,Will the US confirm that aliens exist by...?,Senate committee holds hearing on UFO disclosures,AP News,https://apnews.com/article/trump-ufos-uap-aliens-pentagon-records-investigation-3e658d2cf3742465127c0049c872240a,apnews.com,200,news,no,,,no
2026-04-15,which-party-will-win-the-house-in-2026,Which party will win the House in 2026?,"Polls show many Americans identify as independents, leaning toward Democrats",AP News,https://apnews.com/article/poll-independents-moderates-republicans-democrats-trump-ba353eb6807fd854f5b6e6de52d152fa,apnews.com,200,news,no,,,no
2026-04-15,which-party-will-win-the-house-in-2026,Which party will win the House in 2026?,Virginia Supreme Court blocks Democratic congressional redistricting plan,AP News,https://apnews.com/article/redistricting-virginia-congress-democrats-republicans-12a31037f3c9a94d3cb9fbcaaf84d94f,apnews.com,200,news,no,,,no
2026-04-15,nobel-peace-prize-winner-2026-139,Nobel Peace Prize Winner 2026,"Trump visits Detroit, promotes manufacturing amid economic concerns",AP News,https://apnews.com/live/donald-trump-news-updates-1-13-2026,apnews.com,200,news,no,,,no
2026-04-15,nobel-peace-prize-winner-2026-139,Nobel Peace Prize Winner 2026,"Machado draws large crowd in Madrid, rebuffs meeting with Spainâs PM",AP News,https://apnews.com/article/venezuela-spain-trump-maduro-machado-nobel-sanchez-4819d547e7f3ff9a86228d0e457e92be,apnews.com,200,news,no,,,no
2026-04-15,balance-of-power-2026-midterms,Balance of Power: 2026 Midterms,Poll shows many Democrats remain dissatisfied with party despite recent wins,AP News,https://apnews.com/article/poll-trump-democrats-republicans-parties-abc06b4ddc9b3aca7065ead47d43c75b,apnews.com,200,news,no,,,no
2026-04-15,balance-of-power-2026-midterms,Balance of Power: 2026 Midterms,Republican Matt Van Epps sworn in after Tennessee special House election win,AP News,https://apnews.com/article/matt-van-epps-tennessee-special-election-house-92fe6d5f4e408d87cab4f731ccebb490,apnews.com,200,news,no,,,no
2026-04-15,balance-of-power-2026-midterms,Balance of Power: 2026 Midterms,Democrats express renewed concerns over Trumpâs potential midterm interference,AP News,https://apnews.com/article/election-2026-trump-voting-doj-interference-22e2313f98e354fa31f277d3a1dc67d3,apnews.com,200,news,no,,,no
2026-04-15,california-governor-election-2026,California Governor Election Winner,President Trump endorses Steve Hilton for California governor,AP News,https://apnews.com/article/who-running-california-governor-candidates-primary-election-5f78b04bfaecf2f15aee9298b06e5849,apnews.com,200,news,no,,,no
2026-04-15,california-governor-election-2026,California Governor Election Winner,Tom Steyerâs polling surges amid heavy ad spending in governor race,AP News,https://apnews.com/article/california-governor-democrats-tom-steyer-billionaire-6e55c315e687a8cae88012a404753b07,apnews.com,200,news,no,,,no
2026-04-15,california-governor-election-2026,California Governor Election Winner,San Jose Mayor Matt Mahan enters California governor race,AP News,https://apnews.com/article/california-governor-race-matt-mahan-219b8085a1f1f6400f6f0f13707274b4,apnews.com,200,news,no,,,no
2026-04-15,california-governor-election-2026,California Governor Election Winner,Concerns rise over crowded Democratic field splitting vote in California governor race,AP News,https://apnews.com/article/california-governor-democrats-gavin-newsom-republicans-porter-7138e44bd9f4d474910e111aea13d8c4,apnews.com,200,news,no,,,no
2026-04-15,miguel-daz-canel-out-as-leader-of-cuba-by-june-30,Miguel Díaz-Canel out as leader of Cuba by...?,U.S. reiterates aid offer contingent on Cuban cooperation,AP News,https://apnews.com/article/cuba-us-meeting-cia-john-9a3e7946460f8e5e48424f3a59df3fe8,apnews.com,200,news,no,,,no
2026-04-15,will-russia-capture-lyman-in-2025,Will Russia capture Lyman by...?,Ukrainian counterâoffensive stalls Russian advance near Lyman,AP News,https://apnews.com/article/russia-ukraine-zelenskyy-trump-4bdd3a5c442838174c6179305d9396c9,apnews.com,200,news,no,,,no
2026-04-15,who-will-close-warner-bros-acquisition,Who will close Warner Bros. acquisition?,Larry Ellison guarantees $40.4B equity financing for Paramount's Warner bid,AP News,https://apnews.com/article/paramount-skydance-netflix-ellison-warner-96bfd981b4595fbd50bf39979b6dbe53,apnews.com,200,news,no,,,no
2026-04-15,us-x-iran-permanent-peace-deal-by,US x Iran permanent peace deal by...?,Pakistan mediates progress toward extending US-Iran ceasefire,AP News,https://apnews.com/article/us-iran-war-lebanon-israel-talks-hormuz-15-april-2026-f1b02d16f81d6fdcf68c0ed16d7a719d,apnews.com,200,news,no,,,no
2026-04-15,colombia-presidential-election,Colombia Presidential Election,Iván Cepeda Castro maintains lead in polls amid campaign intensification,AP News,https://apnews.com/article/colombia-presidential-miguel-uribe-londono-3e0224f23b62e2f9fecf0dee002c7684,apnews.com,200,news,no,,,no
2026-04-15,fed-decision-in-june-825,Fed Decision in June?,Inflation remains elevated as consumer spending stays strong,AP News,https://apnews.com/article/inflation-economy-consumers-ac538fd750b4622ee7fa439ef8021783,apnews.com,200,news,no,,,no
2026-04-15,fed-decision-in-june-825,Fed Decision in June?,President Trump nominates Kevin Warsh to replace Jerome Powell as Fed chair,AP News,https://apnews.com/article/warsh-trump-federal-reserve-chair-6b4441263c1b7ecb40b96adf17adeea2,apnews.com,200,news,no,,,no
2026-04-15,starmer-out-in-2025,Starmer out by...?,"Starmer proposes teen social‑media ban, sparking public debate",AP News,https://apnews.com/article/britain-social-media-ban-australia-teen-harm-c59c76db73a8c1cfac28c8264738e395,apnews.com,200,news,no,,,no
2026-04-15,trump-announces-us-blockade-of-hormuz-lifted-by,Trump announces US blockade of Hormuz lifted by...?,U.S. Navy seizes Iranian‑flagged cargo ship near Hormuz,AP News,https://apnews.com/article/us-iran-war-israel-hormuz-19-april-2026-0a637f98d588930f195f61cffe07d4f3,apnews.com,200,news,no,,,no
2026-04-15,trump-announces-us-blockade-of-hormuz-lifted-by,Trump announces US blockade of Hormuz lifted by...?,Pakistani delegation meets Iranian officials amid ceasefire talks and blockade tensions,AP News,https://apnews.com/article/us-iran-war-lebanon-israel-talks-hormuz-15-april-2026-f1b02d16f81d6fdcf68c0ed16d7a719d,apnews.com,200,news,no,,,no
2026-04-15,us-x-iran-permanent-peace-deal-by,US x Iran permanent peace deal by...?,Pakistani delegation meets Iranian officials to set up new U.S.–Iran talks,AP News,https://apnews.com/article/us-iran-war-lebanon-israel-talks-hormuz-15-april-2026-f1b02d16f81d6fdcf68c0ed16d7a719d,apnews.com,200,news,no,,,no
2026-04-15,us-x-iran-permanent-peace-deal-by,US x Iran permanent peace deal by...?,Pakistani delegation meets Iranian officials to ease tensions,AP News,https://apnews.com/article/us-iran-war-lebanon-israel-talks-hormuz-15-april-2026-f1b02d16f81d6fdcf68c0ed16d7a719d,apnews.com,200,news,no,,,no
2026-04-15,us-x-iran-permanent-peace-deal-by,US x Iran permanent peace deal by...?,Pakistan emerges as key mediator in US-Iran talks to extend ceasefire,AP News,https://apnews.com/article/us-iran-war-lebanon-israel-talks-hormuz-15-april-2026-f1b02d16f81d6fdcf68c0ed16d7a719d,apnews.com,200,news,no,,,no
2026-04-15,us-x-iran-permanent-peace-deal-by,US x Iran permanent peace deal by...?,Pakistan mediates US-Iran talks showing progress toward ceasefire extension,AP News,https://apnews.com/article/us-iran-war-lebanon-israel-talks-hormuz-14-april-2026-24655d40b2d968c39949e5ec2e01535b,apnews.com,200,news,no,,,no
2026-04-15,what-will-fed-rate-hit-before-2027,What will Fed Rate hit before 2027?,Fed Chair Powell testifies before Senate on DOJ investigation,AP News,https://apnews.com/article/federal-reserve-trump-subpoena-bf4fc6c690fa248fbc531bc9bc7f1758,apnews.com,200,news,no,,,no
2026-04-15,what-will-fed-rate-hit-before-2027,What will Fed Rate hit before 2027?,Fed Chair Powell attends Supreme Court oral argument on Cook case,AP News,https://apnews.com/article/federal-reserve-jerome-powell-lisa-cook-7f135bd222013d4fe61eb8f03c663676,apnews.com,200,news,no,,,no
2026-04-15,how-high-will-inflation-get-in-2026,How high will inflation get in 2026?,U.S. wholesale prices surge as Iran war escalates energy costs,AP News,https://apnews.com/article/inflation-oil-gasoline-inflation-trump-6990c9ca0e19553b40c13af11b9c575b,apnews.com,200,news,no,,,no
2026-04-16,who-will-be-the-next-prime-minister-of-israel-after-the-next-election,Who will be the next Prime Minister of Israel after the next election?,Israel objects to US announcement of Gaza peace oversight leaders,AP News,https://apnews.com/article/israel-white-housoe-gaza-next-steps-17579d16219d79982e48556d85a47e81,apnews.com,200,news,no,,,no
2026-04-16,nobel-peace-prize-winner-2026-139,Nobel Peace Prize Winner 2026,"Pope Leo XIV visits Cameroon, promotes peace amid separatist conflict",AP News,https://apnews.com/article/pope-leo-cameroon-separatists-visit-pause-fighting-d638607a3afe22f425009741b2aa2cb2,apnews.com,200,news,no,,,no
2026-04-16,will-any-country-leave-nato-in-2025,Will any country leave NATO by...?,NATO chief Mark Rutte praised for defusing Greenland tensions with Trump,AP News,https://apnews.com/article/rutte-nato-trump-greenland-aaeec48ee94881ffd838a66d85e92c2e,apnews.com,200,news,no,,,no
2026-04-16,ukraine-election-called-in-2025,Ukraine election called by...?,Zelenskyy's hold on power remains firm under martial law,AP News,https://apnews.com/article/ukraine-russia-war-zelenskyy-yermak-0c277365a6fd8c0f4996e54c6ceb95e9,apnews.com,200,news,no,,,no
2026-04-17,democratic-presidential-nominee-2028,Democratic Presidential Nominee 2028,Poll shows Democratic primary voters favor lessâestablished candidates over Newsom,AP News,https://apnews.com/article/poll-gallup-democrats-2026,apnews.com,404,dead link,yes,archived,real_dead_link,no
2026-04-17,which-party-will-win-the-house-in-2026,Which party will win the House in 2026?,Virginia Supreme Court invalidates Democratic-favored congressional map,AP News,https://apnews.com/article/redistricting-alabama-virginia-louisiana-courts-2e109f6432ce02b2e9f0ec44dd1ebbbc,apnews.com,200,news,no,,,no
2026-04-17,nobel-peace-prize-winner-2026-139,Nobel Peace Prize Winner 2026,"Pope Leo XIV responds to Trump, insists on preaching peace without debate",AP News,https://apnews.com/article/pope-leo-trump-war-iran-peace-f9980c81d36fad024cce788c915c16eb,apnews.com,200,news,no,,,no
2026-04-17,miguel-daz-canel-out-as-leader-of-cuba-by-june-30,Miguel Díaz-Canel out as leader of Cuba by...?,DÃ­az-Canel decries U.S. 'energy blockade' amid worsening power outages,AP News,https://apnews.com/article/us-cuba-aid-melissa-trump-diaz-canel-636551892a2f59f43b657f1e71997b0b,apnews.com,200,news,no,,,no
2026-04-17,us-x-iran-permanent-peace-deal-by,US x Iran permanent peace deal by...?,Iran’s foreign minister returns to Pakistan for renewed talks,AP News,https://apnews.com/article/us-iran-war-hormuz-israel-pakistan-ceasefire-april-26-2026-9f7bcaf20c42b56d3dba4b504936b7ee,apnews.com,404,dead link,yes,archived,real_dead_link,no
2026-04-17,trump-announces-us-blockade-of-hormuz-lifted-by,Trump announces US blockade of Hormuz lifted by...?,US Navy seizes Iranian-flagged cargo ship near Strait of Hormuz,AP News,https://apnews.com/article/us-iran-war-israel-hormuz-19-april-2026-0a637f98d588930f195f61cffe07d4f3,apnews.com,200,news,no,,,no
2026-04-17,us-x-iran-permanent-peace-deal-by,US x Iran permanent peace deal by...?,Iran’s foreign minister returns to Pakistan for renewed talks,AP News,https://apnews.com/article/us-iran-war-hormuz-israel-pakistan-ceasefire-april-26-2026-9f7bcaf20c42b56d3dba4b504936b7ee,apnews.com,404,dead link,yes,archived,real_dead_link,no
2026-04-17,us-x-iran-permanent-peace-deal-by,US x Iran permanent peace deal by...?,Iran’s foreign minister returns to Pakistan for renewed talks,AP News,https://apnews.com/article/us-iran-war-hormuz-israel-pakistan-ceasefire-april-26-2026-9f7bcaf20c42b56d3dba4b504936f7ee,apnews.com,200,news,no,,,no
2026-04-17,will-any-country-leave-nato-in-2025,Will any country leave NATO by...?,UK and European leaders condemn Trumpâs downplaying of NATO alliesâ Afghanistan role,AP News,https://apnews.com/article/trump-nato-uk-afghanistan-denmark-greenland-f5975e87928696edf41085821f7d0b01,apnews.com,200,news,no,,,no
2026-04-17,ukraine-election-called-in-2025,Ukraine election called by...?,Market confidence in 2025 election drops to 4%,AP News,https://apnews.com/hub/elections,apnews.com,200,news,no,,,no
2026-04-17,how-many-different-countries-will-israel-strike-in-2026,How many different countries will Israel strike in 2026?,10-day ceasefire between Israel and Hezbollah takes effect in Lebanon,AP News,https://apnews.com/article/lebanon-israel-hezbollah-ceasefire-united-states-e0412bb734d09aef492051c1730b5821,apnews.com,200,news,no,,,no
2026-04-18,presidential-election-winner-2028,Presidential Election Winner 2028,Iran fully closes Strait of Hormuz over US blockade and fires on ships,AP News,https://apnews.com/article/us-iran-war-israel-hormuz-18-april-2026-ab475cb979825b956a10d60103026b37,apnews.com,200,news,no,,,no
2026-04-18,brazil-presidential-election,Brazil Presidential Election,Lulaâs approval dips after controversial Amazon mining concessions,AP News,https://apnews.com/article/brazil-amazon-mining-2026-04-18,apnews.com,404,dead link,yes,archived,real_dead_link,no
2026-04-18,will-the-us-confirm-that-aliens-exist-before-2027,Will the US confirm that aliens exist by...?,Trump tweets that a formal alien confirmation is imminent,AP News,https://apnews.com/article/trump-ufos-uap-aliens-pentagon-records-investigation-3e658d2cf3742465127c0049c872240a,apnews.com,200,news,no,,,no
2026-04-18,republican-nominee-for-florida-governor,Florida Governor Republican Primary Winner,James Fishbackâs poll numbers dip below 10% after fundraising reports,AP News,https://apnews.com/article/fishback-fundraising-florida-governor,apnews.com,404,dead link,yes,archived,real_dead_link,no
2026-04-18,nobel-peace-prize-winner-2026-139,Nobel Peace Prize Winner 2026,"Pope Leo XIV responds to Trump, emphasizes pastoral mission in Africa",AP News,https://apnews.com/article/pope-leo-trump-war-iran-peace-f9980c81d36fad024cce788c915c16eb,apnews.com,200,news,no,,,no
2026-04-18,netanyahu-out-before-2027,Netanyahu out by...?,Netanyahu orders strikes on Hezbollah amid regional tensions,AP News,https://apnews.com/live/iran-war-israel-trump-04-25-2026,apnews.com,200,news,no,,,no
2026-04-18,california-governor-election-2026,California Governor Election Winner,Tom Steyerâs price falls after $115â¯million ad spend report,AP News,https://apnews.com/article/california-governor-democrats-tom-steyer-1de30f4501b91c3bc9969c54aa13c19d,apnews.com,200,news,no,,,no
2026-04-18,california-governor-election-2026,California Governor Election Winner,Donald Trump endorses Steve Hilton for California governor,AP News,https://apnews.com/article/california-governor-donald-trump-endorsement-steve-hilton-0c3b0f4752466e3fd12463cbb49c079d,apnews.com,200,news,no,,,no
2026-04-18,will-russia-capture-lyman-in-2025,Will Russia capture Lyman by...?,Ukraine launches counterattacks in Dnipropetrovsk and Zaporizhzhia regions,AP News,https://apnews.com/article/russia-ukraine-iran-war-putin-trump-zelenskyy-2b863bc22e97006846e7351e19401f9f,apnews.com,200,news,no,,,no
2026-04-18,will-russia-capture-lyman-in-2025,Will Russia capture Lyman by...?,"Ukrainian drones strike Russian oil refinery in Tuapse, demonstrating extended strike capabilities",AP News,https://apnews.com/article/russia-ukraine-war-oil-drone-attacks-environment-bd5d03a3e3515f0a3b5b48031bc2c18c,apnews.com,200,news,no,,,no
2026-04-18,us-x-iran-permanent-peace-deal-by,US x Iran permanent peace deal by...?,Iran closes Strait of Hormuz and fires on ships after US blockade,AP News,https://apnews.com/article/us-iran-war-israel-hormuz-18-april-2026-ab475cb979825b956a10d60103026b37,apnews.com,200,news,no,,,no
2026-04-18,brazil-presidential-election,Brazil Presidential Election,Lula’s approval dips after controversial Amazon mining concessions,AP News,https://apnews.com/article/brazil-amazon-mining-2026-04-18,apnews.com,404,dead link,yes,archived,real_dead_link,no
2026-04-18,starmer-out-in-2025,Starmer out by...?,Starmer’s chief of staff resigns over Mandelson scandal,AP News,https://apnews.com/article/jeffrey-epstein-britain-keir-starmer-mandelson-c1e5c7654cc9bd48126b9ba3ea6996ef,apnews.com,200,news,no,,,no
2026-04-18,trump-announces-us-blockade-of-hormuz-lifted-by,Trump announces US blockade of Hormuz lifted by...?,Iran’s Revolutionary Guard closes Hormuz and fires on ships,AP News,https://apnews.com/article/us-iran-war-israel-hormuz-18-april-2026-ab475cb979825b956a10d60103026b37,apnews.com,200,news,no,,,no
2026-04-18,trump-announces-us-blockade-of-hormuz-lifted-by,Trump announces US blockade of Hormuz lifted by...?,"Administration argues war‑powers deadline paused, keeping blockade legally viable",AP News,https://apnews.com/article/trump-war-powers-iran-e85410b6f404ddd45a9da0a09f1c285f,apnews.com,200,news,no,,,no
2026-04-18,trump-announces-us-blockade-of-hormuz-lifted-by,Trump announces US blockade of Hormuz lifted by...?,Iran fully closes Strait of Hormuz and fires on ships,AP News,https://apnews.com/article/us-iran-war-israel-hormuz-18-april-2026-ab475cb979825b956a10d60103026b37,apnews.com,200,news,no,,,no
2026-04-18,trump-announces-us-blockade-of-hormuz-lifted-by,Trump announces US blockade of Hormuz lifted by...?,Iran fully closes Strait of Hormuz and fires on ships in retaliation,AP News,https://apnews.com/article/us-iran-war-israel-hormuz-18-april-2026-ab475cb979825b956a10d60103026b37,apnews.com,200,news,no,,,no
2026-04-18,us-x-iran-permanent-peace-deal-by,US x Iran permanent peace deal by...?,Iran fully closes Strait of Hormuz and fires on ships in response to US blockade,AP News,https://apnews.com/article/us-iran-war-israel-hormuz-18-april-2026-ab475cb979825b956a10d60103026b37,apnews.com,200,news,no,,,no
2026-04-18,us-x-iran-permanent-peace-deal-by,US x Iran permanent peace deal by...?,Iran fully closes Strait of Hormuz and fires on ships amid US blockade,AP News,https://apnews.com/article/us-iran-war-israel-hormuz-18-april-2026-ab475cb979825b956a10d60103026b37,apnews.com,200,news,no,,,no
2026-04-18,us-x-iran-permanent-peace-deal-by,US x Iran permanent peace deal by...?,Iran fully closes Strait of Hormuz and fires on ships amid US blockade,AP News,https://apnews.com/article/us-iran-war-israel-hormuz-18-april-2026-ab475cb979825b956a10d60103026b37,apnews.com,200,news,no,,,no
2026-04-18,us-x-iran-permanent-peace-deal-by,US x Iran permanent peace deal by...?,Iranian Revolutionary Guard closes Strait of Hormuz and fires on ships,AP News,https://apnews.com/article/us-iran-war-israel-hormuz-18-april-2026-ab475cb979825b956a10d60103026b37,apnews.com,200,news,no,,,no
2026-04-18,us-x-iran-permanent-peace-deal-by,US x Iran permanent peace deal by...?,Iran fully closes Strait of Hormuz and fires on ships,AP News,https://apnews.com/article/us-iran-war-israel-hormuz-18-april-2026-ab475cb979825b956a10d60103026b37,apnews.com,200,news,no,,,no
2026-04-18,israeli-parliament-dissolved-by-october-31,Israeli parliament dissolved by...?,UNRWA demolition sparks international criticism and protests,AP News,https://apnews.com/article/israel-palestinians-gaza-east-jerusalem-unrwa-cc9c5b2cac2332f0207d485f381be53d,apnews.com,200,news,no,,,no
2026-04-18,what-will-fed-rate-hit-before-2027,What will Fed Rate hit before 2027?,Mortgage rates hold near 2025 lows amid Fed rate cut expectations,AP News,https://apnews.com/article/mortgage-rates-housing-interest-financing-home-9d8fabf50c493891caeaf6b4d53458ee,apnews.com,200,news,no,,,no
2026-04-18,what-will-fed-rate-hit-before-2027,What will Fed Rate hit before 2027?,"Iran closes Strait of Hormuz amid US blockade, pushing oil prices higher",AP News,https://apnews.com/article/us-iran-war-israel-hormuz-18-april-2026-ab475cb979825b956a10d60103026b37,apnews.com,200,news,no,,,no
2026-04-19,which-party-will-win-the-house-in-2026,Which party will win the House in 2026?,Virginia Supreme Court overturns Democraticâdrawn congressional map,AP News,https://apnews.com/article/redistricting-virginia-congress-democrats-republicans-12a31037f3c9a94d3cb9fbcaaf84d94f,apnews.com,200,news,no,,,no
2026-04-19,which-party-will-win-the-senate-in-2026,Which party will win the Senate in 2026?,Michigan Lt. Gov. Garlin Gilchrist II shifts campaign to secretary of state race,AP News,https://apnews.com/article/michigan-democratic-governor-gilchrist-9a0b37621193ca44c59e846311a8d728,apnews.com,200,news,no,,,no
2026-04-19,netanyahu-out-before-2027,Netanyahu out by...?,Netanyahu convenes cabinet on rising settler violence in West Bank,AP News,https://apnews.com/article/mideast-wars-israel-palestine-west-bank-04a9ec4d55e1e0556428ca23c70efe91,apnews.com,200,news,no,,,no
2026-04-19,california-governor-election-2026,California Governor Election Winner,Poll shows Xavier Becerra surging after lateâstage endorsement,AP News,https://apnews.com/article/california-governor-2026-xavier-becerra-newsom-harris-00f7ad96bd6e0f443da5f8e8727e0d52,apnews.com,200,news,no,,,no
2026-04-19,miguel-daz-canel-out-as-leader-of-cuba-by-june-30,Miguel Díaz-Canel out as leader of Cuba by...?,Cuban President DÃ­az-Canel decries U.S. 'energy blockade' amid ongoing blackouts,AP News,https://apnews.com/article/us-cuba-aid-melissa-trump-diaz-canel-636551892a2f59f43b657f1e71997b0b,apnews.com,200,news,no,,,no
2026-04-19,us-x-iran-permanent-peace-deal-by,US x Iran permanent peace deal by...?,U.S. Navy seizes Iranian‑flagged cargo ship near the Strait,AP News,https://apnews.com/article/us-iran-war-israel-hormuz-19-april-2026-0a637f98d588930f195f61cffe07d4f3,apnews.com,200,news,no,,,no
2026-04-19,starmer-out-in-2025,Starmer out by...?,UK‑Norway joint naval patrols announced amid Russian submarine activity,AP News,https://apnews.com/article/uk-norway-navy-patrols-russia-undersea-cables-311aa197fb1697bab45b37286ae9fa2c,apnews.com,200,news,no,,,no
2026-04-19,trump-announces-us-blockade-of-hormuz-lifted-by,Trump announces US blockade of Hormuz lifted by...?,US Navy seizes Iranian-flagged cargo ship near Strait of Hormuz,AP News,https://apnews.com/article/us-iran-war-israel-hormuz-19-april-2026-0a637f98d588930f195f61cffe07d4f3,apnews.com,200,news,no,,,no
2026-04-19,trump-announces-us-blockade-of-hormuz-lifted-by,Trump announces US blockade of Hormuz lifted by...?,Trump says he’s ‘not satisfied’ with Iran’s proposal to end the war,AP News,https://apnews.com/article/iran-us-war-ceasefire-negotiations-strait-b48635e586e2907caae65b58bd03f5b7,apnews.com,200,news,no,,,no
2026-04-19,trump-announces-us-blockade-of-hormuz-lifted-by,Trump announces US blockade of Hormuz lifted by...?,US Navy seizes Iranian‑flagged cargo ship near the Strait of Hormuz,AP News,https://apnews.com/article/us-iran-war-israel-hormuz-19-april-2026-0a637f98d588930f195f61cffe07d4f3,apnews.com,200,news,no,,,no
2026-04-19,us-x-iran-permanent-peace-deal-by,US x Iran permanent peace deal by...?,"US seizes Iranian-flagged cargo ship near Strait of Hormuz, Iran vows swift response",AP News,https://apnews.com/article/us-iran-war-israel-hormuz-19-april-2026-0a637f98d588930f195f61cffe07d4f3,apnews.com,200,news,no,,,no
2026-04-19,us-x-iran-permanent-peace-deal-by,US x Iran permanent peace deal by...?,U.S. Navy seizes Iranian‑flagged cargo ship near Strait of Hormuz,AP News,https://apnews.com/article/us-iran-war-israel-hormuz-19-april-2026-0a637f98d588930f195f61cffe07d4f3,apnews.com,200,news,no,,,no
2026-04-19,us-x-iran-permanent-peace-deal-by,US x Iran permanent peace deal by...?,US Navy seizes Iranian-flagged cargo ship near Strait of Hormuz,AP News,https://apnews.com/article/us-iran-war-israel-hormuz-19-april-2026-0a637f98d588930f195f61cffe07d4f3,apnews.com,200,news,no,,,no
2026-04-19,us-x-iran-permanent-peace-deal-by,US x Iran permanent peace deal by...?,U.S. Navy seizes an Iranian‑flagged cargo ship near the Strait of Hormuz,AP News,https://apnews.com/article/us-iran-war-israel-hormuz-19-april-2026-0a637f98d588930f195f61cffe07d4f3,apnews.com,200,news,no,,,no
2026-04-19,us-x-iran-permanent-peace-deal-by,US x Iran permanent peace deal by...?,US Navy seizes Iranian-flagged cargo ship near Strait of Hormuz,AP News,https://apnews.com/article/us-iran-war-israel-hormuz-19-april-2026-0a637f98d588930f195f61cffe07d4f3,apnews.com,200,news,no,,,no
2026-04-19,us-x-iran-permanent-peace-deal-by,US x Iran permanent peace deal by...?,U.S. Navy seizes Iranian‑flagged cargo ship near the Strait,AP News,https://apnews.com/article/us-iran-war-israel-hormuz-19-april-2026-0a637f98d588930f195f61cffe07d4f3,apnews.com,200,news,no,,,no
2026-04-19,us-x-iran-permanent-peace-deal-by,US x Iran permanent peace deal by...?,US Navy seizes Iranian-flagged cargo ship near Strait of Hormuz,AP News,https://apnews.com/article/us-iran-war-israel-hormuz-19-april-2026-0a637f98d588930f195f61cffe07d4f3,apnews.com,200,news,no,,,no
2026-04-20,presidential-election-winner-2028,Presidential Election Winner 2028,"Vance visits Armenian Genocide Memorial, deletes post referencing genocide",AP News,https://apnews.com/article/jd-vance-armenian-genocide-post-e467c5074b7d44062c2b0e181469faf4,apnews.com,200,news,no,,,no
2026-04-20,will-the-us-confirm-that-aliens-exist-before-2027,Will the US confirm that aliens exist by...?,Partial federal government shutdown stalls Pentagon funding,AP News,https://apnews.com/article/government-shutdown-homeland-security-pentagon-transportation-2dd3464f56295ff79f136c1c5c24a532,apnews.com,200,news,no,,,no
2026-04-20,which-party-will-win-the-house-in-2026,Which party will win the House in 2026?,Democrats express concerns over potential Trump interference in 2026 midterms,AP News,https://apnews.com/article/election-2026-trump-voting-doj-interference-22e2313f98e354fa31f277d3a1dc67d3,apnews.com,200,news,no,,,no
2026-04-20,nato-x-russia-military-clash-in-2025,NATO x Russia military clash by...?,NATO Jets Scramble to Intercept Russian Strategic Bombers Over Baltic Sea,AP News,https://apnews.com/article/nato-russia-fighter-jets-baltic-sea-interception-cb1a9726e66b602895636ba08ba5ed7b,apnews.com,200,news,no,,,no
2026-04-20,which-party-will-win-the-senate-in-2026,Which party will win the Senate in 2026?,"RNC fundraising outpaces DNC by $100â¯million at end of 2025, widening cash gap",AP News,https://apnews.com/article/elections-house-senate-congress-midterms-trump-387549d4d5e682cf8ce8205d96d07ca7,apnews.com,200,news,no,,,no
2026-04-20,nobel-peace-prize-winner-2026-139,Nobel Peace Prize Winner 2026,Trump inaugurates Board of Peace at Davos amid Greenland tensions,AP News,https://apnews.com/article/trump-board-of-peace-gaza-greenland-67719d7882db254f0ba611b895e46684,apnews.com,200,news,no,,,no
2026-04-20,balance-of-power-2026-midterms,Balance of Power: 2026 Midterms,Democrats express concerns over potential Trump interference in 2026 midterms,AP News,https://apnews.com/article/election-2026-trump-voting-doj-interference-22e2313f98e354fa31f277d3a1dc67d3,apnews.com,200,news,no,,,no
2026-04-20,balance-of-power-2026-midterms,Balance of Power: 2026 Midterms,"Democrat Eileen Higgins wins Miami mayoral race, ending GOP streak",AP News,https://apnews.com/article/miami-mayor-trump-higgins-gonzalez-f0d8c55a4b97962ac1348c5a93295465,apnews.com,200,news,no,,,no
2026-04-20,balance-of-power-2026-midterms,Balance of Power: 2026 Midterms,House Republicans propose sweeping voting law changes ahead of midterms,AP News,https://apnews.com/article/midterms-voting-laws-photo-id-citizenship-republicans-feecb51a6efa41cf32d18fe4b15c08ce,apnews.com,200,news,no,,,no
2026-04-20,netanyahu-out-before-2027,Netanyahu out by...?,Retouched photos of Sara Netanyahu spark ethics controversy,AP News,https://apnews.com/article/israel-sara-netanyahu-photos-217896b96d01bf5cfcd7aa606b5fa78e,apnews.com,200,news,no,,,no
2026-04-20,netanyahu-out-before-2027,Netanyahu out by...?,US envoys urge Netanyahu to advance Gaza ceasefire second phase,AP News,https://apnews.com/article/israel-gaza-war-trump-news-01-24-2026-90e36ca7d2e27ca8a21d1727e9e0119f,apnews.com,200,news,no,,,no
2026-04-20,california-governor-election-2026,California Governor Election Winner,Poll shows Steyer overtakes Porter in lateâApril survey,AP News,https://apnews.com/article/california-governor-democrats-tom-steyer-1de30f4501b91c3bc9969c54aa13c19d,apnews.com,200,news,no,,,no
2026-04-20,california-governor-election-2026,California Governor Election Winner,President Donald Trump endorses conservative commentator Steve Hilton for California governor,AP News,https://apnews.com/article/california-governor-donald-trump-endorsement-steve-hilton-0c3b0f4752466e3fd12463cbb49c079d,apnews.com,200,news,no,,,no
2026-04-20,miguel-daz-canel-out-as-leader-of-cuba-by-june-30,Miguel Díaz-Canel out as leader of Cuba by...?,U.S. announces $6â¯million aid package to Cuba amid energy blockade,AP News,https://apnews.com/article/us-cuba-aid-melissa-trump-diaz-canel-636551892a2f59f43b657f1e71997b0b,apnews.com,200,news,no,,,no
2026-04-20,miguel-daz-canel-out-as-leader-of-cuba-by-june-30,Miguel Díaz-Canel out as leader of Cuba by...?,Mass demonstration in Havana decries U.S. attack on Venezuela and supports DÃ­azâCanel,AP News,https://apnews.com/article/cuba-march-demonstration-killed-venezuela-us-trump-0b348a984cf70186e6b7a98e6ef5a427,apnews.com,200,news,no,,,no
2026-04-20,will-russia-capture-lyman-in-2025,Will Russia capture Lyman by...?,"U.S.âRussia highâlevel talks resume, no immediate ceasefire",AP News,https://apnews.com/article/russia-us-putin-trump-nuclear-arms-treaty-dddab5e6b4d98ff428747487f401db15,apnews.com,200,news,no,,,no
2026-04-20,will-russia-invade-a-nato-country-in-2025,Will Russia invade a NATO country by...?,NATO intercepts Russian bombers over the Baltic Sea,AP News,https://apnews.com/article/nato-russia-fighter-jets-baltic-sea-interception-cb1a9726e66b602895636ba08ba5ed7b,apnews.com,200,news,no,,,no
2026-04-20,colombia-presidential-election,Colombia Presidential Election,Carlos Felipe Córdoba’s campaign disbands amid funding scandal,AP News,https://apnews.com/article/colombia-cordoba-scandal-2026,apnews.com,404,dead link,yes,archived,real_dead_link,no
2026-04-20,ky-04-republican-primary-winner,KY-04 Republican Primary Winner,Ed Gallrein’s campaign staff resigns amid internal disputes,AP News,https://apnews.com/article/gallrein-staff-resignations-2026,apnews.com,404,dead link,yes,archived,real_dead_link,no
2026-04-20,starmer-out-in-2025,Starmer out by...?,"Starmer meets Xi Jinping in Beijing, pledges deeper UK‑China partnership",AP News,https://apnews.com/article/uk-prime-minister-starmer-xi-beijing-trade-062717a30f70bcfd64db08436e9aff90,apnews.com,200,news,no,,,no
2026-04-20,starmer-out-in-2025,Starmer out by...?,"Starmer meets Xi Jinping in Beijing, pledges deeper UK‑China partnership",AP News,https://apnews.com/article/uk-prime-minister-starmer-xi-beijing-trade-062717a30f70bcfd64db08436e9aff90,apnews.com,200,news,no,,,no
2026-04-20,trump-announces-us-blockade-of-hormuz-lifted-by,Trump announces US blockade of Hormuz lifted by...?,Iran’s Revolutionary Guard closes Strait of Hormuz and fires on ships,AP News,https://apnews.com/article/us-iran-war-israel-hormuz-18-april-2026-ab475cb979825b956a10d60103026b37,apnews.com,200,news,no,,,no
2026-04-20,will-any-country-leave-nato-in-2025,Will any country leave NATO by...?,NATO Secretary-General stresses Europeâs dependence on US military support,AP News,https://apnews.com/article/nato-europe-us-nuclear-trump-defense-security-c1575be708cbd813f1c7d97c87628ff6,apnews.com,200,news,no,,,no
2026-04-20,what-will-fed-rate-hit-before-2027,What will Fed Rate hit before 2027?,Fed releases updated economic projections showing modest inflation decline,AP News,https://apnews.com/article/federal-reserve-trump-powell-inflation-c139c9e007981f075fb3b22d4a4cec,apnews.com,404,dead link,yes,archived,real_dead_link,no
2026-04-20,what-will-fed-rate-hit-before-2027,What will Fed Rate hit before 2027?,Federal prosecutors attempt unannounced visit to Fed headquarters construction site,AP News,https://apnews.com/article/federal-reserve-jerome-powell-trump-16f1777a974cf0dece60d78abe4eb973,apnews.com,200,news,no,,,no
2026-04-21,will-russia-capture-kostyantynivka-by,Will Russia capture Kostyantynivka by...?,Russian drone strike kills 12 mineworkers near Dnipro,AP News,https://apnews.com/article/russia-ukraine-war-peace-talks-zelenskyy-abu-dhabi-cfc323e160c058891604be05ca8c56f9,apnews.com,200,news,no,,,no
2026-04-21,will-russia-capture-kostyantynivka-by,Will Russia capture Kostyantynivka by...?,Russian drone strike on Ukrainian mineworker bus in Dnipro,AP News,https://apnews.com/article/russia-ukraine-war-peace-talks-zelenskyy-abu-dhabi-cfc323e160c058891604be05ca8c56f9,apnews.com,200,news,no,,,no
2026-04-21,will-the-us-confirm-that-aliens-exist-before-2027,Will the US confirm that aliens exist by...?,"Pentagon begins releasing new files on UFOs, encouraging public interpretation",AP News,https://apnews.com/article/trump-ufos-uap-aliens-pentagon-records-investigation-3e658d2cf3742465127c0049c872240a,apnews.com,200,news,no,,,no
2026-04-21,which-party-will-win-the-house-in-2026,Which party will win the House in 2026?,Virginia Supreme Court strikes down Democratic congressional redistricting plan,AP News,https://apnews.com/article/redistricting-virginia-congress-democrats-republicans-12a31037f3c9a94d3cb9fbcaaf84d94f,apnews.com,200,news,no,,,no
2026-04-21,miguel-daz-canel-out-as-leader-of-cuba-by-june-30,Miguel Díaz-Canel out as leader of Cuba by...?,Market confidence dips amid worsening Cuban energy crisis and sanctions impact,AP News,https://apnews.com/article/cuba-economy-oil-crisis-us-6b2b44a4818616bbc542b7b63159a47b,apnews.com,200,news,no,,,no
2026-04-21,us-x-iran-permanent-peace-deal-by,US x Iran permanent peace deal by...?,U.S. and Iran resume indirect talks in Pakistan after blockade,AP News,https://apnews.com/article/us-iran-war-hormuz-israel-pakistan-ceasefire-april-26-2026-9f7bcaf20c42b56d3dba4b504936f7ee,apnews.com,200,news,no,,,no
2026-04-21,trump-announces-us-blockade-of-hormuz-lifted-by,Trump announces US blockade of Hormuz lifted by...?,Trump rejects Iran’s latest proposal to end the war,AP News,https://apnews.com/article/iran-us-war-ceasefire-negotiations-strait-b48635e586e2907caae65b58bd03f5b7,apnews.com,200,news,no,,,no
2026-04-21,trump-announces-us-blockade-of-hormuz-lifted-by,Trump announces US blockade of Hormuz lifted by...?,Trump posts on Truth Social that blockade remains in full force,AP News,https://apnews.com/article/trump-no-envoys-pakistan-2026-7e52d208e7b517c615fc178280ca57d0,apnews.com,200,news,no,,,no
2026-04-21,trump-announces-us-blockade-of-hormuz-lifted-by,Trump announces US blockade of Hormuz lifted by...?,Trump rejects Iran’s latest proposal to end the war,AP News,https://apnews.com/article/iran-us-war-ceasefire-negotiations-strait-b48635e586e2907caae65b58bd03f5b7,apnews.com,200,news,no,,,no
2026-04-21,us-x-iran-diplomatic-meeting-by-329,US x Iran diplomatic meeting by...?,Pakistan delegation meets Iranian officials to ease tensions and arrange talks,AP News,https://apnews.com/article/us-iran-war-lebanon-israel-talks-hormuz-15-april-2026-f1b02d16f81d6fdcf68c0ed16d7a719d,apnews.com,200,news,no,,,no
2026-04-21,us-x-iran-diplomatic-meeting-by-329,US x Iran diplomatic meeting by...?,Pakistan’s army chief meets Iran’s foreign minister in Tehran to discuss US‑Iran talks,AP News,https://apnews.com/article/us-iran-war-lebanon-israel-talks-hormuz-15-april-2026-f1b02d16f81d6fdcf68c0ed16d7a719d,apnews.com,200,news,no,,,no
2026-04-21,who-will-be-confirmed-as-fed-chair,Who will be confirmed as Fed Chair?,Senate Banking Committee holds hearing on Kevin Warsh nomination,AP News,https://apnews.com/article/federal-reserve-kevin-warsh-jerome-powell-dd88a3f06eddcada4db555fe11e547eb,apnews.com,200,news,no,,,no
2026-04-21,us-x-iran-permanent-peace-deal-by,US x Iran permanent peace deal by...?,U.S. and Iran resume indirect talks in Pakistan after blockade,AP News,https://apnews.com/article/us-iran-war-hormuz-israel-pakistan-ceasefire-april-26-2026-9f7bcaf20c42b56d3dba4b504936f7ee,apnews.com,200,news,no,,,no
2026-04-21,us-x-iran-permanent-peace-deal-by,US x Iran permanent peace deal by...?,U.S. extends the cease‑fire for another week,AP News,https://apnews.com/article/iran-us-war-what-know-beb5625f8537ceaf22c061cf073210aa,apnews.com,200,news,no,,,no
2026-04-21,us-x-iran-permanent-peace-deal-by,US x Iran permanent peace deal by...?,President Trump extends the US‑Iran ceasefire indefinitely,AP News,https://apnews.com/article/trump-iran-ceasefire-extended-2026-04-21,apnews.com,404,dead link,yes,archived,real_dead_link,no
2026-04-21,us-x-iran-permanent-peace-deal-by,US x Iran permanent peace deal by...?,Trump extends US-Iran ceasefire but maintains naval blockade,AP News,https://apnews.com/article/us-iran-war-pakistan-april-21-2026-177a2d0701ef172c3e51686bc1f18f30,apnews.com,200,news,no,,,no
2026-04-21,us-x-iran-permanent-peace-deal-by,US x Iran permanent peace deal by...?,US Navy seizes Iranian‑flagged cargo ship near Hormuz,AP News,https://apnews.com/article/us-iran-war-israel-hormuz-19-april-2026-0a637f98d588c930f195f61cffe07d4f3,apnews.com,404,dead link,yes,archived,real_dead_link,no
2026-04-21,harvey-weinstein-prison-time,Harvey Weinstein prison time?,"Weinsteinâs rape retrial opens in New York, third time on the stand",AP News,https://apnews.com/article/harvey-weinstein-rape-retrial-72d8b9d01c4159fa6ae6d9fb865a4fa2,apnews.com,200,news,no,,,no
2026-04-21,harvey-weinstein-prison-time,Harvey Weinstein prison time?,Opening statements begin in Weinstein's New York rape retrial,AP News,https://apnews.com/article/harvey-weinstein-rape-retrial-72d8b9d01c4159fa6ae6d9fb865a4fa2,apnews.com,200,news,no,,,no
2026-04-21,harvey-weinstein-prison-time,Harvey Weinstein prison time?,Harvey Weinsteinâs Rape Retrial Opens in New York,AP News,https://apnews.com/article/harvey-weinstein-rape-retrial-metoo-4c1ab0f9aed5d563a1146c799dd0250d,apnews.com,200,news,no,,,no
2026-04-21,what-will-fed-rate-hit-before-2027,What will Fed Rate hit before 2027?,Fed minutes show officials want more inflation progress before rate cuts,AP News,https://apnews.com/article/inflation-jobs-fed-trump-d7aabc066d5a3a330022963289abc0c0,apnews.com,200,news,no,,,no
2026-04-22,will-russia-capture-kostyantynivka-by,Will Russia capture Kostyantynivka by...?,"Russia restricts FaceTime and blocks Snapchat, citing security concerns",AP News,https://apnews.com/article/russia-internet-crackdown-facetime-restrictions-06301be480510b18ae02039c6524cd80,apnews.com,200,news,no,,,no
2026-04-22,nobel-peace-prize-winner-2026-139,Nobel Peace Prize Winner 2026,"Pope Leo XIV visits Africa, emphasizing peace and community",AP News,https://apnews.com/photo-gallery/pope-leo-xiv-photos-trip-africa-7220e47f10baae7dd0cf77ef56f24db5,apnews.com,200,news,no,,,no
2026-04-22,netanyahu-out-before-2027,Netanyahu out by...?,Netanyahu approves $35 billion natural gas export deal to Egypt,AP News,https://apnews.com/article/israel-gas-leviathan-chevron-egypt-9d7e816ae59b18f5d5cb78aadc3083e1,apnews.com,200,news,no,,,no
2026-04-22,netanyahu-out-before-2027,Netanyahu out by...?,Netanyahu agrees to join Trump-led Board of Peace overseeing Gaza ceasefire,AP News,https://apnews.com/article/mideast-wars-gaza-board-of-peace-trump-1-21-2026-2f0e063d03babbd3276f31289ba5f2a2,apnews.com,200,news,no,,,no
2026-04-22,california-governor-election-2026,California Governor Election Winner,Concerns rise over crowded Democratic field splitting vote in California governor race,AP News,https://apnews.com/article/california-governor-democrats-gavin-newsom-republicans-porter-7138e44bd9f4d474910e111aea13d8c4,apnews.com,200,news,no,,,no
2026-04-22,california-governor-election-2026,California Governor Election Winner,Tom Steyerâs price spikes to 37% after new TV ads debut,AP News,https://apnews.com/article/california-governor-democrats-tom-steyer-billionaire-6e55c315e687a8cae88012a404753b07,apnews.com,200,news,no,,,no
2026-04-22,miguel-daz-canel-out-as-leader-of-cuba-by-june-30,Miguel Díaz-Canel out as leader of Cuba by...?,"Cuban government releases 2,010 prisoners in humanitarian gesture",AP News,https://apnews.com/article/cuba-pardons-holy-week-oil-blackouts-203c1b81aed59e81d252b29d27ad6654,apnews.com,200,news,no,,,no
2026-04-22,us-x-iran-permanent-peace-deal-by,US x Iran permanent peace deal by...?,Ceasefire between US and Iran expires amid stalled talks,AP News,https://apnews.com/article/iran-us-israel-trump-lebanon-april-7-2026-421ee64fdc9a5c26460df8119c7d1b3f,apnews.com,200,news,no,,,no
2026-04-22,fed-decision-in-june-825,Fed Decision in June?,Fed signals likely to keep rates steady amid inflation and labor market concerns,AP News,https://apnews.com/article/federal-reserve-trump-powell-inflation-c1e2c5222795bda4a1d294f6406f66fc,apnews.com,200,news,no,,,no
2026-04-22,ky-04-republican-primary-winner,KY-04 Republican Primary Winner,"Rep. Andy Barr announces Senate run, leaving KY-04 House seat open",AP News,https://apnews.com/article/house-retirements-midterms-f638d386d4d1342e3a9671642dd883f6,apnews.com,200,news,no,,,no
2026-04-22,ky-04-republican-primary-winner,KY-04 Republican Primary Winner,"Rep. Andy Barr announces Senate run, exits House race",AP News,https://apnews.com/article/kentucky-senate-barr-endorsement,apnews.com,404,dead link,yes,archived,real_dead_link,no
2026-04-22,trump-announces-us-blockade-of-hormuz-lifted-by,Trump announces US blockade of Hormuz lifted by...?,U.S. seizes Iranian‑flagged cargo ship near Hormuz,AP News,https://apnews.com/article/us-iran-war-israel-hormuz-19-april-2026-0a637f98d588930f195f61cffe07d4f3,apnews.com,200,news,no,,,no
2026-04-22,us-x-iran-permanent-peace-deal-by,US x Iran permanent peace deal by...?,Diplomats attempt back‑channel talks amid US blockade,AP News,https://apnews.com/article/us-iran-war-lebanon-israel-talks-hormuz-14-april-2026-24655d40b2d968c39949e5ec2e01535b,apnews.com,200,news,no,,,no
2026-04-22,us-x-iran-permanent-peace-deal-by,US x Iran permanent peace deal by...?,Pakistani mediators work to arrange new US-Iran ceasefire talks as tensions rise,AP News,https://apnews.com/article/iran-us-israel-trump-lebanon-april-7-2026-421ee64fdc9a5c26460df8119c7d1b3f,apnews.com,200,news,no,,,no
2026-04-22,us-x-iran-permanent-peace-deal-by,US x Iran permanent peace deal by...?,Ceasefire between US and Iran expires amid stalled talks,AP News,https://apnews.com/article/iran-us-israel-trump-lebanon-april-7-2026-421ee64fdc9a5c26460df8119c7d1b3f,apnews.com,200,news,no,,,no
2026-04-22,israeli-parliament-dissolved-by-october-31,Israeli parliament dissolved by...?,Netanyahu faces renewed calls for early elections amid coalition strain,AP News,https://apnews.com/article/israel-gaza-war-trump-news-01-24-2026-90e36ca7d2e27ca8a21d1727e9e0119f,apnews.com,200,news,no,,,no
2026-04-22,will-any-country-leave-nato-in-2025,Will any country leave NATO by...?,NATO chief Mark Rutte brokers Greenland dispute resolution with Trump,AP News,https://apnews.com/article/rutte-nato-trump-greenland-aaeec48ee94881ffd838a66d85e92c2e,apnews.com,200,news,no,,,no
2026-04-22,will-any-country-leave-nato-in-2025,Will any country leave NATO by...?,EU foreign policy chief warns a Europeâwide army would endanger NATO unity,AP News,https://apnews.com/article/european-army-security-kallas-trump-nato-f321aa6923fe3c82d0626c35dd0acc79,apnews.com,200,news,no,,,no
2026-04-23,will-russia-capture-kostyantynivka-by,Will Russia capture Kostyantynivka by...?,Russian forces claim full control of Myrnohrad and Huliaipole amid ongoing conflict,AP News,https://apnews.com/article/russia-ukraine-war-kyiv-strikes-67c576b92273cc0953de64590572e159,apnews.com,200,news,no,,,no
2026-04-23,will-the-us-confirm-that-aliens-exist-before-2027,Will the US confirm that aliens exist by...?,Trump cancels envoy mission to Pakistan; Iran offers 'much better' proposal,AP News,https://apnews.com/article/us-iran-war-hormuz-israel-pakistan-ceasefire-april-26-2026-9f7bcaf20c42b56d3dba4b504936f7ee,apnews.com,200,news,no,,,no
2026-04-23,which-party-will-win-the-house-in-2026,Which party will win the House in 2026?,House Republicans propose sweeping voting law changes ahead of midterms,AP News,https://apnews.com/article/midterms-voting-laws-photo-id-citizenship-republicans-feecb51a6efa41cf32d18fe4b15c08ce,apnews.com,200,news,no,,,no
2026-04-23,netanyahu-out-before-2027,Netanyahu out by...?,Netanyahuâs wifeâs retouched images spark ethics debate,AP News,https://apnews.com/article/israel-sara-netanyahu-photos-217896b96d01bf5cfcd7aa606b5fa78e,apnews.com,200,news,no,,,no
2026-04-23,netanyahu-out-before-2027,Netanyahu out by...?,Netanyahu says Israel will stay in southern Lebanon as long as needed,Associated Press,https://www.apnews.com/article/israel-lebanon-netanyahu-military-statement-2026,apnews.com,404,dead link,yes,archived,real_dead_link,no
2026-04-23,california-governor-election-2026,California Governor Election Winner,Democrats fear vote splitting in California governor race could allow two Republicans to advance,AP News,https://apnews.com/article/california-governor-democrats-gavin-newsom-republicans-porter-7138e44bd9f4d474910e111aea13d8c4,apnews.com,200,news,no,,,no
2026-04-23,california-governor-election-2026,California Governor Election Winner,President Donald Trump endorses conservative commentator Steve Hilton for California governor,AP News,https://apnews.com/article/california-governor-donald-trump-endorsement-steve-hilton-0c3b0f4752466e3fd12463cbb49c079d,apnews.com,200,news,no,,,no
2026-04-23,miguel-daz-canel-out-as-leader-of-cuba-by-june-30,Miguel Díaz-Canel out as leader of Cuba by...?,Mexico pledges humanitarian aid to Cuba amid oil shipment suspensions,AP News,https://apnews.com/article/mexico-cuba-sheinbaum-humanitarian-aid-oil-0cad2c4f270321c897dd54e094763235,apnews.com,200,news,no,,,no
2026-04-23,will-russia-capture-lyman-in-2025,Will Russia capture Lyman by...?,U.S. and European allies agree on multilayered security guarantees for Ukraine,AP News,https://apnews.com/article/ukraine-russia-macron-starmer-witkoff-21195f5b6a67fd2ac445d05803ae5948,apnews.com,200,news,no,,,no
2026-04-23,us-x-iran-permanent-peace-deal-by,US x Iran permanent peace deal by...?,US fires on and disables two Iranian tankers in the Strait of Hormuz,AP News,https://apnews.com/article/iran-us-israel-war-may-8-2026-6490db55a65880a61a6233eff7acc68b,apnews.com,200,news,no,,,no
2026-04-23,fed-decision-in-june-825,Fed Decision in June?,DOJ prosecutors attempt to access Fed building amid ongoing investigation,AP News,https://apnews.com/article/federal-reserve-jerome-powell-trump-16f1777a974cf0dece60d78abe4eb973,apnews.com,200,news,no,,,no
2026-04-23,starmer-out-in-2025,Starmer out by...?,Starmer meets Xi Jinping to deepen UK-China ties amid global turbulence,AP News,https://apnews.com/article/uk-prime-minister-starmer-xi-beijing-trade-062717a30f70bcfd64db08436e9aff90,apnews.com,200,news,no,,,no
2026-04-23,trump-announces-us-blockade-of-hormuz-lifted-by,Trump announces US blockade of Hormuz lifted by...?,Trump cancels envoys' trip to Pakistan for Iran talks,AP News,https://apnews.com/article/us-iran-war-hormuz-israel-pakistan-ceasefire-april-25-2026-7e52d208e7b517c615fc178280ca57d0,apnews.com,200,news,no,,,no
2026-04-23,us-x-iran-diplomatic-meeting-by-329,US x Iran diplomatic meeting by...?,Trump says US-Iran talks could resume soon but no schedule set,AP News,https://apnews.com/live/iran-war-israel-trump-04-14-2026,apnews.com,200,news,no,,,no
2026-04-23,us-x-iran-diplomatic-meeting-by-329,US x Iran diplomatic meeting by...?,Trump rejects Iran’s latest peace proposal,AP News,https://apnews.com/article/iran-us-war-ceasefire-negotiations-strait-b48635e586e2907caae65b58bd03f5b7,apnews.com,200,news,no,,,no
2026-04-23,us-x-iran-permanent-peace-deal-by,US x Iran permanent peace deal by...?,Trump orders U.S. forces to “shoot and kill” small boats in Hormuz,AP News,https://apnews.com/article/iran-us-war-hormuz-israel-pakistan-ceasefire-april-23-2026-368b922ae2f4c874df8a133491eecffe8,apnews.com,404,dead link,yes,archived,real_dead_link,no
2026-04-23,us-x-iran-permanent-peace-deal-by,US x Iran permanent peace deal by...?,U.S. forces fire on and disable two Iranian tankers in the Strait of Hormuz,AP News,https://apnews.com/article/iran-us-war-strait-hormuz-may-8-2026-6490db55a65880a61a6233eff7acc68b,apnews.com,200,news,no,,,no
2026-04-23,us-x-iran-permanent-peace-deal-by,US x Iran permanent peace deal by...?,Trump extends US-Iran ceasefire but maintains naval blockade,AP News,https://apnews.com/article/iran-us-israel-war-ceasefire-lebanon-gaza-9cad20d6a7c17855cc40c9e7d934fdcb,apnews.com,200,news,no,,,no
2026-04-23,us-x-iran-permanent-peace-deal-by,US x Iran permanent peace deal by...?,Trump orders U.S. Navy to “shoot and kill” small boats in Hormuz,AP News,https://apnews.com/article/iran-us-war-hormuz-israel-pakistan-ceasefire-april-23-2026-368b922ae2f4c874df8a133491eeffe8,apnews.com,200,news,no,,,no
2026-04-23,will-any-country-leave-nato-in-2025,Will any country leave NATO by...?,U.S. congressional delegation visits Denmark to discuss Greenland,AP News,https://apnews.com/article/greenland-denmark-trump-china-nato-arctic-law-5d92b9439ffa9027598af4be695e6415,apnews.com,200,news,no,,,no
2026-04-23,will-any-country-leave-nato-in-2025,Will any country leave NATO by...?,NATO launches Arctic Sentry to bolster HighâNorth security amid Greenland dispute,AP News,https://apnews.com/article/nato-arctic-sentry-greenland-trump-exercises-defense-35855929d7709c60e1192bb6778df712,apnews.com,200,news,no,,,no
2026-04-24,brazil-presidential-election,Brazil Presidential Election,Brazilâs Supreme Court moves Bolsonaro to larger cell with outdoor area,AP News,https://apnews.com/article/brazil-bolsonaro-prison-68d63217f7f7e7cc6da5d48a47bd0593,apnews.com,200,news,no,,,no
2026-04-24,brazil-presidential-election,Brazil Presidential Election,Lulaâs poll share hits low of 35â¯% amid economic slowdown,AP News,https://apnews.com/article/brazil-economy-slowdown-2026-04-24,apnews.com,404,dead link,yes,archived,real_dead_link,no
2026-04-24,will-the-us-confirm-that-aliens-exist-before-2027,Will the US confirm that aliens exist by...?,U.S. Senate committee holds hearing on UFO disclosure policy,AP News,https://apnews.com/article/ufos-extraterrestrials-aliens-pentagon-congress-5638be273b753253713a478546849e46,apnews.com,200,news,no,,,no
2026-04-24,which-party-will-win-the-house-in-2026,Which party will win the House in 2026?,Trump administration urges Texas to redraw Republican-friendly congressional map,AP News,https://apnews.com/article/trump-congress-house-republicans-texas-redistricting-d18e8280a32872d9eefcbb26f66a0331,apnews.com,200,news,no,,,no
2026-04-24,nobel-peace-prize-winner-2026-139,Nobel Peace Prize Winner 2026,Venezuelan opposition leader MarÃ­a Corina Machado presents Nobel Peace Prize medal to Donald Trump,AP News,https://apnews.com/article/trump-machado-venezuela-maduro-nobel-peace-prize-ed23992bccabf128b7e849259d3c29a8,apnews.com,200,news,no,,,no
2026-04-24,netanyahu-out-before-2027,Netanyahu out by...?,Netanyahu urges calm after bus kills ultraâOrthodox teen during draft protest,AP News,https://apnews.com/article/ultra-orthodox-israel-netanyahu-draft-law-protest-5e91c26f2c033b41305a3ff8db6aff95,apnews.com,200,news,no,,,no
2026-04-24,california-governor-election-2026,California Governor Election Winner,Becerraâs price slips after controversy over former chief of staffâs indictment,AP News,https://apnews.com/article/california-governor-2026-xavier-becerra-newsom-harris-00f7ad96bd6e0f443da5f8e8727e0d52,apnews.com,200,news,no,,,no
2026-04-24,miguel-daz-canel-out-as-leader-of-cuba-by-june-30,Miguel Díaz-Canel out as leader of Cuba by...?,"Cuba releases 2,010 prisoners amid U.S. pressure",AP News,https://apnews.com/article/cuba-pardons-holy-week-oil-blackouts-203c1b81aed59e81d252b29d27ad6654,apnews.com,200,news,no,,,no
2026-04-24,us-x-iran-permanent-peace-deal-by,US x Iran permanent peace deal by...?,Trump extends ceasefire with Iran indefinitely amid ongoing talks,AP News,https://apnews.com/article/iran-us-israel-war-ceasefire-lebanon-gaza-9cad20d6a7c17855cc40c9e7d934fdcb,apnews.com,200,news,no,,,no
2026-04-24,brazil-presidential-election,Brazil Presidential Election,Lula’s poll share hits low of 35 % amid economic slowdown,AP News,https://apnews.com/article/brazil-economy-slowdown-2026-04-24,apnews.com,404,dead link,yes,archived,real_dead_link,no
2026-04-24,brazil-presidential-election,Brazil Presidential Election,Brazil’s Supreme Court moves Bolsonaro to larger cell with outdoor area,AP News,https://apnews.com/article/brazil-bolsonaro-prison-68d63217f7f7e7cc6da5d48a47bd0593,apnews.com,200,news,no,,,no
2026-04-24,starmer-out-in-2025,Starmer out by...?,UK and Norway agree joint naval patrols amid rising Russian threats,AP News,https://apnews.com/article/uk-norway-navy-patrols-russia-undersea-cables-311aa197fb1697bab45b37286ae9fa2c,apnews.com,200,news,no,,,no
2026-04-24,starmer-out-in-2025,Starmer out by...?,UK and Norway agree joint naval patrols amid rising Russian threats,AP News,https://apnews.com/article/uk-norway-navy-patrols-russia-undersea-cables-311aa197fb1697bab45b37286ae9fa2c,apnews.com,200,news,no,,,no
2026-04-24,trump-announces-us-blockade-of-hormuz-lifted-by,Trump announces US blockade of Hormuz lifted by...?,Trump cancels envoys' trip to Pakistan for Iran talks amid blockade tensions,AP News,https://apnews.com/article/us-iran-war-hormuz-israel-pakistan-ceasefire-april-25-2026-7e52d208e7b517c615fc178280ca57d0,apnews.com,200,news,no,,,no
2026-04-24,trump-announces-us-blockade-of-hormuz-lifted-by,Trump announces US blockade of Hormuz lifted by...?,Trump rejects Iran’s latest proposal to end war and maintains blockade,AP News,https://apnews.com/article/iran-us-war-ceasefire-negotiations-strait-b48635e586e2907caae65b58bd03f5b7,apnews.com,200,news,no,,,no
2026-04-24,trump-announces-us-blockade-of-hormuz-lifted-by,Trump announces US blockade of Hormuz lifted by...?,Trump unveils “Project Freedom” to guide ships through Hormuz,AP News,https://apnews.com/article/iran-war-shipping-trump-03af894eaddb8ede53928babc76f80e2,apnews.com,200,news,no,,,no
2026-04-24,trump-announces-us-blockade-of-hormuz-lifted-by,Trump announces US blockade of Hormuz lifted by...?,President Trump rejects Iran’s latest proposal to end the war,AP News,https://apnews.com/article/iran-us-war-ceasefire-negotiations-strait-b48635e586e2907caae65b58bd03f5b7,apnews.com,200,news,no,,,no
2026-04-24,us-x-iran-permanent-peace-deal-by,US x Iran permanent peace deal by...?,"Trump rejects Iran’s latest peace proposal, citing fractured leadership",AP News,https://apnews.com/article/iran-us-war-ceasefire-negotiations-strait-b48635e586e2907caae65b58bd03f5b7,apnews.com,200,news,no,,,no
2026-04-24,us-x-iran-permanent-peace-deal-by,US x Iran permanent peace deal by...?,Iranian threats and US blockade strain ceasefire in Strait of Hormuz,AP News,https://apnews.com/article/iran-us-israel-war-may-8-2026-6490db55a65880a61a6233eff7acc68b,apnews.com,200,news,no,,,no
2026-04-24,us-x-iran-permanent-peace-deal-by,US x Iran permanent peace deal by...?,Pakistani delegation meets Iranian officials to ease tensions and arrange talks,AP News,https://apnews.com/article/us-iran-war-lebanon-israel-talks-hormuz-15-april-2026-f1b02d16f81d6fdcf68c0ed16d7a719d,apnews.com,200,news,no,,,no
2026-04-24,us-x-iran-permanent-peace-deal-by,US x Iran permanent peace deal by...?,US fires on and disables two Iranian tankers in Strait of Hormuz,AP News,https://apnews.com/article/iran-us-israel-war-may-8-2026-6490db55a65880a61a6233eff7acc68b,apnews.com,200,news,no,,,no
2026-04-24,will-any-country-leave-nato-in-2025,Will any country leave NATO by...?,European leaders issue joint statement rejecting U.S. Greenland threats,AP News,https://apnews.com/article/greenland-denmark-trump-davos-housing-greenland-gaza-a2f3f4c18ba321c8025a3e208fc0ddf6,apnews.com,200,news,no,,,no
2026-04-24,how-many-different-countries-will-israel-strike-in-2026,How many different countries will Israel strike in 2026?,Israel warns Lebanese civilians to flee ahead of strikes in southern Lebanon,AP News,https://apnews.com/live/iran-war-israel-trump-04-26-2026,apnews.com,200,news,no,,,no
2026-04-25,presidential-election-winner-2028,Presidential Election Winner 2028,JD Vance leads US delegation at 2026 Winter Olympics opening ceremony in Italy,AP News,https://apnews.com/article/us-delegation-winter-olympics-vance-rubio-italy-4cda5924bd4bec7732c065e2a170cbaf,apnews.com,200,news,no,,,no
2026-04-25,presidential-election-winner-2028,Presidential Election Winner 2028,U.S. Vice President JD Vance and Secretary of State Marco Rubio to lead delegation at Winter Olympics opening ceremony,AP News,https://apnews.com/article/us-delegation-winter-olympics-vance-rubio-italy-4cda5924bd4bec7732c065e2a170cbaf,apnews.com,200,news,no,,,no
2026-04-25,brazil-presidential-election,Brazil Presidential Election,Supreme Court moves Bolsonaro to larger cell with outdoor area,AP News,https://apnews.com/article/brazil-bolsonaro-prison-68d63217f7f7e7cc6da5d48a47bd0593,apnews.com,200,news,no,,,no
2026-04-25,which-party-will-win-the-house-in-2026,Which party will win the House in 2026?,Tennessee enacts new U.S. House map carving up majority-Black district,AP News,https://apnews.com/article/redistricting-congress-voting-rights-trump-33d3a24a63aeb1a0b3702d362e1325c9,apnews.com,200,news,no,,,no
2026-04-25,nobel-peace-prize-winner-2026-139,Nobel Peace Prize Winner 2026,Shooting incident at White House Correspondentsâ Dinner leads to Trump evacuation,AP News,https://apnews.com/photo-gallery/trump-white-house-correspondents-evacuated-photo-gallery-687f1bef35d3d1c10b4fff9a3b2bf6a0,apnews.com,200,news,no,,,no
2026-04-25,nobel-peace-prize-winner-2026-139,Nobel Peace Prize Winner 2026,"Machado draws large crowd in Madrid, rebuffs meeting with Spainâs PM",AP News,https://apnews.com/article/venezuela-spain-trump-maduro-machado-nobel-sanchez-4819d547e7f3ff9a86228d0e457e92be,apnews.com,200,news,no,,,no
2026-04-25,balance-of-power-2026-midterms,Balance of Power: 2026 Midterms,Legal battle escalates over Georgia voting records amid midterm concerns,AP News,https://apnews.com/article/fbi-georgia-elections-fulton-county-2020-ballots-532b6daf318c79c471cd7f145c9f2215,apnews.com,200,news,no,,,no
2026-04-25,balance-of-power-2026-midterms,Balance of Power: 2026 Midterms,Senate Democratic leader Schumerâs candidate slate faces primary challenges,AP News,https://apnews.com/article/democrats-establishment-schumer-maine-senate-mills-platner-62055159f7492a035a4b496f3f574e07,apnews.com,200,news,no,,,no
2026-04-25,netanyahu-out-before-2027,Netanyahu out by...?,Netanyahu meets Trump in Washington to discuss Iran talks,AP News,https://apnews.com/article/iran-israel-netanyahu-trump-washington-aad9f0290212fad4e9f81576f99becf2,apnews.com,200,news,no,,,no
2026-04-25,netanyahu-out-before-2027,Netanyahu out by...?,Netanyahu urges calm after teen killed in ultraâOrthodox protest,AP News,https://apnews.com/article/ultra-orthodox-israel-netanyahu-draft-law-protest-5e91c26f2c033b41305a3ff8db6aff95,apnews.com,200,news,no,,,no
2026-04-25,california-governor-election-2026,California Governor Election Winner,Steve Hiltonâs campaign stalls after low fundraising report,AP News,https://apnews.com/article/steve-hilton-california-governor-newsom-11c0ec5b378e8b2792721c2ff7597499,apnews.com,200,news,no,,,no
2026-04-25,california-governor-election-2026,California Governor Election Winner,Republican Chad Bianco gains attention after lawâandâorder rally,AP News,https://apnews.com/article/california-governor-race-riverside-county-sheriff-9f251ca0f09a16344ae3902c7ffe009e,apnews.com,200,news,no,,,no
2026-04-25,miguel-daz-canel-out-as-leader-of-cuba-by-june-30,Miguel Díaz-Canel out as leader of Cuba by...?,"Cuban government rejects political system negotiations with U.S., affirms DÃ­az-Canel's leadership",AP News,https://apnews.com/article/cuba-eeuu-ayuda-humanitaria-caravana-convoy-cb11963a2bc960d09a1b6f33fa51ebff,apnews.com,200,news,no,,,no
2026-04-25,us-x-iran-permanent-peace-deal-by,US x Iran permanent peace deal by...?,Iran’s foreign minister leaves Pakistan amid stalled US-Iran talks,AP News,https://apnews.com/article/us-iran-war-hormuz-israel-pakistan-ceasefire-april-25-2026-7e52d208e7b517c615fc178280ca57d0,apnews.com,200,news,no,,,no
2026-04-25,brazil-presidential-election,Brazil Presidential Election,Supreme Court moves Bolsonaro to larger cell with outdoor area,AP News,https://apnews.com/article/brazil-bolsonaro-prison-68d63217f7f7e7cc6da5d48a47bd0593,apnews.com,200,news,no,,,no
2026-04-25,fed-decision-in-june-825,Fed Decision in June?,Fed Chair Powell attends Supreme Court arguments on Cook case,AP News,https://apnews.com/article/federal-reserve-jerome-powell-lisa-cook-supreme-court-7f135bd222013d4fe61eb8f03c663676,apnews.com,200,news,no,,,no
2026-04-25,ky-04-republican-primary-winner,KY-04 Republican Primary Winner,Gallrein announces campaign headquarters in Lexington,AP News,https://apnews.com/article/gallrein-lexington-headquarters,apnews.com,404,dead link,yes,archived,real_dead_link,no
2026-04-25,starmer-out-in-2025,Starmer out by...?,UK and Norway sign joint naval patrol agreement,AP News,https://apnews.com/article/uk-norway-navy-patrols-russia-undersea-cables-311aa197fb1697bab45b37286ae9fa2c,apnews.com,200,news,no,,,no
2026-04-25,trump-announces-us-blockade-of-hormuz-lifted-by,Trump announces US blockade of Hormuz lifted by...?,"Trump cancels envoy trip to Pakistan, halts diplomatic push",AP News,https://apnews.com/article/us-iran-war-hormuz-israel-pakistan-ceasefire-april-25-2026-7e52d208e7b517c615fc178280ca57d0,apnews.com,200,news,no,,,no
2026-04-25,trump-announces-us-blockade-of-hormuz-lifted-by,Trump announces US blockade of Hormuz lifted by...?,"Trump cancels envoy trip to Pakistan, says no travel needed",AP News,https://apnews.com/article/us-iran-war-hormuz-israel-pakistan-ceasefire-april-25-2026-7e52d208e7b517c615fc178280ca57d0,apnews.com,200,news,no,,,no
2026-04-25,trump-announces-us-blockade-of-hormuz-lifted-by,Trump announces US blockade of Hormuz lifted by...?,Trump cancels envoys’ trip to Pakistan for Iran talks amid blockade tensions,AP News,https://apnews.com/article/us-iran-war-hormuz-israel-pakistan-ceasefire-april-25-2026-7e52d208e7b517c615fc178280ca57d0,apnews.com,200,news,no,,,no
2026-04-25,trump-announces-us-blockade-of-hormuz-lifted-by,Trump announces US blockade of Hormuz lifted by...?,Trump says he told envoys not to go to Pakistan for Iran talks,AP News,https://apnews.com/article/us-iran-war-hormuz-israel-pakistan-ceasefire-april-25-2026-7e52d208e7b517c615fc178280ca57d0,apnews.com,200,news,no,,,no
2026-04-25,us-x-iran-diplomatic-meeting-by-329,US x Iran diplomatic meeting by...?,Trump cancels US envoys' trip to Pakistan for Iran talks as Iran's top diplomat leaves Islamabad,AP News,https://apnews.com/article/us-iran-war-hormuz-israel-pakistan-ceasefire-april-25-2026-7e52d208e7b517c615fc178280ca57d0,apnews.com,200,news,no,,,no
2026-04-25,us-x-iran-diplomatic-meeting-by-329,US x Iran diplomatic meeting by...?,Pakistani army chief meets Iran’s foreign minister in Tehran,AP News,https://apnews.com/article/us-iran-war-lebanon-israel-talks-hormuz-15-april-2026-f1b02d16f81d6fdcf68c0ed16d7a719d,apnews.com,200,news,no,,,no
2026-04-25,us-x-iran-diplomatic-meeting-by-329,US x Iran diplomatic meeting by...?,Trump cancels US envoys' trip to Pakistan for Iran talks,AP News,https://apnews.com/article/us-iran-war-hormuz-israel-pakistan-ceasefire-april-25-2026-7e52d208e7b517c615fc178280ca57d0,apnews.com,200,news,no,,,no
2026-04-25,us-x-iran-permanent-peace-deal-by,US x Iran permanent peace deal by...?,Diplomats work to arrange new US-Iran talks amid ongoing blockade and threats,AP News,https://apnews.com/article/us-iran-war-lebanon-israel-talks-hormuz-14-april-2026-24655d40b2d968c39949e5ec2e01535b,apnews.com,200,news,no,,,no
2026-04-25,us-x-iran-permanent-peace-deal-by,US x Iran permanent peace deal by...?,Trump cancels planned US delegation to Pakistan for Iran talks,AP News,https://apnews.com/article/us-iran-war-hormuz-25-april-2026-7e52d208e7b517c615fc178280ca57d0,apnews.com,200,news,no,,,no
2026-04-25,us-x-iran-permanent-peace-deal-by,US x Iran permanent peace deal by...?,Trump cancels US envoys' trip to Pakistan for Iran talks,AP News,https://apnews.com/article/us-iran-war-hormuz-israel-pakistan-ceasefire-april-25-2026-7e52d208e7b517c615fc178280ca57d0,apnews.com,200,news,no,,,no
2026-04-25,us-x-iran-permanent-peace-deal-by,US x Iran permanent peace deal by...?,Trump cancels US envoys' trip to Pakistan for Iran talks,AP News,https://apnews.com/article/us-iran-war-hormuz-israel-pakistan-ceasefire-april-25-2026-7e52d208e7b517c615fc178280ca57d0,apnews.com,200,news,no,,,no
2026-04-25,us-x-iran-permanent-peace-deal-by,US x Iran permanent peace deal by...?,Trump cancels US envoys’ trip to Pakistan for Iran talks,AP News,https://apnews.com/article/us-iran-war-hormuz-israel-pakistan-ceasefire-april-26-2026-9f7bcaf20c42b56d3dba4b504936f7ee,apnews.com,200,news,no,,,no
2026-04-25,us-x-iran-permanent-peace-deal-by,US x Iran permanent peace deal by...?,"Iranian foreign minister returns to Pakistan, Trump says talks can be by phone",AP News,https://apnews.com/article/us-iran-war-hormuz-israel-pakistan-ceasefire-april-26-2026-9f7bcaf20c42b56d3dba4b504936f7ee,apnews.com,200,news,no,,,no
2026-04-25,israeli-parliament-dissolved-by-october-31,Israeli parliament dissolved by...?,Trump cancels U.S. envoys' trip to Pakistan for Iran talks amid ongoing tensions,AP News,https://apnews.com/article/us-iran-war-hormuz-israel-pakistan-ceasefire-april-25-2026-7e52d208e7b517c615fc178280ca57d0,apnews.com,200,news,no,,,no
2026-04-25,what-will-fed-rate-hit-before-2027,What will Fed Rate hit before 2027?,Supreme Court hearing on Fed governor Lisa Cook case,AP News,https://apnews.com/article/supreme-court-federal-reserve-lisa-cook-5a48941a9e30017b0ed3e5837492d288,apnews.com,200,news,no,,,no
2026-04-26,who-will-be-the-next-prime-minister-of-israel-after-the-next-election,Who will be the next Prime Minister of Israel after the next election?,Iran-backed Hezbollah rejects Lebanon-Israel talks outcomes,AP News,https://apnews.com/article/hezbollah-lebanon-israel-wafiq-safa-a7af20b76ace9a34d8f641bca91e0b23,apnews.com,200,news,no,,,no
2026-04-26,us-x-iran-permanent-peace-deal-by,US x Iran permanent peace deal by...?,Iran’s foreign minister says Iran sent a “much better” proposal,AP News,https://apnews.com/article/us-iran-war-hormuz-israel-pakistan-ceasefire-april-26-2026-9f7bcaf20c42b56d3dba4b504936b7ee,apnews.com,404,dead link,yes,archived,real_dead_link,no
2026-04-26,fed-decision-in-june-825,Fed Decision in June?,Justice Department subpoenas Fed amid political pressure,AP News,https://apnews.com/article/federal-reserve-trump-powell-inflation-c1e2c5222795bda4a1d294f6406f66fc,apnews.com,200,news,no,,,no
2026-04-26,starmer-out-in-2025,Starmer out by...?,Starmer announces UK‑Norway joint naval patrols to protect undersea cables,AP News,https://apnews.com/article/uk-norway-navy-patrols-russia-undersea-cables-311aa197fb1697bab45b37286ae9fa2c,apnews.com,200,news,no,,,no
2026-04-26,trump-announces-us-blockade-of-hormuz-lifted-by,Trump announces US blockade of Hormuz lifted by...?,Iran’s foreign minister returns briefly to Pakistan amid stalled talks,AP News,https://apnews.com/article/us-iran-war-hormuz-israel-pakistan-ceasefire-april-26-2026-9f7bcaf20c42b56d3dba4b504936f7ee,apnews.com,200,news,no,,,no
2026-04-26,trump-announces-us-blockade-of-hormuz-lifted-by,Trump announces US blockade of Hormuz lifted by...?,Iran’s foreign minister returns briefly to Pakistan; Trump suggests phone talks,AP News,https://apnews.com/article/us-iran-war-hormuz-israel-pakistan-ceasefire-april-26-2026-9f7bcaf20c42b56d3dba4b504936f7ee,apnews.com,200,news,no,,,no
2026-04-26,us-x-iran-diplomatic-meeting-by-329,US x Iran diplomatic meeting by...?,Iran’s top diplomat returns to Pakistan after talks canceled,AP News,https://apnews.com/live/iran-war-israel-trump-04-26-2026,apnews.com,200,news,no,,,no
2026-04-26,us-x-iran-diplomatic-meeting-by-329,US x Iran diplomatic meeting by...?,Iranian foreign minister returns to Pakistan; Trump prefers phone talks,AP News,https://apnews.com/article/us-iran-war-hormuz-israel-pakistan-ceasefire-april-26-2026-9f7bcaf20c42b56d3dba4b504936f7ee,apnews.com,200,news,no,,,no
2026-04-26,us-x-iran-permanent-peace-deal-by,US x Iran permanent peace deal by...?,Iran’s foreign minister returns to Pakistan but US cancels envoy trip,AP News,https://apnews.com/article/us-iran-war-hormuz-israel-pakistan-ceasefire-april-26-2026-9f7bcaf20c42b56d3dba4b504936f7ee,apnews.com,200,news,no,,,no
2026-04-26,us-x-iran-permanent-peace-deal-by,US x Iran permanent peace deal by...?,Diplomats work through back‑channels to arrange a new US‑Iran round of talks,AP News,https://apnews.com/article/us-iran-war-lebanon-israel-talks-hormuz-14-april-2026-24655d40b2d968c39949e5ec2e01535b,apnews.com,200,news,no,,,no
2026-04-26,us-x-iran-permanent-peace-deal-by,US x Iran permanent peace deal by...?,"Trump cancels US envoys’ trip to Pakistan, suggests phone talks with Iran",AP News,https://apnews.com/article/us-iran-war-hormuz-israel-pakistan-ceasefire-april-26-2026-9f7bcaf20c42b56d3dba4b504936f7ee,apnews.com,200,news,no,,,no
2026-04-26,us-x-iran-permanent-peace-deal-by,US x Iran permanent peace deal by...?,Iran’s foreign minister returns briefly to Pakistan; Trump suggests phone talks,AP News,https://apnews.com/article/us-iran-war-hormuz-israel-pakistan-ceasefire-april-26-2026-9f7bcaf20c42b56d3dba4b504936f7ee,apnews.com,200,news,no,,,no
2026-04-26,us-x-iran-permanent-peace-deal-by,US x Iran permanent peace deal by...?,Trump says US envoys will not travel to Islamabad for Iran talks,AP News,https://apnews.com/article/us-iran-war-hormuz-israel-pakistan-ceasefire-april-25-2026-7e52d208e7b517c615fc178280ca57d0,apnews.com,200,news,no,,,no
2026-04-26,israeli-parliament-dissolved-by-october-31,Israeli parliament dissolved by...?,UNRWA sites demolished amid escalating tensions,AP News,https://apnews.com/article/israel-palestinians-gaza-east-jerusalem-unrwa-cc9c5b2cac2332f0207d485f381be53d,apnews.com,200,news,no,,,no
2026-04-27,will-russia-capture-kostyantynivka-by,Will Russia capture Kostyantynivka by...?,"Russia restricts FaceTime and Snapchat, citing terrorist use",AP News,https://apnews.com/article/russia-internet-crackdown-facetime-restrictions-06301be480510b18ae02039c6524cd80,apnews.com,200,news,no,,,no
2026-04-27,will-russia-capture-kostyantynivka-by,Will Russia capture Kostyantynivka by...?,"Russian regulator blocks FaceTime and Snapchat, citing security concerns",AP News,https://apnews.com/article/russia-internet-crackdown-facetime-restrictions-06301be480510b18ae02039c6524cd80,apnews.com,200,news,no,,,no
2026-04-27,netanyahu-out-before-2027,Netanyahu out by...?,Iran president claims full-scale war with West ahead of Netanyahu-Trump meeting,AP News,https://apnews.com/article/iran-president-war-west-trump-netanyahu-2ef7a55988b80813f6913c8c1835322b,apnews.com,200,news,no,,,no
2026-04-27,netanyahu-out-before-2027,Netanyahu out by...?,Netanyahu requests postponement of trial testimony citing security concerns,AP News,https://apnews.com/live/iran-war-israel-trump-04-19-2026,apnews.com,200,news,no,,,no
2026-04-27,what-will-happen-before-gta-vi,What will happen before GTA VI?,BTS announces 2026 world tour dates starting April 9,AP News,https://apnews.com/article/bts-world-tour-kpop-2026-2027-01db0e428723c0febc514373969333bd,apnews.com,200,news,no,,,no
2026-04-27,california-governor-election-2026,California Governor Election Winner,Xavier Becerra rebounds after debateâeligibility ruling,AP News,https://apnews.com/article/california-governor-debate-usc-candidates-bias-91539c81a8ecaf8612c0eacd04dc1312,apnews.com,200,news,no,,,no
2026-04-27,will-russia-capture-lyman-in-2025,Will Russia capture Lyman by...?,Ukrainian counterâattacks in Dnipropetrovsk and Zaporizhzhia,AP News,https://apnews.com/article/russia-ukraine-iran-war-putin-trump-zelenskyy-2b863bc22e97006846e7351e19401f9f,apnews.com,200,news,no,,,no
2026-04-27,us-x-iran-permanent-peace-deal-by,US x Iran permanent peace deal by...?,Trump says Iran has sent a “much better” proposal but he remains unsatisfied,AP News,https://apnews.com/article/trump-iran-proposal-2026-04-27,apnews.com,404,dead link,yes,archived,real_dead_link,no
2026-04-27,starmer-out-in-2025,Starmer out by...?,Starmer’s chief of staff resigns over Mandelson appointment scandal,AP News,https://apnews.com/article/jeffrey-epstein-britain-keir-starmer-mandelson-c1e5c7654cc9bd48126b9ba3ea6996ef,apnews.com,200,news,no,,,no
2026-04-27,trump-announces-us-blockade-of-hormuz-lifted-by,Trump announces US blockade of Hormuz lifted by...?,"Iran’s foreign minister returns to Pakistan, Trump urges phone talks",AP News,https://apnews.com/article/us-iran-war-hormuz-israel-pakistan-ceasefire-april-26-2026-9f7bcaf20c42b56d3dba4b504936f7ee,apnews.com,200,news,no,,,no
2026-04-27,us-x-iran-permanent-peace-deal-by,US x Iran permanent peace deal by...?,Trump says Iran has sent a “much better” proposal but he remains unsatisfied,AP News,https://apnews.com/article/trump-iran-proposal-2026-04-27,apnews.com,404,dead link,yes,archived,real_dead_link,no
2026-04-27,what-will-fed-rate-hit-before-2027,What will Fed Rate hit before 2027?,Fed minutes show split on possible rate hike later in year,AP News,https://apnews.com/article/fed-minutes-split-2026-04-27,apnews.com,404,dead link,yes,archived,real_dead_link,no
2026-04-27,how-many-different-countries-will-israel-strike-in-2026,How many different countries will Israel strike in 2026?,Israel conducts limited drone strikes on Iranianâbacked militia bases in Iraq,AP News,https://apnews.com/article/iran-us-israel-trump-04-19-2026,apnews.com,404,dead link,yes,archived,real_dead_link,no
2026-04-28,who-will-be-the-next-prime-minister-of-israel-after-the-next-election,Who will be the next Prime Minister of Israel after the next election?,US envoys urge Netanyahu to advance Gaza ceasefire second phase,AP News,https://apnews.com/article/israel-gaza-war-trump-news-01-24-2026-90e36ca7d2e27ca8a21d1727e9e0119f,apnews.com,200,news,no,,,no
2026-04-28,will-russia-capture-kostyantynivka-by,Will Russia capture Kostyantynivka by...?,Ukrainian forces report heavy drone strike on logistics hub,AP News,https://apnews.com/article/russia-ukraine-war-peace-talks-zelenskyy-abu-dhabi-cfc323e160c058891604be05ca8c56f9,apnews.com,200,news,no,,,no
2026-04-28,nobel-peace-prize-winner-2026-139,Nobel Peace Prize Winner 2026,International Court of Justice market price peaks,AP News,https://apnews.com/article/rohingya-myanmar-gambia-genocide-icj-court-889d610a194ac1030fac822ab52fb6e5,apnews.com,200,news,no,,,no
2026-04-28,netanyahu-out-before-2027,Netanyahu out by...?,"Netanyahu joins Trumpâled Gaza Board of Peace, sparking coalition friction",AP News,https://apnews.com/article/israel-palestinos-trump-netanyahu-guerra-gaza-junta-paz-c520d994686072a2014a03818551a58c,apnews.com,200,news,no,,,no
2026-04-28,netanyahu-out-before-2027,Netanyahu out by...?,Cabinet meeting on rising West Bank settler violence,AP News,https://apnews.com/article/mideast-wars-israel-palestine-west-bank-04a9ec4d55e1e0556428ca23c70efe91,apnews.com,200,news,no,,,no
2026-04-28,california-governor-election-2026,California Governor Election Winner,Xavier Becerraâs campaign gains momentum after highâprofile healthâcare endorsement,AP News,https://apnews.com/article/california-governor-2026-xavier-becerra-newsom-harris-00f7ad96bd6e0f443da5f8e8727e0d52,apnews.com,200,news,no,,,no
2026-04-28,miguel-daz-canel-out-as-leader-of-cuba-by-june-30,Miguel Díaz-Canel out as leader of Cuba by...?,"Cuban government releases 2,010 prisoners as humanitarian gesture",AP News,https://apnews.com/article/cuba-pardons-holy-week-oil-blackouts-203c1b81aed59e81d252b29d27ad6654,apnews.com,200,news,no,,,no
2026-04-28,texas-republican-senate-primary-winner,Texas Republican Senate Primary Winner,John Cornyn holds rally in Austin amid tight primary race,AP News,https://apnews.com/article/texas-senate-republicans-cornyn-paxton-hunt-01f1ffaf8a890e3017af407abe502e8f,apnews.com,200,news,no,,,no
2026-04-28,starmer-out-in-2025,Starmer out by...?,Starmer faces accusations of misleading Parliament over Mandelson vetting,AP News,https://apnews.com/article/uk-starmer-mandelson-ambassador-vetting-21f1f9290b2116d93a85d92546e1340f,apnews.com,200,news,no,,,no
2026-04-28,trump-announces-us-blockade-of-hormuz-lifted-by,Trump announces US blockade of Hormuz lifted by...?,Trump announces temporary pause to Hormuz blockade – ‘Project Freedom’,AP News,https://apnews.com/article/shipping-firms-whipsawed-2026-03af894eaddb8ede53928babc76f80e2,apnews.com,200,news,no,,,no
2026-04-28,us-x-iran-diplomatic-meeting-by-329,US x Iran diplomatic meeting by...?,Pakistan delegation meets Iranian officials in Tehran,AP News,https://apnews.com/article/us-iran-war-lebanon-israel-talks-hormuz-15-april-2026-f1b02d16f81d6fdcf68c0ed16d7a719d,apnews.com,200,news,no,,,no
2026-04-28,us-x-iran-diplomatic-meeting-by-329,US x Iran diplomatic meeting by...?,U.S. Central Command chief joins indirect Iran talks in Oman,AP News,https://apnews.com/article/military-diplomacy-trump-iran-ukraine-russia-09decddeb6264a4dd83cc3535553b2f2,apnews.com,200,news,no,,,no
2026-04-28,us-x-iran-diplomatic-meeting-by-329,US x Iran diplomatic meeting by...?,Trump rejects Iran’s latest peace proposal,AP News,https://apnews.com/article/iran-us-war-ceasefire-negotiations-strait-b48635e586e2907caae65b58bd03f5b7,apnews.com,200,news,no,,,no
2026-04-28,us-x-iran-diplomatic-meeting-by-329,US x Iran diplomatic meeting by...?,US announces naval blockade of Iranian ports,AP News,https://apnews.com/article/iran-us-talks-ceasefire-36cd009a0b238fcad4665a5a02cc895e,apnews.com,200,news,no,,,no
2026-04-28,texas-republican-senate-primary-winner,Texas Republican Senate Primary Winner,John Cornyn holds rally in Austin amid tight primary race,AP News,https://apnews.com/article/texas-senate-republicans-cornyn-paxton-hunt-01f1ffaf8a890e3017af407abe502e8f,apnews.com,200,news,no,,,no
2026-04-28,will-any-country-leave-nato-in-2025,Will any country leave NATO by...?,"NATO chief Rutte brokers âframeworkâ on Arctic security, easing Greenland tension",AP News,https://apnews.com/article/trump-rutte-text-message-nato-signal-6263810ac3ca77a5bf7366499f51c772,apnews.com,200,news,no,,,no
2026-04-28,what-will-fed-rate-hit-before-2027,What will Fed Rate hit before 2027?,"US inflation gauge rises to 2.8% in November, keeping pressure on the Fed",AP News,https://apnews.com/article/inflation-economy-consumers-ac538fd750b4622ee7fa439ef8021783,apnews.com,200,news,no,,,no
2026-04-29,democratic-presidential-nominee-2028,Democratic Presidential Nominee 2028,Tom Steyerâs massive ad spend fails to boost his poll numbers,AP News,https://apnews.com/article/california-governor-democrats-tom-steyer-6e55c315e687a8cae88012a404753b07,apnews.com,200,news,no,,,no
2026-04-29,republican-presidential-nominee-2028,Republican Presidential Nominee 2028,Florida Legislature approves new congressional map favoring GOP,AP News,https://apnews.com/article/florida-us-house-redistricting-41b9143465d07a388662ee081cac4a18,apnews.com,200,news,no,,,no
2026-04-29,who-will-be-the-next-prime-minister-of-israel-after-the-next-election,Who will be the next Prime Minister of Israel after the next election?,Israel objects to US announcement of Gaza peace oversight committee,AP News,https://apnews.com/article/israel-white-housoe-gaza-next-steps-17579d16219d79982e48556d85a47e81,apnews.com,200,news,no,,,no
2026-04-29,who-will-be-the-next-prime-minister-of-israel-after-the-next-election,Who will be the next Prime Minister of Israel after the next election?,Naftali Bennettâs poll rebound after coalition talks with centrist parties,AP News,https://apnews.com/article/israel-sara-netanyahu-photos-217896b96d01bf5cfcd7aa606b5fa78e,apnews.com,200,news,no,,,no
2026-04-29,next-french-presidential-election,Next French Presidential Election,Paris appeals court sets July 7 verdict date for Marine Le Pen's appeal trial,AP News,https://apnews.com/article/marine-le-pen-trial-presidential-election-france-7648655db3ec0db4cd8f70024382a3ff,apnews.com,200,news,no,,,no
2026-04-29,will-russia-capture-kostyantynivka-by,Will Russia capture Kostyantynivka by...?,Russian military announces plans for accelerated offensive in Donetsk,AP News,https://apnews.com/article/russia-ukraine-war-putin-zelenskyy-trump-4bdd3a5c442838174c6179305d9396c9,apnews.com,200,news,no,,,no
2026-04-29,republican-nominee-for-florida-governor,Florida Governor Republican Primary Winner,Jay Collinsâ market price slides to 5% after missing debate invitation,AP News,https://apnews.com/article/florida-gop-debate-invites,apnews.com,404,dead link,yes,archived,real_dead_link,no
2026-04-29,netanyahu-out-before-2027,Netanyahu out by...?,Netanyahu approves $35 billion natural gas export deal to Egypt,AP News,https://apnews.com/article/israel-gas-leviathan-chevron-egypt-9d7e816ae59b18f5d5cb78aadc3083e1,apnews.com,200,news,no,,,no
2026-04-29,netanyahu-out-before-2027,Netanyahu out by...?,Netanyahu urges calm after ultra-Orthodox teen killed during protest,AP News,https://apnews.com/article/ultra-orthodox-israel-netanyahu-draft-law-protest-5e91c26f2c033b41305a3ff8db6aff95,apnews.com,200,news,no,,,no
2026-04-29,california-governor-election-2026,California Governor Election Winner,Xavier Becerra's campaign gains momentum in California governor race,AP News,https://apnews.com/article/who-running-california-governor-candidates-primary-election-5f78b04bfaecf2f15aee9298b06e5849,apnews.com,200,news,no,,,no
2026-04-29,us-x-iran-permanent-peace-deal-by,US x Iran permanent peace deal by...?,Iran and US agree to hold nuclear talks in Oman,AP News,https://apnews.com/article/iran-protests-crackdown-2556ffcb5731de2753ffa044a6e2175b,apnews.com,200,news,no,,,no
2026-04-29,texas-republican-senate-primary-winner,Texas Republican Senate Primary Winner,Cornyn's campaign struggles amid shifting GOP primary dynamics,AP News,https://apnews.com/article/texas-senate-republicans-cornyn-paxton-hunt-01f1ffaf8a890e3017af407abe502e8f,apnews.com,200,news,no,,,no
2026-04-29,us-x-iran-diplomatic-meeting-by-329,US x Iran diplomatic meeting by...?,Iran’s foreign minister returns to Pakistan for second round of talks,AP News,https://apnews.com/article/us-iran-war-hormuz-israel-pakistan-ceasefire-april-26-2026-9f7bcaf20c42b56d3dba4b504936f7ee,apnews.com,200,news,no,,,no
2026-04-29,us-x-iran-diplomatic-meeting-by-329,US x Iran diplomatic meeting by...?,Iranian official says US ‘maximalist’ demands stall face-to-face talks,AP News,https://apnews.com/article/iran-deputy-foreign-minister-interview-40d8e43e3c7b5a23cda6783b064b9dbf,apnews.com,200,news,no,,,no
2026-04-29,what-iranian-demands-will-trump-agree-to-by-may-31,What Iranian demands will Trump agree to by May 31?,Iranian official says US 'maximalist' demands stall face-to-face talks,AP News,https://apnews.com/article/iran-deputy-foreign-minister-interview-40d8e43e3c7b5a23cda6783b064b9dbf,apnews.com,200,news,no,,,no
2026-04-29,what-iranian-demands-will-trump-agree-to-by-may-31,What Iranian demands will Trump agree to by May 31?,Iran’s Revolutionary Guard closes the Strait of Hormuz and fires on passing ships,AP News,https://apnews.com/article/us-iran-war-israel-hormuz-18-april-2026-ab475cb979825b956a10d60103026b37,apnews.com,200,news,no,,,no
2026-04-29,us-x-iran-permanent-peace-deal-by,US x Iran permanent peace deal by...?,Iran and US agree to hold nuclear talks in Oman,AP News,https://apnews.com/article/iran-protests-crackdown-2556ffcb5731de2753ffa044a6e2175b,apnews.com,200,news,no,,,no
2026-04-29,texas-republican-senate-primary-winner,Texas Republican Senate Primary Winner,Cornyn's campaign struggles amid shifting GOP primary dynamics,AP News,https://apnews.com/article/texas-senate-republicans-cornyn-paxton-hunt-01f1ffaf8a890e3017af407abe502e8f,apnews.com,200,news,no,,,no
2026-04-30,democratic-presidential-nominee-2028,Democratic Presidential Nominee 2028,Rahmâ¯Emanuelâs support erodes after policy disagreement with party leadership,AP News,https://apnews.com/article/rahm-emanuel-policy-dispute-2026,apnews.com,404,dead link,yes,archived,real_dead_link,no
2026-04-30,presidential-election-winner-2028,Presidential Election Winner 2028,JD Vance attends U.S. women's hockey games at Winter Olympics with family and Jake Paul,AP News,https://apnews.com/article/hockey-olympics-jd-vance-jake-paul-d12a4fe97f2d997ede41f641c2ef6728,apnews.com,200,news,no,,,no
2026-04-30,presidential-election-winner-2028,Presidential Election Winner 2028,Kamala Harris price increases,AP News,https://apnews.com/article/jesse-jackson-legacy-politics-race-ethnicity-7c88b376fbfc94697f2b57797edb24bf,apnews.com,200,news,no,,,no
2026-04-30,presidential-election-winner-2028,Presidential Election Winner 2028,U.S. delegation led by JD Vance and Marco Rubio to attend 2026 Winter Olympics opening ceremony,AP News,https://apnews.com/article/us-delegation-winter-olympics-vance-rubio-italy-4cda5924bd4bec7732c065e2a170cbaf,apnews.com,200,news,no,,,no
2026-04-30,republican-presidential-nominee-2028,Republican Presidential Nominee 2028,Turning Point USA reaffirms support for JD Vance amid Republican discord,AP News,https://apnews.com/article/turning-point-charlie-kirk-vance-republicans-2028-e28a332d7f55eb44346ef9d47e8906e4,apnews.com,200,news,no,,,no
2026-04-30,republican-presidential-nominee-2028,Republican Presidential Nominee 2028,Tucker Carlsonâs nomination odds slightly improve amid conservative media attention,AP News,https://apnews.com/hub/tucker-carlson,apnews.com,200,news,no,,,no
2026-04-30,will-the-us-confirm-that-aliens-exist-before-2027,Will the US confirm that aliens exist by...?,Pentagonâs antiâdrone laser use triggers FAA airspace shutdown over Elâ¯Paso,AP News,https://apnews.com/article/trump-pope-leo-xiv-02f6b4554ea4b83af02af15987ae1f2d,apnews.com,200,news,no,,,no
2026-04-30,which-party-will-win-the-house-in-2026,Which party will win the House in 2026?,House Democrats launch anti-corruption task force to counter Trump,AP News,https://apnews.com/article/democrats-corruption-trump-hungary-orban-1eeaee9ca4f9ea78ad2d238f379d5991,apnews.com,200,news,no,,,no
2026-04-30,netanyahu-out-before-2027,Netanyahu out by...?,Netanyahu approves $35â¯billion gas export deal to Egypt,AP News,https://apnews.com/article/israel-gas-leviathan-chevron-egypt-9d7e816ae59b18f5d5cb78aadc3083e1,apnews.com,200,news,no,,,no
2026-04-30,california-governor-election-2026,California Governor Election Winner,Steyerâs ad spend peaks with $20â¯million TV buy,AP News,https://apnews.com/article/california-governor-democrats-tom-steyer-1de30f4501b91c3bc9969c54aa13c19d,apnews.com,200,news,no,,,no
2026-04-30,will-russia-capture-lyman-in-2025,Will Russia capture Lyman by...?,Russian forces claim limited gains in Donetsk but Ukrainian officials dispute,AP News,https://apnews.com/article/russia-ukraine-war-zelenskyy-trump-zelenskyy-2b863bc22e97006846e7351e19401f9f,apnews.com,200,news,no,,,no
2026-04-30,us-x-iran-permanent-peace-deal-by,US x Iran permanent peace deal by...?,Iran announces reopening of the Strait of Hormuz,AP News,https://apnews.com/article/iran-us-war-what-know-beb5625f8537ceaf22c061cf073210aa,apnews.com,200,news,no,,,no
2026-04-30,texas-republican-senate-primary-winner,Texas Republican Senate Primary Winner,Cornyn’s campaign spends $30 million on TV ads targeting Paxton and Hunt,AP News,https://apnews.com/article/texas-senate-republicans-cornyn-paxton-hunt-01f1ffaf8a890e3017af407abe502e8f,apnews.com,200,news,no,,,no
2026-04-30,brazil-presidential-election,Brazil Presidential Election,Bolsonaro undergoes double hernia surgery in Brasília hospital,AP News,https://apnews.com/article/brazil-bolsonaro-hernia-surgery-prison-cf213deef6fdd4c15d903e47bae2c6ba,apnews.com,200,news,no,,,no
2026-04-30,fed-decision-in-june-825,Fed Decision in June?,Fed’s June meeting expected to hold rates steady as political pressure mounts,AP News,https://apnews.com/article/federal-reserve-trump-powell-federal-reserve-independence-5c2ec1a37dc4aca6a59544f8b4513a45,apnews.com,200,news,no,,,no
2026-04-30,ky-04-republican-primary-winner,KY-04 Republican Primary Winner,Trump intensifies opposition to Rep. Thomas Massie ahead of primary,AP News,https://apnews.com/article/trump-massie-congressional-campaign-b23bd6b1644263ebe9b36a232736d441,apnews.com,200,news,no,,,no
2026-04-30,starmer-out-in-2025,Starmer out by...?,Starmer leads UK delegation to China to forge strategic partnership,AP News,https://apnews.com/article/uk-keir-starmer-china-xi-jinping-ff7c71273f16a003cdf56ce8f6958308,apnews.com,200,news,no,,,no
2026-04-30,trump-announces-us-blockade-of-hormuz-lifted-by,Trump announces US blockade of Hormuz lifted by...?,UK hosts virtual meeting of 40+ countries to press Iran to reopen Strait of Hormuz,AP News,https://apnews.com/article/hormuz-strait-shipping-summit-uk-iran-ca2c6af551df98c81a39f2137e417856,apnews.com,200,news,no,,,no
2026-04-30,trump-announces-us-blockade-of-hormuz-lifted-by,Trump announces US blockade of Hormuz lifted by...?,Iran fully closes Strait of Hormuz and fires on ships amid US blockade,AP News,https://apnews.com/article/us-iran-war-israel-hormuz-18-april-2026-ab475cb979825b956a10d60103026b37,apnews.com,200,news,no,,,no
2026-04-30,us-x-iran-diplomatic-meeting-by-329,US x Iran diplomatic meeting by...?,US‑Iran cease‑fire talks end without agreement in Pakistan,AP News,https://apnews.com/article/iran-us-talks-ceasefire-36cd009a0b238fcad4665a5a02cc895e,apnews.com,200,news,no,,,no
2026-04-30,us-x-iran-diplomatic-meeting-by-329,US x Iran diplomatic meeting by...?,Iran fully closes Strait of Hormuz and fires on ships amid US blockade,AP News,https://apnews.com/article/us-iran-war-israel-hormuz-18-april-2026-ab475cb979825b956a10d60103026b37,apnews.com,200,news,no,,,no
2026-04-30,us-x-iran-diplomatic-meeting-by-329,US x Iran diplomatic meeting by...?,Iran announces reopening of Strait of Hormuz after 10‑day truce,AP News,https://apnews.com/article/iran-us-war-strait-hormuz-18-april-2026-ab475cb979825b956a10d60103026b37,apnews.com,200,news,no,,,no
2026-04-30,us-x-iran-diplomatic-meeting-by-329,US x Iran diplomatic meeting by...?,Iran fully closes Strait of Hormuz and fires on ships amid US blockade,AP News,https://apnews.com/article/us-iran-war-israel-hormuz-18-april-2026-ab475cb979825b956a10d60103026b37,apnews.com,200,news,no,,,no
2026-04-30,what-iranian-demands-will-trump-agree-to-by-may-31,What Iranian demands will Trump agree to by May 31?,Iranian official says U.S. maximalist demands stall face-to-face talks,AP News,https://apnews.com/article/iran-deputy-foreign-minister-interview-40d8e43e3c7b5a23cda6783b064b9dbf,apnews.com,200,news,no,,,no
2026-04-30,what-iranian-demands-will-trump-agree-to-by-may-31,What Iranian demands will Trump agree to by May 31?,President Trump announces a full naval blockade of Iranian ports,AP News,https://apnews.com/article/iran-us-talks-ceasefire-36cd009a0b238fcad4665a5a02cc895e,apnews.com,200,news,no,,,no
2026-04-30,what-iranian-demands-will-trump-agree-to-by-may-31,What Iranian demands will Trump agree to by May 31?,President Trump announces a full naval blockade of all Iranian ports,AP News,https://apnews.com/article/iran-us-war-strait-of-hormuz-blockade-trump-bf6a057faebfc11eb0c76510a4fc20b1,apnews.com,200,news,no,,,no
2026-04-30,us-x-iran-permanent-peace-deal-by,US x Iran permanent peace deal by...?,Iran announces reopening of the Strait of Hormuz,AP News,https://apnews.com/article/iran-us-war-what-know-beb5625f8537ceaf22c061cf073210aa,apnews.com,200,news,no,,,no
2026-04-30,us-x-iran-permanent-peace-deal-by,US x Iran permanent peace deal by...?,"Trump rejects Iran’s latest peace proposal, citing fractured leadership",AP News,https://apnews.com/article/iran-us-war-ceasefire-negotiations-strait-b48635e586e2907caae65b58bd03f5b7,apnews.com,200,news,no,,,no
2026-04-30,us-x-iran-permanent-peace-deal-by,US x Iran permanent peace deal by...?,Iran’s foreign minister returns to Pakistan amid stalled talks; Trump calls off envoy trip,AP News,https://apnews.com/article/us-iran-war-hormuz-israel-pakistan-ceasefire-april-26-2026-9f7bcaf20c42b56d3dba4b504936f7ee,apnews.com,200,news,no,,,no
2026-04-30,texas-republican-senate-primary-winner,Texas Republican Senate Primary Winner,Cornyn’s campaign spends $30 million on TV ads targeting Paxton and Hunt,AP News,https://apnews.com/article/texas-senate-republicans-cornyn-paxton-hunt-01f1ffaf8a890e3017af407abe502e8f,apnews.com,200,news,no,,,no
2026-04-30,how-many-different-countries-will-israel-strike-in-2026,How many different countries will Israel strike in 2026?,Israeli airstrikes kill 10 in southern Lebanon amid Hezbollah rocket fire,AP News,https://apnews.com/article/lebanon-israel-airstrikes-drones-tyre-hezbollah-ceasefire-329f63997fe92030af18c770eb212fc7,apnews.com,200,news,no,,,no
2026-05-01,democratic-presidential-nominee-2028,Democratic Presidential Nominee 2028,Rahm Emanuelâs endorsement of another candidate sidelines his own prospects,AP News,https://apnews.com/article/rahm-emanuel-endorsement-2026,apnews.com,404,dead link,yes,archived,real_dead_link,no
2026-05-01,democratic-presidential-nominee-2028,Democratic Presidential Nominee 2028,Josh Shapiro raises $30 million for Pennsylvania governor reelection,AP News,https://apnews.com/article/pennsylvania-governor-josh-shapiro-stacy-garrity-campaign-11df5de43ebfb2d796a3f7b34172c26c,apnews.com,200,news,no,,,no
2026-05-01,democratic-presidential-nominee-2028,Democratic Presidential Nominee 2028,Gavin Newsom praises Canadian PM Mark Carney's stance against Trump at Davos,AP News,https://apnews.com/article/carney-canada-davos-trump-eee151f749f35c8b30a9ff4a9525d0be,apnews.com,200,news,no,,,no
2026-05-01,presidential-election-winner-2028,Presidential Election Winner 2028,Ron DeSantisâ poll numbers dip after Florida tax controversy,AP News,https://apnews.com/article/ron-desantis-florida-tax-controversy-2026,apnews.com,404,dead link,yes,archived,real_dead_link,no
2026-05-01,who-will-be-the-next-prime-minister-of-israel-after-the-next-election,Who will be the next Prime Minister of Israel after the next election?,US envoys urge Netanyahu to advance Gaza ceasefire second phase,AP News,https://apnews.com/article/israel-gaza-war-trump-news-01-24-2026-90e36ca7d2e27ca8a21d1727e9e0119f,apnews.com,200,news,no,,,no
2026-05-01,brazil-presidential-election,Brazil Presidential Election,Finance Minister Fernando Haddad resigns to run for SÃ£o Paulo governor,AP News,https://apnews.com/article/brazil-economy-politics-finance-minister-war-fc397a97a74c8cf996152271bd77181c,apnews.com,200,news,no,,,no
2026-05-01,will-russia-capture-kostyantynivka-by,Will Russia capture Kostyantynivka by...?,"Russian general killed by car bomb in Moscow, escalating conflict tensions",AP News,https://apnews.com/article/russia-explosion-general-killed-sarvarov-73413ae5936609832f706ab26f864b3c,apnews.com,200,news,no,,,no
2026-05-01,will-the-us-confirm-that-aliens-exist-before-2027,Will the US confirm that aliens exist by...?,Trump announces 3-day Russia-Ukraine ceasefire and prisoner swap,AP News,https://apnews.com/live/trump-administration-updates-05-08-2026,apnews.com,200,news,no,,,no
2026-05-01,which-party-will-win-the-senate-in-2026,Which party will win the Senate in 2026?,Republican National Committee outpaces Democrats in fundraising ahead of midterms,AP News,https://apnews.com/article/elections-house-senate-congress-midterms-trump-387549d4d5e682cf8ce8205d96d07ca7,apnews.com,200,news,no,,,no
2026-05-01,balance-of-power-2026-midterms,Balance of Power: 2026 Midterms,Trump visits Iowa to highlight economic achievements ahead of midterms,AP News,https://apnews.com/article/donald-trump-iowa-affordability-e6dc4aee8ede8e8e906f81f35a10a25b,apnews.com,200,news,no,,,no
2026-05-01,balance-of-power-2026-midterms,Balance of Power: 2026 Midterms,Death of Rep. Doug LaMalfa reduces GOP House majority,AP News,https://apnews.com/article/rep-doug-lamalfa-dies-california-house-304d9772c6e2d11f03109e2dae1eeb9d,apnews.com,200,news,no,,,no
2026-05-01,netanyahu-out-before-2027,Netanyahu out by...?,Israel launches large-scale operation to locate last hostage in Gaza,AP News,https://apnews.com/article/gaza-israel-hamas-palestinians-hostage-gvili-d57a28eb5371785588d4b955f9dd2a46,apnews.com,200,news,no,,,no
2026-05-01,netanyahu-out-before-2027,Netanyahu out by...?,Netanyahu joins Trump-led Board of Peace overseeing Gaza ceasefire,AP News,https://abcnews.go.com/International/live-updates/israel-gaza-live-updates-idf-claims-killing-2/?id=128903869,abcnews.go.com,200,wrong outlet,yes,,wrong_domain,yes
2026-05-01,california-governor-election-2026,California Governor Election Winner,Kamala Harris endorses Xavier Becerra for governor,AP News,https://apnews.com/article/california-governor-2026-xavier-becerra-newsom-harris-00f7ad96bd6e0f443da5f8e8727e0d52,apnews.com,200,news,no,,,no
2026-05-01,california-governor-election-2026,California Governor Election Winner,Tom Steyer's ad spending boosts his standing in California governor race,AP News,https://apnews.com/article/california-governor-democrats-tom-steyer-billionaire-6e55c315e687a8cae88012a404753b07,apnews.com,200,news,no,,,no
2026-05-01,miguel-daz-canel-out-as-leader-of-cuba-by-june-30,Miguel Díaz-Canel out as leader of Cuba by...?,Cuban energy crisis deepens as U.S. oil blockade continues,AP News,https://apnews.com/article/cuba-economy-oil-crisis-us-6b2b44a4818616bbc542b7b63159a47b,apnews.com,200,news,no,,,no
2026-05-01,miguel-daz-canel-out-as-leader-of-cuba-by-june-30,Miguel Díaz-Canel out as leader of Cuba by...?,U.S. announces $6 million in humanitarian aid to Cuba amid deepening energy crisis,AP News,https://apnews.com/article/cuba-economy-oil-crisis-us-6b2b44a4818616bbc542b7b63159a47b,apnews.com,200,news,no,,,no
2026-05-01,will-russia-capture-lyman-in-2025,Will Russia capture Lyman by...?,Ukrainian forces recapture territory near Lyman,AP News,https://apnews.com/article/russia-ukraine-zelenskyy-drones-europe-nato-99c1e8edabe90ce907ca88ecd6becdda,apnews.com,200,news,no,,,no
2026-05-01,who-will-close-warner-bros-acquisition,Who will close Warner Bros. acquisition?,"Warner Bros. board reaffirms Netflix offer superior, urges shareholders to reject Paramount",AP News,https://apnews.com/article/warner-bros-paramount-skydance-netflix-d025a585f7a77cb9d8b066e65576101f,apnews.com,200,news,no,,,no
2026-05-01,us-x-iran-permanent-peace-deal-by,US x Iran permanent peace deal by...?,Asian markets rally on hopes of renewed US‑Iran negotiations,AP News,https://apnews.com/article/stock-markets-trump-oil-iran-ceasefire-fafebd0711ab3b2e191ae23d4fe33350,apnews.com,404,dead link,yes,archived,real_dead_link,no
2026-05-01,texas-republican-senate-primary-winner,Texas Republican Senate Primary Winner,"RNC fundraising outpaces Democrats, boosting GOP primary confidence",AP News,https://apnews.com/article/elections-house-senate-congress-midterms-387549d4d5e682cf8ce8205d96d07ca7,apnews.com,200,news,no,,,no
2026-05-01,colombia-presidential-election,Colombia Presidential Election,Vicky Dávila drops out after health issues,AP News,https://apnews.com/article/colombia-davila-withdrawal-2026,apnews.com,404,dead link,yes,archived,real_dead_link,no
2026-05-01,fed-decision-in-june-825,Fed Decision in June?,Justice Department ends criminal investigation of Fed Chair Powell due to lack of evidence,AP News,https://apnews.com/article/federal-reserve-investigation-powell-justice-department-28d04cc0d99cda25cea69931f65e25d3,apnews.com,200,news,no,,,no
2026-05-01,trump-announces-us-blockade-of-hormuz-lifted-by,Trump announces US blockade of Hormuz lifted by...?,U.S. forces fire on and disable two Iranian tankers in Hormuz,AP News,https://apnews.com/article/iran-us-israel-war-may-8-2026-6490db55a65880a61a6233eff7acc68b,apnews.com,200,news,no,,,no
2026-05-01,trump-announces-us-blockade-of-hormuz-lifted-by,Trump announces US blockade of Hormuz lifted by...?,U.S. Navy fires on two Iranian tankers in Hormuz,AP News,https://apnews.com/article/iran-us-war-israel-trump-lebanon-blockade-hormuz-04-13-2026,apnews.com,404,dead link,yes,archived,real_dead_link,no
2026-05-01,us-x-iran-diplomatic-meeting-by-329,US x Iran diplomatic meeting by...?,Pakistan‑mediated talks stall as Iran pulls back from Islamabad,AP News,https://apnews.com/article/us-iran-war-hormuz-israel-pakistan-ceasefire-april-26-2026-9f7bcaf20c42b56d3dba4b504936f7ee,apnews.com,200,news,no,,,no
2026-05-01,us-x-iran-diplomatic-meeting-by-329,US x Iran diplomatic meeting by...?,Trump rejects Iran’s latest proposal to end war,AP News,https://apnews.com/article/iran-us-war-ceasefire-negotiations-strait-b48635e586e2907caae65b58bd03f5b7,apnews.com,200,news,no,,,no
2026-05-01,us-x-iran-diplomatic-meeting-by-329,US x Iran diplomatic meeting by...?,U.S. forces fire on and disable two Iranian tankers in the Strait of Hormuz,AP News,https://apnews.com/article/iran-us-israel-war-may-8-2026-6490db55a65880a61a6233eff7acc68b,apnews.com,200,news,no,,,no
2026-05-01,what-iranian-demands-will-trump-agree-to-by-may-31,What Iranian demands will Trump agree to by May 31?,U.S. imposes full naval blockade of Iranian ports,AP News,https://apnews.com/article/iran-us-talks-ceasefire-36cd009a0b238fcad4665a5a02cc895e,apnews.com,200,news,no,,,no
2026-05-01,us-x-iran-permanent-peace-deal-by,US x Iran permanent peace deal by...?,U.S. extends the naval blockade of Iranian ports for another week,AP News,https://apnews.com/article/us-iran-blockade-2026-05-01,apnews.com,404,dead link,yes,archived,real_dead_link,no
2026-05-01,us-x-iran-permanent-peace-deal-by,US x Iran permanent peace deal by...?,Asian markets rally on hopes of renewed US‑Iran negotiations,AP News,https://apnews.com/article/stock-markets-trump-oil-iran-ceasefire-fafebd0711ab3b2e191ae23d4fe33350,apnews.com,404,dead link,yes,archived,real_dead_link,no
2026-05-01,us-x-iran-permanent-peace-deal-by,US x Iran permanent peace deal by...?,"Trump rejects Iran’s latest peace proposal, citing fractured leadership",AP News,https://apnews.com/article/iran-us-war-ceasefire-negotiations-strait-b48635e586e2907caae65b58bd03f5b7,apnews.com,200,news,no,,,no
2026-05-01,texas-republican-senate-primary-winner,Texas Republican Senate Primary Winner,Ken Paxton announces legal settlement with Texas Children’s Hospital over gender care,AP News,https://apnews.com/article/genderaffirming-care-minors-texas-hospital-29f0f2d157395cb6a70f53ba29c36b5b,apnews.com,200,news,no,,,no
2026-05-01,will-any-country-leave-nato-in-2025,Will any country leave NATO by...?,President Trump drops Greenland tariffs after diplomatic breakthrough,AP News,https://apnews.com/article/trump-davos-housing-greenland-gaza-a2f3f4c18ba321c8025a3e208fc0ddf6,apnews.com,200,news,no,,,no
2026-05-01,what-will-fed-rate-hit-before-2027,What will Fed Rate hit before 2027?,Fed expected to keep rates steady amid economic and political pressures,AP News,https://apnews.com/article/federal-reserve-trump-powell-inflation-c1e2c5222795bda4a1d294f6406f66fc,apnews.com,200,news,no,,,no
2026-05-02,republican-presidential-nominee-2028,Republican Presidential Nominee 2028,Vanceâs market price steadies at 39â¯% after a week of Olympic coverage,AP News,https://apnews.com/article/vance-winter-olympics-armenia-azerbaijan-c3bd416df3afa3e64a5c29d9c438e8e5,apnews.com,200,news,no,,,no
2026-05-02,miguel-daz-canel-out-as-leader-of-cuba-by-june-30,Miguel Díaz-Canel out as leader of Cuba by...?,"Former economy minister sentenced to life for espionage, signaling internal purges",AP News,https://apnews.com/article/cuba-espionage-former-minister-economy-fe29cc56da7f3b933a38a09f87c7e449,apnews.com,200,news,no,,,no
2026-05-02,us-x-iran-permanent-peace-deal-by,US x Iran permanent peace deal by...?,Trump reviews new Iranian proposal to end war but remains skeptical,AP News,https://apnews.com/article/iran-us-war-ceasefire-negotiations-strait-9317c11e51ba8dfa527b424f931fe04b,apnews.com,200,news,no,,,no
2026-05-02,texas-republican-senate-primary-winner,Texas Republican Senate Primary Winner,Cornyn’s price falls to 43% after poll shows Paxton leading primary field,AP News,https://apnews.com/article/texas-senate-republicans-cornyn-paxton-hunt-01f1ffaf8a890e3017af407abe502e8f,apnews.com,200,news,no,,,no
2026-05-02,trump-announces-us-blockade-of-hormuz-lifted-by,Trump announces US blockade of Hormuz lifted by...?,U.S. Central Command reports no ships passed blockade in first 24 hours,AP News,https://apnews.com/article/us-iran-war-us-military-blockade-hormuz-19-april-2026,apnews.com,404,dead link,yes,archived,real_dead_link,no
2026-05-02,us-x-iran-diplomatic-meeting-by-329,US x Iran diplomatic meeting by...?,U.S. warns shipping firms of sanctions for paying Iran to transit Hormuz,AP News,https://apnews.com/article/iran-us-war-ceasefire-negotiations-strait-9317c11e51ba8dfa527b424f931fe04b,apnews.com,200,news,no,,,no
2026-05-02,us-x-iran-diplomatic-meeting-by-329,US x Iran diplomatic meeting by...?,U.S. forces fire on and disable two Iranian tankers in Hormuz,AP News,https://apnews.com/article/iran-us-israel-war-may-8-2026-6490db55a65880a61a6233eff7acc68b,apnews.com,200,news,no,,,no
2026-05-02,what-iranian-demands-will-trump-agree-to-by-may-31,What Iranian demands will Trump agree to by May 31?,Trump threatens to obliterate Iran’s power plants if the Strait remains closed,AP News,https://apnews.com/article/iran-us-israel-trump-lebanon-march-21-2026-260bac76e5554ff31aaf5a3a30c92a2e,apnews.com,200,news,no,,,no
2026-05-02,us-x-iran-permanent-peace-deal-by,US x Iran permanent peace deal by...?,Asian markets rally on hopes of renewed US‑Iran talks,AP News,https://apnews.com/article/stock-markets-trump-oil-iran-war-fafebd0711ab3b2a191ae23d4fe33350,apnews.com,200,news,no,,,no
2026-05-02,us-x-iran-permanent-peace-deal-by,US x Iran permanent peace deal by...?,Trump reviews new Iranian proposal to end war but remains skeptical,AP News,https://apnews.com/article/iran-us-war-ceasefire-negotiations-strait-9317c11e51ba8dfa527b424f931fe04b,apnews.com,200,news,no,,,no
2026-05-02,us-x-iran-permanent-peace-deal-by,US x Iran permanent peace deal by...?,Asian markets rally on hopes of renewed US‑Iran talks,AP News,https://apnews.com/article/stock-markets-trump-oil-iran-6fc90a2e50b1252cde130fc3e0ce0da3,apnews.com,200,news,no,,,no
2026-05-02,texas-republican-senate-primary-winner,Texas Republican Senate Primary Winner,Cornyn’s price falls to 43% after poll shows Paxton leading primary field,AP News,https://apnews.com/article/texas-senate-republicans-cornyn-paxton-hunt-01f1ffaf8a890e3017af407abe502e8f,apnews.com,200,news,no,,,no
2026-05-03,republican-presidential-nominee-2028,Republican Presidential Nominee 2028,"Vance appears at Milan Winter Olympics opening, receives mixed reactions",AP News,https://apnews.com/article/ioc-olympics-vance-cortina-b4ce935647fa6e315b2c16098d6bafb1,apnews.com,200,news,no,,,no
2026-05-03,will-russia-capture-lyman-in-2025,Will Russia capture Lyman by...?,Trump and Zelenskyy meet to discuss Ukraine security and peace plan,AP News,https://apnews.com/article/zelenskyy-trump-peace-talks-refinery-donbas-demilitarized-9e37a9612d73cab7d3e74060aac46a36,apnews.com,200,news,no,,,no
2026-05-03,ky-04-republican-primary-winner,KY-04 Republican Primary Winner,Massie gains momentum in primary polling,AP News,https://apnews.com/article/trump-massie-congressional-campaign-b23bd6b1644263ebe9b36a232736d441,apnews.com,200,news,no,,,no
2026-05-03,starmer-out-in-2025,Starmer out by...?,Starmer’s chief of staff resigns over Mandelson‑Epstein scandal,AP News,https://apnews.com/article/jeffrey-epstein-britain-keir-starmer-mandelson-c1e5c7654cc9bd48126b9ba3ea6996ef,apnews.com,200,news,no,,,no
2026-05-03,trump-announces-us-blockade-of-hormuz-lifted-by,Trump announces US blockade of Hormuz lifted by...?,US forces fire on and disable two Iranian tankers in the Strait of Hormuz,AP News,https://apnews.com/article/iran-us-israel-war-may-8-2026-6490db55a65880a61a6233eff7acc68b,apnews.com,200,news,no,,,no
2026-05-03,trump-announces-us-blockade-of-hormuz-lifted-by,Trump announces US blockade of Hormuz lifted by...?,Trump announces “Project Freedom” to guide ships out of Hormuz,AP News,https://apnews.com/article/iran-us-war-ceasefire-negotiations-strait-454006a0a9bb19a45a2f299c0869cefb,apnews.com,200,news,no,,,no
2026-05-03,us-x-iran-diplomatic-meeting-by-329,US x Iran diplomatic meeting by...?,Trump rejects Iran’s latest cease‑fire proposal,AP News,https://apnews.com/article/iran-us-war-ceasefire-negotiations-strait-b48635e586e2907caae65b58bd03f5b7,apnews.com,200,news,no,,,no
2026-05-03,us-x-iran-diplomatic-meeting-by-329,US x Iran diplomatic meeting by...?,Iran’s foreign minister returns to Pakistan for second round of talks,AP News,https://apnews.com/article/us-iran-war-hormuz-israel-pakistan-ceasefire-april-26-2026-9f7bcaf20c42b56d3dba4b504936f7ee,apnews.com,200,news,no,,,no
2026-05-03,what-iranian-demands-will-trump-agree-to-by-may-31,What Iranian demands will Trump agree to by May 31?,"Iran rejects UN atomic agency resolution, threatens reprisals",AP News,https://apnews.com/article/iran-nuclear-iaea-resolution-un-reprisal-actions-ba9d12f8fb843aca51330a9ad4e94ffb,apnews.com,200,news,no,,,no
2026-05-04,will-russia-capture-kostyantynivka-by,Will Russia capture Kostyantynivka by...?,Zelenskyy warns Europe of stalled support as Russian pressure mounts,AP News,https://apnews.com/article/russia-ukraine-davos-peace-europe-2868a90778ddd304002b91f5d06fe454,apnews.com,200,news,no,,,no
2026-05-04,which-party-will-win-the-senate-in-2026,Which party will win the Senate in 2026?,Mary Peltola announces challenge to GOP Sen. Dan Sullivan in Alaska Senate race,AP News,https://apnews.com/article/alaska-senate-peltola-sullivan-3fd17afc556641652e83e9c11d700306,apnews.com,200,news,no,,,no
2026-05-04,california-governor-election-2026,California Governor Election Winner,Xavier Becerra's campaign surges ahead in final weeks before primary,AP News,https://apnews.com/hub/xavier-becerra,apnews.com,200,news,no,,,no
2026-05-04,california-governor-election-2026,California Governor Election Winner,Steyerâs price falls after poll shows Porter closing gap,AP News,https://apnews.com/article/california-governor-democrats-tom-steyer-1de30f4501b91c3bc9969c54aa13c19d,apnews.com,200,news,no,,,no
2026-05-04,miguel-daz-canel-out-as-leader-of-cuba-by-june-30,Miguel Díaz-Canel out as leader of Cuba by...?,U.S. imposes additional sanctions on DÃ­az-Canel and wife amid escalating pressure,AP News,https://apnews.com/hub/miguel-diaz-canel,apnews.com,200,news,no,,,no
2026-05-04,miguel-daz-canel-out-as-leader-of-cuba-by-june-30,Miguel Díaz-Canel out as leader of Cuba by...?,"Cuba denies talks with U.S. after Trump threat, insists on sovereignty",AP News,https://apnews.com/article/cuba-us-oil-trump-venezuela-02968f7204cd863cc1acbbcfab3e69db,apnews.com,200,news,no,,,no
2026-05-04,us-x-iran-permanent-peace-deal-by,US x Iran permanent peace deal by...?,Trump rejects Iran’s latest peace proposal,AP News,https://apnews.com/article/iran-us-war-ceasefire-negotiations-strait-b48635e586e2907caae65b58bd03f5b7,apnews.com,200,news,no,,,no
2026-05-04,trump-announces-us-blockade-of-hormuz-lifted-by,Trump announces US blockade of Hormuz lifted by...?,"Trump announces ‘Project Freedom’ to guide ships out of Hormuz, then pauses it",AP News,https://apnews.com/article/iran-us-war-shipping-trump-03af894eaddb8ede53928babc76f80e2,apnews.com,200,news,no,,,no
2026-05-04,what-iranian-demands-will-trump-agree-to-by-may-31,What Iranian demands will Trump agree to by May 31?,"Trump says Iran will not hand over enriched uranium, calling it a non‑starter",AP News,https://apnews.com/article/iran-deputy-foreign-minister-interview-40d8e43e3c7b5a23cda6783b064b9dbf,apnews.com,200,news,no,,,no
2026-05-04,us-x-iran-permanent-peace-deal-by,US x Iran permanent peace deal by...?,Trump hints at “shoot and kill” policy against small boats in Hormuz,AP News,https://apnews.com/article/trump-iran-war-hormuz-23-april-2026-368b922ae2f4c874df8a133491eeffe8,apnews.com,200,news,no,,,no
2026-05-04,us-x-iran-permanent-peace-deal-by,US x Iran permanent peace deal by...?,Trump rejects Iran’s latest peace proposal,AP News,https://apnews.com/article/iran-us-war-ceasefire-negotiations-strait-b48635e586e2907caae65b58bd03f5b7,apnews.com,200,news,no,,,no
2026-05-04,will-any-country-leave-nato-in-2025,Will any country leave NATO by...?,NATO Secretary-General and EU officials affirm alliance unity amid Greenland tensions,AP News,https://apnews.com/article/nato-europe-us-nuclear-trump-defense-security-c1575be708cbd813f1c7d97c87628ff6,apnews.com,200,news,no,,,no
2026-05-04,will-any-country-leave-nato-in-2025,Will any country leave NATO by...?,Denmarkâs prime minister reaffirms NATOâbacked sovereignty over Greenland,AP News,https://apnews.com/article/greenland-denmark-trump-davos-housing-greenland-gaza-a2f3f4c18ba321c8025a3e208fc0ddf6,apnews.com,200,news,no,,,no
2026-05-04,what-will-fed-rate-hit-before-2027,What will Fed Rate hit before 2027?,Fed releases quarterly economic projections showing modest inflation decline,AP News,https://apnews.com/article/federal-reserve-economy-inflation-jobs-442de589de9b99bb811f76e402b00948,apnews.com,200,news,no,,,no
2026-05-05,republican-presidential-nominee-2028,Republican Presidential Nominee 2028,Tucker Carlsonâs show drops from primetime to late night,AP News,https://apnews.com/article/turning-point-charlie-kirk-vance-republicans-2028-e28a332d7f55eb44346ef9d47e8906e4,apnews.com,200,news,no,,,no
2026-05-05,who-will-be-the-next-prime-minister-of-israel-after-the-next-election,Who will be the next Prime Minister of Israel after the next election?,Israeli strikes kill civilians in Gaza amid ceasefire tensions,AP News,https://apnews.com/article/israel-gaza-ceasefire-deaths-c5abec46b78dd3863e98c40140150dfb,apnews.com,200,news,no,,,no
2026-05-05,will-russia-capture-kostyantynivka-by,Will Russia capture Kostyantynivka by...?,U.S. gives Ukraine and Russia a June deadline for peace talks,AP News,https://apnews.com/article/russia-ukraine-war-zelenskyy-june-deadline-98da4e17de8ab377363ae9c3ff308001,apnews.com,200,news,no,,,no
2026-05-05,will-russia-capture-kostyantynivka-by,Will Russia capture Kostyantynivka by...?,"Russian general Fanil Sarvarov killed in Moscow car bomb, blamed on Ukraine",AP News,https://apnews.com/article/russia-explosion-general-killed-sarvarov-73413ae5936609832f706ab26f864b3c,apnews.com,200,news,no,,,no
2026-05-05,los-angeles-mayoral-election-117,Los Angeles Mayoral Election,Karen Bassâs support surges amid final campaign push before primary,AP News,https://apnews.com/article/los-angeles-mayoral-election-karen-bass-2026-ab3d5a5e4393f63007576788bbd6ec0e,apnews.com,200,news,no,,,no
2026-05-05,california-governor-election-2026,California Governor Election Winner,"California billionaireâtax proposal sparks debate, hurting progressive candidates",AP News,https://apnews.com/article/california-billionaire-tax-gavin-newsom-silicon-valley-483f5bc9b3ef5105fb9275f0d91000ad,apnews.com,200,news,no,,,no
2026-05-05,miguel-daz-canel-out-as-leader-of-cuba-by-june-30,Miguel Díaz-Canel out as leader of Cuba by...?,Deepening energy crisis as U.S. blockades oil supplies,AP News,https://apnews.com/article/cuba-us-oil-trump-venezuela-02968f7204cd863cc1acbbcfab3e69db,apnews.com,200,news,no,,,no
2026-05-05,miguel-daz-canel-out-as-leader-of-cuba-by-june-30,Miguel Díaz-Canel out as leader of Cuba by...?,US announces $6 million aid to Cuba amid deepening energy crisis,AP News,https://apnews.com/article/us-cuba-aid-melissa-trump-diaz-canel-636551892a2f59f43b657f1e71997b0b,apnews.com,200,news,no,,,no
2026-05-05,us-x-iran-permanent-peace-deal-by,US x Iran permanent peace deal by...?,Trump says Iran has sent a ‘much better’ proposal via Pakistan,AP News,https://apnews.com/article/us-iran-war-hormuz-israel-pakistan-ceasefire-april-23-2026-368b922ae2f4c874df8a133491eeffe8,apnews.com,200,news,no,,,no
2026-05-05,colombia-presidential-election,Colombia Presidential Election,Abelardo de la Espriella rebounds in final campaign stretch,AP News,https://apnews.com/article/colombia-election-may-2026,apnews.com,404,dead link,yes,archived,real_dead_link,no
2026-05-05,ky-04-republican-primary-winner,KY-04 Republican Primary Winner,Trump backs primary challenger against Thomas Massie,AP News,https://apnews.com/article/trump-massie-congressional-campaign-b23bd6b1644263ebe9b36a232736d441,apnews.com,200,news,no,,,no
2026-05-05,starmer-out-in-2025,Starmer out by...?,Local and regional elections deliver heavy losses for Labour,AP News,https://apnews.com/article/britain-elections-labour-starmer-reform-farage-f17a122a0cfcc3595ef01f142517b0b6,apnews.com,200,news,no,,,no
2026-05-05,trump-announces-us-blockade-of-hormuz-lifted-by,Trump announces US blockade of Hormuz lifted by...?,US forces fire on and disable two Iranian tankers in the strait,AP News,https://apnews.com/article/iran-us-war-strait-hormuz-fuel-price-economy-numbers-408faf6d6fb1c0aa104d059257204f52,apnews.com,200,news,no,,,no
2026-05-05,us-x-iran-diplomatic-meeting-by-329,US x Iran diplomatic meeting by...?,U.S. expands naval blockade of Iranian ports,AP News,https://apnews.com/article/trump-iran-war-conflict-blockade-2026-04-18,apnews.com,404,dead link,yes,archived,real_dead_link,no
2026-05-05,us-x-iran-diplomatic-meeting-by-329,US x Iran diplomatic meeting by...?,US‑Iran cease‑fire extension announced,AP News,https://apnews.com/article/iran-us-israel-trump-lebanon-2026-04-11,apnews.com,404,dead link,yes,archived,real_dead_link,no
2026-05-05,us-x-iran-diplomatic-meeting-by-329,US x Iran diplomatic meeting by...?,UK gathers 40+ countries to press Iran to reopen Hormuz,AP News,https://apnews.com/article/hormuz-strait-shipping-summit-uk-iran-ca2c6af551df98c81a39f2137e417856,apnews.com,200,news,no,,,no
2026-05-05,what-iranian-demands-will-trump-agree-to-by-may-31,What Iranian demands will Trump agree to by May 31?,Pakistan’s foreign minister pledges to bridge U.S.–Iran differences,AP News,https://apnews.com/article/us-iran-war-lebanon-april-7-2026-421ee64fdc9a5c26460df8119c7d0b3f,apnews.com,404,dead link,yes,archived,real_dead_link,no
2026-05-05,us-x-iran-permanent-peace-deal-by,US x Iran permanent peace deal by...?,Trump says Iran has sent a ‘much better’ proposal via Pakistan,AP News,https://apnews.com/article/us-iran-war-hormuz-israel-pakistan-ceasefire-april-23-2026-368b922ae2f4c874df8a133491eeffe8,apnews.com,200,news,no,,,no
2026-05-05,will-any-country-leave-nato-in-2025,Will any country leave NATO by...?,U.S. congressional delegation visits Denmark amid Trumpâs Greenland threats,AP News,https://apnews.com/article/greenland-denmark-trump-us-visit-1b783621cbbbc1218986151be9c6836c,apnews.com,200,news,no,,,no
2026-05-05,what-will-fed-rate-hit-before-2027,What will Fed Rate hit before 2027?,Market prices for Fed rate hitting 3.25% decline amid cautious Fed outlook,AP News,https://apnews.com/hub/federal-reserve-system,apnews.com,200,news,no,,,no
2026-05-05,what-will-fed-rate-hit-before-2027,What will Fed Rate hit before 2027?,Mortgage rates edge higher as Fed rateâcut expectations wane,AP News,https://apnews.com/article/mortgage-rates-housing-interest-financing-home-9d8fabf50c493891caeaf6b4d53458ee,apnews.com,200,news,no,,,no
2026-05-05,how-high-will-inflation-get-in-2026,How high will inflation get in 2026?,PepsiCo announces price cuts amid weakening demand due to inflation,AP News,https://apnews.com/article/pepsico-prices-inflation-snacks-earnings-19f759c4d7b72cde52626149e5904e86,apnews.com,200,news,no,,,no
2026-05-05,how-high-will-inflation-get-in-2026,How high will inflation get in 2026?,PepsiCo cuts prices on snacks to regain customers amid inflation pressures,AP News,https://apnews.com/article/pepsico-prices-inflation-snacks-earnings-19f759c4d7b72cde52626149e5904e86,apnews.com,200,news,no,,,no
2026-05-06,who-will-be-the-next-prime-minister-of-israel-after-the-next-election,Who will be the next Prime Minister of Israel after the next election?,Israeli security cabinet approves measures to strengthen West Bank control,AP News,https://apnews.com/article/west-bank-israel-settlement-palestinians-cabinet-328429d96099bc33275035b85244797a,apnews.com,200,news,no,,,no
2026-05-06,brazil-presidential-election,Brazil Presidential Election,Brazil Supreme Court orders Bolsonaro's transfer to larger prison cell with outdoor area,AP News,https://apnews.com/article/brazil-bolsonaro-prison-68d63217f7f7e7cc6da5d48a47bd0593,apnews.com,200,news,no,,,no
2026-05-06,will-russia-capture-kostyantynivka-by,Will Russia capture Kostyantynivka by...?,Ukrainian drone strike kills 12 mineworkers in Dnipro,AP News,https://apnews.com/article/russia-ukraine-war-peace-talks-zelenskyy-abu-dhabi-cfc323e160c058891604be05ca8c56f9,apnews.com,200,news,no,,,no
2026-05-06,which-party-will-win-the-house-in-2026,Which party will win the House in 2026?,Republican Matt Van Epps sworn in after Tennessee special election win,AP News,https://apnews.com/article/matt-van-epps-tennessee-special-election-house-92fe6d5f4e408d87cab4f731ccebb490,apnews.com,200,news,no,,,no
2026-05-06,which-party-will-win-the-senate-in-2026,Which party will win the Senate in 2026?,Democratic state Rep. Angie Nixon announces challenge to GOP Sen. Ashley Moody in Florida,AP News,https://apnews.com/article/florida-senate-moody-nixon-midterm-election-205977f662e883931aa411faa5ddbff2,apnews.com,200,news,no,,,no
2026-05-06,netanyahu-out-before-2027,Netanyahu out by...?,"Netanyahu meets Trump, insists on expanded US talks with Iran",AP News,https://apnews.com/article/israel-iran-trump-netanyahu-nuclear-talks-fa5be8069deb4b1b01cdf30d3e3525e7,apnews.com,200,news,no,,,no
2026-05-06,netanyahu-out-before-2027,Netanyahu out by...?,Netanyahu agrees to join Trumpâs expanded Board of Peace for Gaza ceasefire,AP News,https://apnews.com/article/mideast-wars-gaza-board-of-peace-trump-1-21-2026-2f0e063d03babbd3276f31289ba5f2a2,apnews.com,200,news,no,,,no
2026-05-06,miguel-daz-canel-out-as-leader-of-cuba-by-june-30,Miguel Díaz-Canel out as leader of Cuba by...?,"International humanitarian convoy arrives in Havana with food, medicine, and solar panels",AP News,https://apnews.com/article/cuba-convoy-international-aid-humanitarian-help-0bafbd3bd16bee8cb77d06efc0f329fb,apnews.com,200,news,no,,,no
2026-05-06,will-russia-capture-lyman-in-2025,Will Russia capture Lyman by...?,US-brokered peace talks resume amid ongoing front-line fighting,AP News,https://apnews.com/article/russia-ukraine-war-talks-drones-starlink-3ae862c4713a378b2d2ebb809b39120a,apnews.com,200,news,no,,,no
2026-05-06,who-will-close-warner-bros-acquisition,Who will close Warner Bros. acquisition?,Paramount's hostile bid remains active as shareholder tender deadline approaches,AP News,https://apnews.com/article/paramount-warner-bros-discovery-netflix-347540ae7a4f83fced833fe882f25680,apnews.com,200,news,no,,,no
2026-05-06,who-will-close-warner-bros-acquisition,Who will close Warner Bros. acquisition?,Netflix reports solid Q4 but stock falls amid subscriber growth concerns,AP News,https://apnews.com/article/netflix-earnings-warner-bros-discovery-video-streaming-5de6e00858841ab4d8d0e405ee07b75b,apnews.com,200,news,no,,,no
2026-05-06,us-x-iran-permanent-peace-deal-by,US x Iran permanent peace deal by...?,U.S. Navy seizes Iranian‑flagged cargo ship near Hormuz,AP News,https://apnews.com/article/us-iran-war-israel-hormuz-19-april-2026-0a637f98d588930f195f61cffe07d4f3,apnews.com,200,news,no,,,no
2026-05-06,brazil-presidential-election,Brazil Presidential Election,Brazil Supreme Court orders Bolsonaro's transfer to larger prison cell with outdoor area,AP News,https://apnews.com/article/brazil-bolsonaro-prison-68d63217f7f7e7cc6da5d48a47bd0593,apnews.com,200,news,no,,,no
2026-05-06,fed-decision-in-june-825,Fed Decision in June?,Fed signals likely to keep rates unchanged at June meeting amid mixed economic data,AP News,https://apnews.com/article/federal-reserve-trump-powell-inflation-c1e2c5222795bda4a1d294f6406f66fc,apnews.com,200,news,no,,,no
2026-05-06,ky-04-republican-primary-winner,KY-04 Republican Primary Winner,Massie’s market hits 78% after final pre‑primary rally,AP News,https://apnews.com/article/massie-lexington-rally,apnews.com,404,dead link,yes,archived,real_dead_link,no
2026-05-06,starmer-out-in-2025,Starmer out by...?,Starmer meets with Japanese leaders on cybersecurity and critical minerals,AP News,https://apnews.com/article/japan-britain-starmer-shanghai-china-afd270becada9e2dd22a140f274f1369,apnews.com,200,news,no,,,no
2026-05-06,trump-announces-us-blockade-of-hormuz-lifted-by,Trump announces US blockade of Hormuz lifted by...?,Trump announces he will lift US blockade of Strait of Hormuz on June 30,AP News,https://apnews.com/article/iran-us-war-hormuz-israel-pakistan-ceasefire-april-23-2026-368b922ae2f4c874df8a133491eeffe8,apnews.com,200,news,no,,,no
2026-05-06,trump-announces-us-blockade-of-hormuz-lifted-by,Trump announces US blockade of Hormuz lifted by...?,Trump administration says war in Iran has been 'terminated',AP News,https://apnews.com/article/trump-war-powers-pentagon-iran-422311a4443b987af87cd4ca35d54f48,apnews.com,200,news,no,,,no
2026-05-06,us-x-iran-diplomatic-meeting-by-329,US x Iran diplomatic meeting by...?,Qatar’s top diplomat meets US Vice President to discuss Mideast negotiations,AP News,https://apnews.com/live/trump-administration-updates-05-08-2026,apnews.com,200,news,no,,,no
2026-05-06,us-x-iran-diplomatic-meeting-by-329,US x Iran diplomatic meeting by...?,US fires on and disables two Iranian tankers amid Strait of Hormuz tensions,AP News,https://apnews.com/article/iran-us-israel-war-may-8-2026-6490db55a65880a61a6233eff7acc68b,apnews.com,200,news,no,,,no
2026-05-06,what-iranian-demands-will-trump-agree-to-by-may-31,What Iranian demands will Trump agree to by May 31?,Trump orders additional U.S. warships to the region,AP News,https://apnews.com/article/trump-iran-us-israel-trump-lebanon-march-21-2026-260bac76e5554ff31aaf5a3a30c92a2e,apnews.com,200,news,no,,,no
2026-05-06,what-iranian-demands-will-trump-agree-to-by-may-31,What Iranian demands will Trump agree to by May 31?,Pakistan mediators push for a new U.S.–Iran deal after talks in Islamabad,AP News,https://apnews.com/article/iran-us-israel-trump-bahamas-04-13-2026,apnews.com,404,dead link,yes,archived,real_dead_link,no
2026-05-06,what-iranian-demands-will-trump-agree-to-by-may-31,What Iranian demands will Trump agree to by May 31?,Iran closes Strait of Hormuz and fires on ships after US blockade,AP News,https://apnews.com/article/us-iran-war-israel-trump-lebanon-18-april-2026-ab475cb979825b956a10d60103026b37,apnews.com,200,news,no,,,no
2026-05-06,us-x-iran-permanent-peace-deal-by,US x Iran permanent peace deal by...?,U.S. Navy shoots down Iranian fast boats near the Strait,AP News,https://apnews.com/article/iran-war-us-drone-hormuz-05-may-2026-efc1,apnews.com,404,dead link,yes,archived,real_dead_link,no
2026-05-06,us-x-iran-permanent-peace-deal-by,US x Iran permanent peace deal by...?,U.S. Navy seizes Iranian‑flagged cargo ship near Hormuz,AP News,https://apnews.com/article/us-iran-war-israel-hormuz-19-april-2026-0a637f98d588930f195f61cffe07d4f3,apnews.com,200,news,no,,,no
2026-05-06,will-any-country-leave-nato-in-2025,Will any country leave NATO by...?,NATO launches 'Arctic Sentry' military effort,AP News,https://apnews.com/article/nato-arctic-sentry-greenland-trump-exercises-defense-35855929d7709c60e1192bb6778df712,apnews.com,200,news,no,,,no
2026-05-06,will-any-country-leave-nato-in-2025,Will any country leave NATO by...?,U.S. Defense Secretary Hegseth signals possible U.S. troop drawdown in Europe,AP News,https://apnews.com/article/nato-us-europeans-ukraine-security-russia-hegseth-d2cd05b5a7bc3d98acbf123179e6b391,apnews.com,200,news,no,,,no
2026-05-06,what-will-fed-rate-hit-before-2027,What will Fed Rate hit before 2027?,Mortgage rates hold near 2025 lows amid Fed rate stability,AP News,https://apnews.com/article/mortgage-interest-rates-housing-2eac9ad6dbc581760cb0b47e61e77766,apnews.com,200,news,no,,,no
2026-05-06,how-many-different-countries-will-israel-strike-in-2026,How many different countries will Israel strike in 2026?,U.S.âmediated ceasefire talks reduce Israelâs incentive for further foreign strikes,AP News,https://apnews.com/article/lebanon-israel-us-war-hezbollah-negotiations-28b207b800de1804d8c2ab5242237542,apnews.com,200,news,no,,,no
2026-05-07,who-will-be-the-next-prime-minister-of-israel-after-the-next-election,Who will be the next Prime Minister of Israel after the next election?,Netanyahuâs approval dips as US envoys push for Gaza ceasefire phase two,AP News,https://apnews.com/article/israel-gaza-war-trump-news-01-24-2026-90e36ca7d2e27ca8a21d1727e9e0119f,apnews.com,200,news,no,,,no
2026-05-07,will-the-us-confirm-that-aliens-exist-before-2027,Will the US confirm that aliens exist by...?,Pentagon announces rolling release of additional UFO documents,AP News,https://apnews.com/live/trump-administration-updates-05-08-2026,apnews.com,200,news,no,,,no
2026-05-07,nobel-peace-prize-winner-2026-139,Nobel Peace Prize Winner 2026,"Venezuelan opposition leader MarÃ­a Corina Machado meets Trump, presents Nobel medal",AP News,https://abcnews.go.com/US/trump-meet-venezuelan-opposition-leader-mara-corina-machado/story?id=129234741,abcnews.go.com,200,wrong outlet,yes,,wrong_domain,yes
2026-05-07,balance-of-power-2026-midterms,Balance of Power: 2026 Midterms,"Supreme Court weakens Voting Rights Act, enabling more redistricting",AP News,https://apnews.com/projects/elections-2026/,apnews.com,200,news,no,,,no
2026-05-07,balance-of-power-2026-midterms,Balance of Power: 2026 Midterms,Democrats renew concerns about Trump interfering in midterm elections,AP News,https://apnews.com/article/election-2026-trump-voting-doj-interference-22e2313f98e354fa31f277d3a1dc67d3,apnews.com,200,news,no,,,no
2026-05-07,where-will-zelenskyy-and-putin-meet-next,Where will Zelenskyy and Putin meet next before 2027?,Putin meets US envoys in Moscow to discuss peace proposals,AP News,https://apnews.com/article/russia-ukraine-war-putin-trump-peace-plan-7e48114f6908ce2657947cfdd633150e,apnews.com,200,news,no,,,no
2026-05-07,miguel-daz-canel-out-as-leader-of-cuba-by-june-30,Miguel Díaz-Canel out as leader of Cuba by...?,Cuban Deputy Foreign Minister denies any negotiation on political system or leadership,AP News,https://apnews.com/article/cuba-convoy-international-aid-humanitarian-help-0bafbd3bd16bee8cb77d06efc0f329fb,apnews.com,200,news,no,,,no
2026-05-07,will-russia-capture-lyman-in-2025,Will Russia capture Lyman by...?,Russian missile attack flattens Kyiv apartment building amid ongoing conflict,AP News,https://apnews.com/photo-gallery/photos-aftermath-russian-missile-attack-kyiv-apartment-building-ec2d54265a014e26885be65ced5b9d4f,apnews.com,200,news,no,,,no
2026-05-07,us-x-iran-permanent-peace-deal-by,US x Iran permanent peace deal by...?,Pakistan mediators report progress toward a new U.S.–Iran agreement,AP News,https://apnews.com/article/pakistan-us-iran-talks-15-april-2026-f1b02d16f81d6fdcf68c0ed16d7a719d,apnews.com,200,news,no,,,no
2026-05-07,brazil-presidential-election,Brazil Presidential Election,Brazil’s Supreme Court moves Bolsonaro to larger cell with outdoor area,AP News,https://apnews.com/article/brazil-bolsonaro-prison-68d63217f7f7e7cc6da5d48a47bd0593,apnews.com,200,news,no,,,no
2026-05-07,fed-decision-in-june-825,Fed Decision in June?,Markets shrug off DOJ probe as Fed independence debate continues,AP News,https://apnews.com/article/stocks-markets-powell-trump-rates-9eb79e89fec160c7c64dfcef6871e693,apnews.com,200,news,no,,,no
2026-05-07,ky-04-republican-primary-winner,KY-04 Republican Primary Winner,Sen. Charlane Oliver protests redistricting in Tennessee during special legislative session,AP News,https://apnews.com/photo-gallery/see-world-vertical-top-photos-ap-photojournalists-382704cebb6c443084e810d577e281d0,apnews.com,200,news,no,,,no
2026-05-07,ky-04-republican-primary-winner,KY-04 Republican Primary Winner,Thomas Massie wins Kentucky Republican primary nomination,AP News,https://apnews.com/article/kentucky-primary-results-massie-2026,apnews.com,404,dead link,yes,archived,real_dead_link,no
2026-05-07,starmer-out-in-2025,Starmer out by...?,"Local elections deliver losses for Labour, Reform UK gains",AP News,https://apnews.com/article/britain-elections-labour-starmer-reform-farage-f17a122a0cfcc3595ef01f142517b0b6,apnews.com,200,news,no,,,no
2026-05-07,starmer-out-in-2025,Starmer out by...?,Local elections deliver losses for Labour and wins for Reform UK,AP News,https://apnews.com/article/britain-elections-labour-starmer-reform-farage-f17a122a0cfcc3595ef01f142517b0b6,apnews.com,200,news,no,,,no
2026-05-07,starmer-out-in-2025,Starmer out by...?,"Labour blocks Andy Burnham's bid for Parliament, sparking internal party row",AP News,https://apnews.com/article/uk-labour-party-starmer-burnham-b63b1acaff7058eb2a22b730c0560390,apnews.com,200,news,no,,,no
2026-05-07,starmer-out-in-2025,Starmer out by...?,"Labour suffers heavy losses in local elections, Reform UK gains ground",AP News,https://apnews.com/article/britain-elections-labour-starmer-reform-farage-f17a122a0cfcc3595ef01f142517b0b6,apnews.com,200,news,no,,,no
2026-05-07,starmer-out-in-2025,Starmer out by...?,Starmer defends his position after election setbacks,AP News,https://apnews.com/article/britain-elections-starmer-labour-04241e4a566985eebe06715b9a63d94f,apnews.com,200,news,no,,,no
2026-05-07,starmer-out-in-2025,Starmer out by...?,"Labour suffers heavy losses in local and regional elections, Reform UK gains",AP News,https://apnews.com/article/britain-elections-labour-starmer-reform-farage-f17a122a0cfcc3595ef01f142517b0b6,apnews.com,200,news,no,,,no
2026-05-07,trump-announces-us-blockade-of-hormuz-lifted-by,Trump announces US blockade of Hormuz lifted by...?,Oil prices dip as analysts hope for renewed US‑Iran talks,AP News,https://apnews.com/article/stock-markets-trump-iran-ceasefire-fafebd0711ab3b2a191ae23d4fe33350,apnews.com,200,news,no,,,no
2026-05-07,trump-announces-us-blockade-of-hormuz-lifted-by,Trump announces US blockade of Hormuz lifted by...?,US military strikes Iranian military facilities after Iranian attacks on US Navy ships,AP News,https://apnews.com/article/iran-us-israel-trump-lebanon-april-12-2026-a8a0d22918fc3fb30bc3abf1cd5c5a13,apnews.com,200,news,no,,,no
2026-05-07,trump-announces-us-blockade-of-hormuz-lifted-by,Trump announces US blockade of Hormuz lifted by...?,U.S. Navy seizes Iranian‑flagged cargo ship near Hormuz,AP News,https://apnews.com/article/us-iran-war-israel-hormuz-19-april-2026-0a637f98d588930f195f61cffe07d4f3,apnews.com,200,news,no,,,no
2026-05-07,us-x-iran-diplomatic-meeting-by-329,US x Iran diplomatic meeting by...?,Iran fires on vessels attempting to transit the Strait of Hormuz,AP News,https://apnews.com/article/iran-us-war-israel-hormuz-18-april-2026-ab475cb979825b956a10d60103026b37,apnews.com,200,news,no,,,no
2026-05-07,us-x-iran-diplomatic-meeting-by-329,US x Iran diplomatic meeting by...?,US‑Iran indirect talks in Oman produce optimistic statements,AP News,https://apnews.com/article/military-diplomacy-trump-iran-ukraine-09decddeb6264a4dd83cc3535553b2f2,apnews.com,200,news,no,,,no
2026-05-07,what-iranian-demands-will-trump-agree-to-by-may-31,What Iranian demands will Trump agree to by May 31?,"Iran closes Strait of Hormuz again, fires on ships amid US blockade",AP News,https://apnews.com/article/us-iran-war-israel-hormuz-18-april-2026-ab475cb979825b956a10d60103026b37,apnews.com,200,news,no,,,no
2026-05-07,us-x-iran-permanent-peace-deal-by,US x Iran permanent peace deal by...?,Trump hosts Congo and Rwanda leaders for US-mediated peace deal,AP News,https://apnews.com/article/congo-rwanda-trump-peace-deal-conflict-us-033736c256c921f7e70a603a3ab1bf96,apnews.com,200,news,no,,,no
2026-05-07,us-x-iran-permanent-peace-deal-by,US x Iran permanent peace deal by...?,Pakistan mediators report progress toward a new U.S.–Iran agreement,AP News,https://apnews.com/article/pakistan-us-iran-talks-15-april-2026-f1b02d16f81d6fdcf68c0ed16d7a719d,apnews.com,200,news,no,,,no
2026-05-07,us-x-iran-permanent-peace-deal-by,US x Iran permanent peace deal by...?,Trump says Iran has offered a “much better” proposal,AP News,https://apnews.com/article/us-iran-war-hormuz-israel-pakistan-ceasefire-april-23-2026-368b922ae2f4c874df8a133491eecffe8,apnews.com,404,dead link,yes,archived,real_dead_link,no
2026-05-07,will-any-country-leave-nato-in-2025,Will any country leave NATO by...?,Trump praises UK troops after criticism over NATO comments,AP News,https://apnews.com/article/trump-nato-uk-afghanistan-starmer-ab45d8f9e1265c95cb41aac7f494407a,apnews.com,200,news,no,,,no
2026-05-08,presidential-election-winner-2028,Presidential Election Winner 2028,JD Vance sees price increase following high-profile March for Life speech,AP News,https://apnews.com/article/march-for-life-vance-abortion-beb7c04a39a54861836f64ae3ba90b56,apnews.com,200,news,no,,,no
2026-05-08,which-party-will-win-the-senate-in-2026,Which party will win the Senate in 2026?,Republicans move to fund Homeland Security without Democrats,AP News,https://apnews.com/article/homeland-security-shutdown-immigration-republicans-congress-30676a798d30267246d466b818b59d8c,apnews.com,200,news,no,,,no
2026-05-08,balance-of-power-2026-midterms,Balance of Power: 2026 Midterms,Republican fundraising surge reported as RNC cash on hand tops $100â¯million,AP News,https://apnews.com/article/elections-house-senate-congress-midterms-trump-387549d4d5e682cf8ce8205d96d07ca7,apnews.com,200,news,no,,,no
2026-05-08,california-governor-election-2026,California Governor Election Winner,Katie Porterâs price falls to 2% after poll shows her trailing significantly,AP News,https://apnews.com/article/california-governor-2026-katie-porter-kamala-harris-ad1fadd10a0f32ef36f75aa3f14c82d6,apnews.com,200,news,no,,,no
2026-05-08,california-governor-election-2026,California Governor Election Winner,Becerra surges to 48% after highâprofile endorsement,AP News,https://apnews.com/article/california-governor-2026-xavier-becerra-newsom-harris-00f7ad96bd6e0f443da5f8e8727e0d52,apnews.com,200,news,no,,,no
2026-05-08,will-russia-capture-lyman-in-2025,Will Russia capture Lyman by...?,Russian forces intensify artillery and drone strikes in eastern Ukraine,AP News,https://apnews.com/article/russia-ukraine-iran-war-putin-trump-zelenskyy-2b863bc22e97006846e7351e19401f9f,apnews.com,200,news,no,,,no
2026-05-08,us-x-iran-permanent-peace-deal-by,US x Iran permanent peace deal by...?,U.S. fires on and disables 2 Iranian tankers in Strait of Hormuz,AP News,https://apnews.com/article/us-iran-war-israel-hormuz-19-april-2026-0a637f98d588930f195f61cffe07d4f3,apnews.com,200,news,no,,,no
2026-05-08,starmer-out-in-2025,Starmer out by...?,"Starmer proposes teenage social‑media ban, sparking public backlash",AP News,https://apnews.com/article/britain-social-media-ban-australia-teen-harm-c59c76db73a8c1cfac28c8264738e395,apnews.com,200,news,no,,,no
2026-05-08,trump-announces-us-blockade-of-hormuz-lifted-by,Trump announces US blockade of Hormuz lifted by...?,US disables Iranian tankers attempting to breach blockade amid ceasefire talks,AP News,https://apnews.com/live/trump-administration-updates-05-08-2026,apnews.com,200,news,no,,,no
2026-05-08,trump-announces-us-blockade-of-hormuz-lifted-by,Trump announces US blockade of Hormuz lifted by...?,US fires on and disables two Iranian tankers in Strait of Hormuz,AP News,https://apnews.com/article/iran-us-israel-war-may-8-2026-6490db55a65880a61a6233eff7acc68b,apnews.com,200,news,no,,,no
2026-05-08,trump-announces-us-blockade-of-hormuz-lifted-by,Trump announces US blockade of Hormuz lifted by...?,US forces fire on and disable two Iranian tankers in Hormuz,AP News,https://apnews.com/article/iran-us-israel-war-may-8-2026-6490db55a65880a61a6233eff7acc68b,apnews.com,200,news,no,,,no
2026-05-08,trump-announces-us-blockade-of-hormuz-lifted-by,Trump announces US blockade of Hormuz lifted by...?,US fires on and disables two Iranian tankers amid rising Strait of Hormuz tensions,AP News,https://apnews.com/article/iran-us-israel-war-may-8-2026-6490db55a65880a61a6233eff7acc68b,apnews.com,200,news,no,,,no
2026-05-08,trump-announces-us-blockade-of-hormuz-lifted-by,Trump announces US blockade of Hormuz lifted by...?,US forces disable two Iranian tankers attempting to breach blockade,AP News,https://apnews.com/article/iran-us-israel-war-may-8-2026-6490db55a65880a61a6233eff7acc68b,apnews.com,200,news,no,,,no
2026-05-08,us-x-iran-diplomatic-meeting-by-329,US x Iran diplomatic meeting by...?,Trump rejects Iran’s latest proposal to end war with US,AP News,https://apnews.com/article/iran-us-war-ceasefire-negotiations-strait-b48635e586e2907caae65b58bd03f5b7,apnews.com,200,news,no,,,no
2026-05-08,us-x-iran-diplomatic-meeting-by-329,US x Iran diplomatic meeting by...?,US fires on two Iranian tankers in Strait of Hormuz,AP News,https://apnews.com/article/iran-us-israel-war-may-8-2026-6490db55a65880a61a6233eff7acc68b,apnews.com,200,news,no,,,no
2026-05-08,us-x-iran-diplomatic-meeting-by-329,US x Iran diplomatic meeting by...?,Trump announces 3-day Russia-Ukraine ceasefire,AP News,https://apnews.com/live/trump-administration-updates-05-08-2026,apnews.com,200,news,no,,,no
2026-05-08,us-x-iran-diplomatic-meeting-by-329,US x Iran diplomatic meeting by...?,Trump announces 3-day Russia-Ukraine ceasefire,AP News,https://apnews.com/live/trump-administration-updates-05-08-2026,apnews.com,200,news,no,,,no
2026-05-08,us-x-iran-diplomatic-meeting-by-329,US x Iran diplomatic meeting by...?,Qatar’s top diplomat meets US Vice President to discuss Middle East negotiations,AP News,https://apnews.com/live/trump-administration-updates-05-08-2026,apnews.com,200,news,no,,,no
2026-05-08,what-iranian-demands-will-trump-agree-to-by-may-31,What Iranian demands will Trump agree to by May 31?,Iranian official confirms no enriched uranium will be shipped to US,AP News,https://apnews.com/article/iran-deputy-foreign-minister-interview-40d8e43e3c7b5a23cda6783b064b9dbf,apnews.com,200,news,no,,,no
2026-05-08,who-will-be-confirmed-as-fed-chair,Who will be confirmed as Fed Chair?,Justice Department ends criminal investigation of Fed Chair Jerome Powell,AP News,https://apnews.com/article/federal-reserve-investigation-powell-justice-department-28d04cc0d99cda25cea69931f65e25d3,apnews.com,200,news,no,,,no
2026-05-08,us-x-iran-permanent-peace-deal-by,US x Iran permanent peace deal by...?,Iran announces a new 14‑point proposal via Pakistan,AP News,https://apnews.com/article/iran-proposal-14-points-2026-05-08,apnews.com,404,dead link,yes,archived,real_dead_link,no
2026-05-08,us-x-iran-permanent-peace-deal-by,US x Iran permanent peace deal by...?,US fires on and disables two Iranian tankers amid rising Strait of Hormuz tensions,AP News,https://apnews.com/article/iran-us-israel-war-may-8-2026-6490db55a65880a61a6233eff7acc68b,apnews.com,200,news,no,,,no
2026-05-08,us-x-iran-permanent-peace-deal-by,US x Iran permanent peace deal by...?,U.S. forces fire on and disable two Iranian tankers in the Strait of Hormuz,AP News,https://apnews.com/article/iran-us-israel-war-may-8-2026-6490db55a65880a61a6233eff7acc68b,apnews.com,200,news,no,,,no
2026-05-08,us-x-iran-permanent-peace-deal-by,US x Iran permanent peace deal by...?,Rubio says Iran’s new Strait authority is “unacceptable”,AP News,https://apnews.com/article/iran-us-israel-war-may-8-2026-6490db55a65880a61a6233eff7acc68b,apnews.com,200,news,no,,,no
2026-05-08,starmer-out-in-2025,Starmer out by...?,"Labour suffers major losses in local elections, fueling calls for Starmer's resignation",AP News,https://apnews.com/live/keir-starmer-resign-uk-updates-05-12-2026,apnews.com,200,news,no,,,no
2026-05-08,ukraine-election-called-in-2025,Ukraine election called by...?,Trump announces a 3-day Russia-Ukraine ceasefire,AP News,https://apnews.com/live/trump-administration-updates-05-08-2026,apnews.com,200,news,no,,,no
2026-05-08,what-will-fed-rate-hit-before-2027,What will Fed Rate hit before 2027?,Fed Chair Powell gains Republican support amid Trumpâs attacks,AP News,https://apnews.com/article/jerome-powell-federal-reserve-trump-af06d80b28be9c8a5de9c3b2fe33fa3d,apnews.com,200,news,no,,,no
2026-05-08,how-many-different-countries-will-israel-strike-in-2026,How many different countries will Israel strike in 2026?,"Israel conducts drone strike on Lebanese village of Manara, targeting alleged Hamas commanderâs home",AP News,https://apnews.com/article/lebanon-israel-hezbollah-hamas-airstrikes-bekaa-litani-c2a5eaa91827993cd9a81c404a5514ab,apnews.com,200,news,no,,,no
2026-05-09,which-party-will-win-the-house-in-2026,Which party will win the House in 2026?,House Republicans and Democrats clash over ACA subsidy extension vote,AP News,https://apnews.com/article/house-democrats-republicans-vote-health-care-subsidies-7d69148c6619a190f8d4abb85a7344b8,apnews.com,200,news,no,,,no
2026-05-09,netanyahu-out-before-2027,Netanyahu out by...?,US envoys urge Netanyahu to advance Gaza ceasefire second phase,AP News,https://apnews.com/article/israel-gaza-war-trump-news-01-24-2026-90e36ca7d2e27ca8a21d1727e9e0119f,apnews.com,200,news,no,,,no
2026-05-09,california-governor-election-2026,California Governor Election Winner,"Rick Carusoâs campaign funds exhausted, ceases advertising",AP News,https://apnews.com/article/california-governor-2026-rick-caruso-49,apnews.com,404,dead link,yes,archived,real_dead_link,no
2026-05-09,california-governor-election-2026,California Governor Election Winner,Becerra rebounds to 55% after securing major union endorsement,AP News,https://apnews.com/article/california-governor-2026-xavier-becerra-newsom-harris-00f7ad96bd6e0f443da5f8e8727e0d52,apnews.com,200,news,no,,,no
2026-05-09,miguel-daz-canel-out-as-leader-of-cuba-by-june-30,Miguel Díaz-Canel out as leader of Cuba by...?,Cuban President DÃ­az-Canel denies political negotiations with U.S. amid sanctions,AP News,https://apnews.com/article/cuba-us-oil-trump-venezuela-02968f7204cd863cc1acbbcfab3e69db,apnews.com,200,news,no,,,no
2026-05-09,us-x-iran-permanent-peace-deal-by,US x Iran permanent peace deal by...?,Iran’s Revolutionary Guard fires on additional vessels,AP News,https://apnews.com/article/iran-us-war-israel-hormuz-18-april-2026-ab475cb979825b956a10d60103026b37,apnews.com,200,news,no,,,no
2026-05-09,iran-closes-its-airspace-by,Iran closes its airspace by...?,Iran resumes commercial flights at Tehran’s international airport after war hiatus,AP News,https://apnews.com/live/iran-war-israel-trump-04-25-2026,apnews.com,200,news,no,,,no
2026-05-09,starmer-out-in-2025,Starmer out by...?,Starmer announces release of Mandelson appointment files,AP News,https://apnews.com/article/britain-jeffrey-epstein-mandelson-e6e21888de8a89b6f9dd2a5fe586ea6c,apnews.com,200,news,no,,,no
2026-05-09,us-x-iran-diplomatic-meeting-by-329,US x Iran diplomatic meeting by...?,Trump pauses Project Freedom amid renewed negotiation talks,AP News,https://apnews.com/article/trump-iran-war-shipping-whipsawed-03af894eaddb8ede53928babc76f80e2,apnews.com,200,news,no,,,no
2026-05-09,what-iranian-demands-will-trump-agree-to-by-may-31,What Iranian demands will Trump agree to by May 31?,"Trump cancels envoys’ Pakistan trip again, insists on phone talks with Iran",AP News,https://apnews.com/article/us-iran-war-hormuz-israel-pakistan-ceasefire-april-26-2026-9f7bcaf20c42b56d3dba4b504936f7ee,apnews.com,200,news,no,,,no
2026-05-09,us-x-iran-permanent-peace-deal-by,US x Iran permanent peace deal by...?,Iran’s Revolutionary Guard fires on additional vessels,AP News,https://apnews.com/article/iran-us-war-israel-hormuz-18-april-2026-ab475cb979825b956a10d60103026b37,apnews.com,200,news,no,,,no
2026-05-10,democratic-presidential-nominee-2028,Democratic Presidential Nominee 2028,"Zohran Mamdani sworn in as New York City mayor, pledges democratic socialism",AP News,https://apnews.com/article/zohran-mamdani-mayor-nyc-3ba51d0ff1f3ff7c06534f6c1e3ea0a3,apnews.com,200,news,no,,,no
2026-05-10,democratic-presidential-nominee-2028,Democratic Presidential Nominee 2028,Poll shows Gavin Newsom leads Democratic field with 24% support for 2028 nomination,AP News,https://apnews.com/article/gavin-newsom-2028-presidential-hopeful-poll,apnews.com,404,dead link,yes,archived,real_dead_link,no
2026-05-10,presidential-election-winner-2028,Presidential Election Winner 2028,JD Vance attends U.S. women's hockey game at Winter Olympics with Jake Paul,AP News,https://apnews.com/article/hockey-olympics-jd-vance-jake-paul-d12a4fe97f2d997ede41f641c2ef6728,apnews.com,200,news,no,,,no
2026-05-10,presidential-election-winner-2028,Presidential Election Winner 2028,Jon Ossoff gains momentum after Georgia Senate race win,AP News,https://apnews.com/article/jon-ossoff-georgia-senate-win-2026,apnews.com,404,dead link,yes,archived,real_dead_link,no
2026-05-10,republican-presidential-nominee-2028,Republican Presidential Nominee 2028,JD Vance and wife announce expecting fourth child,AP News,https://apnews.com/article/usha-vance-pregnant-child-boy-vice-president-40098e3b09e0c8c2b3c43470a81cc39b,apnews.com,200,news,no,,,no
2026-05-10,republican-presidential-nominee-2028,Republican Presidential Nominee 2028,Tucker Carlson's market price rises amid conservative media attention,AP News,https://apnews.com/article/turning-point-charlie-kirk-vance-republicans-2028-e28a332d7f55eb44346ef9d47e8906e4,apnews.com,200,news,no,,,no
2026-05-10,will-russia-capture-kostyantynivka-by,Will Russia capture Kostyantynivka by...?,French navy detains captain of suspected Russian shadow fleet tanker,AP News,https://apnews.com/article/france-russia-tanker-seized-shadow-fleet-grinch-a2ef56fea4ada6f0335d7124ab56c3db,apnews.com,200,news,no,,,no
2026-05-10,will-russia-capture-kostyantynivka-by,Will Russia capture Kostyantynivka by...?,"Russian missile attack flattens Kyiv apartment building, killing 24",AP News,https://apnews.com/photo-gallery/photos-aftermath-russian-missile-attack-kyiv-apartment-building-ec2d54265a014e26885be65ced5b9d4f,apnews.com,200,news,no,,,no
2026-05-10,will-the-us-confirm-that-aliens-exist-before-2027,Will the US confirm that aliens exist by...?,Federal judge blocks Pentagon policy limiting reportersâ access,AP News,https://apnews.com/article/pentagon-policy-news-reporters-hegseth-dc7a69b7e7c3f618b3879d9cafec9b25,apnews.com,200,news,no,,,no
2026-05-10,which-party-will-win-the-house-in-2026,Which party will win the House in 2026?,Democrats back independents in red states to improve election chances,AP News,https://apnews.com/article/independents-democrats-election-strategy-senate-nebraska-osborn-307c163f3ee4a3cb295ee4b592901dc2,apnews.com,200,news,no,,,no
2026-05-10,which-party-will-win-the-senate-in-2026,Which party will win the Senate in 2026?,House Republicans propose stricter voting rules ahead of midterms,AP News,https://apnews.com/article/midterms-voting-laws-photo-id-citizenship-republicans-feecb51a6efa41cf32d18fe4b15c08ce,apnews.com,200,news,no,,,no
2026-05-10,which-party-will-win-the-senate-in-2026,Which party will win the Senate in 2026?,Ohio Republican Jon Husted faces challenges amid bribery scandal ahead of Senate race,AP News,https://apnews.com/article/ohio-senate-husted-election-2026-bribery-scandal-1c60d58d6345e92d056e07df0eb695d5,apnews.com,200,news,no,,,no
2026-05-10,nobel-peace-prize-winner-2026-139,Nobel Peace Prize Winner 2026,Zelenskyy and Trump meet in Florida to discuss Ukraine peace plan,AP News,https://apnews.com/article/zelenskyy-trump-peace-talks-refinery-donbas-demilitarized-9e37a9612d73cab7d3e74060aac46a36,apnews.com,200,news,no,,,no
2026-05-10,balance-of-power-2026-midterms,Balance of Power: 2026 Midterms,Midterm market sees sharp dip as analysts cite lingering electionâintegrity fears,AP News,https://apnews.com/article/democrats-elections-crisis-planning-trump-ice-midterms-ec3cf81ce9395a5be325bcb2433ceb31,apnews.com,200,news,no,,,no
2026-05-10,balance-of-power-2026-midterms,Balance of Power: 2026 Midterms,Democrats renew concerns about Trump interfering in 2026 midterms,AP News,https://apnews.com/article/election-2026-trump-voting-doj-interference-22e2313f98e354fa31f277d3a1dc67d3,apnews.com,200,news,no,,,no
2026-05-10,los-angeles-mayoral-election-117,Los Angeles Mayoral Election,U-Haul truck drives into crowd at Los Angeles anti-Iranian regime protest,AP News,https://apnews.com/article/uhaul-los-angeles-iran-demonstration-40426b84ab6699f0b880fe266dfdb74d,apnews.com,200,news,no,,,no
2026-05-10,where-will-zelenskyy-and-putin-meet-next,Where will Zelenskyy and Putin meet next before 2027?,"Putin states some US peace proposals are unacceptable, signaling challenges ahead",AP News,https://apnews.com/article/russia-ukraine-war-putin-trump-peace-plan-7e48114f6908ce2657947cfdd633150e,apnews.com,200,news,no,,,no
2026-05-10,netanyahu-out-before-2027,Netanyahu out by...?,Israel launches large-scale operation to locate last hostage in Gaza,AP News,https://apnews.com/article/gaza-israel-hamas-palestinians-hostage-gvili-d57a28eb5371785588d4b955f9dd2a46,apnews.com,200,news,no,,,no
2026-05-10,california-governor-election-2026,California Governor Election Winner,Katie Porterâs support collapses in California governor race,AP News,https://apnews.com/article/california-governor-2026-katie-porter-kamala-harris-ad1fadd10a0f32ef36f75aa3f14c82d6,apnews.com,200,news,no,,,no
2026-05-10,california-governor-election-2026,California Governor Election Winner,San Jose Mayor Matt Mahan enters California governor race as Newsom critic,AP News,https://apnews.com/article/california-governor-race-matt-mahan-219b8085a1f1f6400f6f0f13707274b4,apnews.com,200,news,no,,,no
2026-05-10,california-governor-election-2026,California Governor Election Winner,Democrats fear vote splitting could allow two Republicans in California governor general election,AP News,https://apnews.com/article/california-governor-democrats-gavin-newsom-republicans-porter-7138e44bd9f4d474910e111aea13d8c4,apnews.com,200,news,no,,,no
2026-05-10,miguel-daz-canel-out-as-leader-of-cuba-by-june-30,Miguel Díaz-Canel out as leader of Cuba by...?,Cuban government reports nationwide power grid collapse,AP News,https://apnews.com/article/cuba-blackout-energy-crisis-oil-embargo-5450e7802d2df142120ef4049fe500ac,apnews.com,200,news,no,,,no
2026-05-10,will-russia-capture-lyman-in-2025,Will Russia capture Lyman by...?,European allies announce new security guarantees for Ukraine,AP News,https://apnews.com/article/ukraine-russia-macron-starmer-witkoff-21195f5b6a67fd2ac445d05803ae5948,apnews.com,200,news,no,,,no
2026-05-10,will-russia-capture-lyman-in-2025,Will Russia capture Lyman by...?,Ukraineâs allies agree on multilayered security guarantees amid ongoing conflict,AP News,https://apnews.com/article/ukraine-russia-macron-starmer-witkoff-21195f5b6a67fd2ac445d05803ae5948,apnews.com,200,news,no,,,no
2026-05-10,us-x-iran-permanent-peace-deal-by,US x Iran permanent peace deal by...?,"US Navy disables two more Iranian tankers, raising cease‑fire doubts",AP News,https://apnews.com/article/iran-us-israel-war-may-8-2026-6490db55a65880a61a6233eff7acc68b,apnews.com,200,news,no,,,no
2026-05-10,texas-republican-senate-primary-winner,Texas Republican Senate Primary Winner,Texas Attorney General Paxton secures $10 million settlement with children’s hospital over gender‑care case,AP News,https://apnews.com/article/genderaffirming-care-minors-texas-hospital-29f0f2d157395cb6a70f53ba29c36b5b,apnews.com,200,news,no,,,no
2026-05-10,iran-closes-its-airspace-by,Iran closes its airspace by...?,Iran bans small private aircraft flights amid regional tensions,AP News,https://apnews.com/article/iran-protests-us-aircraft-carrier-crackdown-yemen-e0a6b3c72775348c553ad185af5bfb20,apnews.com,200,news,no,,,no
2026-05-10,ky-04-republican-primary-winner,KY-04 Republican Primary Winner,"Massie skips Kentucky primary debate, citing schedule conflict",AP News,https://apnews.com/article/massie-debate-absence,apnews.com,404,dead link,yes,archived,real_dead_link,no
2026-05-10,starmer-out-in-2025,Starmer out by...?,Starmer's chief of staff resigns over Mandelson-Epstein scandal,AP News,https://apnews.com/article/jeffrey-epstein-britain-keir-starmer-mandelson-c1e5c7654cc9bd48126b9ba3ea6996ef,apnews.com,200,news,no,,,no
2026-05-10,starmer-out-in-2025,Starmer out by...?,Starmer’s chief of staff resigns over Mandelson appointment scandal,AP News,https://apnews.com/article/jeffrey-epstein-britain-keir-starmer-mandelson-c1e5c7654cc9bd48126b9ba3ea6996ef,apnews.com,200,news,no,,,no
2026-05-10,starmer-out-in-2025,Starmer out by...?,"Labour blocks Andy Burnham’s bid for Parliament, sparking internal party conflict",AP News,https://apnews.com/article/uk-labour-party-starmer-burnham-b63b1acaff7058eb2a22b730c0560390,apnews.com,200,news,no,,,no
2026-05-10,trump-announces-us-blockade-of-hormuz-lifted-by,Trump announces US blockade of Hormuz lifted by...?,"U.S. Senate debates War Powers Resolution, no change to blockade",AP News,https://apnews.com/article/trump-war-powers-1973-2026-422311a4443b987af87cd4ca35d54f48,apnews.com,200,news,no,,,no
2026-05-10,trump-announces-us-blockade-of-hormuz-lifted-by,Trump announces US blockade of Hormuz lifted by...?,Trump rejects Iran’s latest proposal to end the war,AP News,https://apnews.com/article/iran-us-war-ceasefire-negotiations-strait-b48635e586e2907caae65b58bd03f5b7,apnews.com,200,news,no,,,no
2026-05-10,us-x-iran-diplomatic-meeting-by-329,US x Iran diplomatic meeting by...?,Trump announces pause of envoy mission to Pakistan for Iran talks,AP News,https://apnews.com/article/us-iran-war-hormuz-israel-pakistan-ceasefire-april-26-2026-9f7bcaf20c42b56d3dba4b504936f7ee,apnews.com,200,news,no,,,no
2026-05-10,us-x-iran-diplomatic-meeting-by-329,US x Iran diplomatic meeting by...?,President Trump rejects Iran’s latest peace proposal,AP News,https://apnews.com/article/iran-us-war-ceasefire-negotiations-strait-b48635e586e2907caae65b58bd03f5b7,apnews.com,200,news,no,,,no
2026-05-10,what-iranian-demands-will-trump-agree-to-by-may-31,What Iranian demands will Trump agree to by May 31?,Trump says US negotiators will travel to Pakistan for talks,AP News,https://apnews.com/article/iran-us-talks-ceasefire-36cd009a0b238fcad4665a5a02cc895e,apnews.com,200,news,no,,,no
2026-05-10,what-iranian-demands-will-trump-agree-to-by-may-31,What Iranian demands will Trump agree to by May 31?,Trump reiterates “no enrichment” demand in interview with Netanyahu,AP News,https://apnews.com/article/trump-iran-us-israel-trump-lebanon-april-1-2026-19cf516c2d2c614eb182dbad7a6592ef,apnews.com,200,news,no,,,no
2026-05-10,what-iranian-demands-will-trump-agree-to-by-may-31,What Iranian demands will Trump agree to by May 31?,US fires on and disables two Iranian tankers in Strait of Hormuz,AP News,https://apnews.com/article/iran-us-israel-war-may-8-2026-6490db55a65880a61a6233eff7acc68b,apnews.com,200,news,no,,,no
2026-05-10,us-x-iran-permanent-peace-deal-by,US x Iran permanent peace deal by...?,"Trump cancels US envoys’ trip to Pakistan for Iran talks, suggests phone call instead",AP News,https://apnews.com/article/us-iran-war-hormuz-israel-pakistan-ceasefire-april-26-2026-9f7bcaf20c42b56d3dba4b504936f7ee,apnews.com,200,news,no,,,no
2026-05-10,us-x-iran-permanent-peace-deal-by,US x Iran permanent peace deal by...?,"US Navy disables two more Iranian tankers, raising cease‑fire doubts",AP News,https://apnews.com/article/iran-us-israel-war-may-8-2026-6490db55a65880a61a6233eff7acc68b,apnews.com,200,news,no,,,no
2026-05-10,us-x-iran-permanent-peace-deal-by,US x Iran permanent peace deal by...?,Trump extends ceasefire but maintains naval blockade on Iran,AP News,https://apnews.com/article/iran-us-israel-war-ceasefire-lebanon-gaza-9cad20d6a7c17855cc40c9e7d934fdcb,apnews.com,200,news,no,,,no
2026-05-10,us-x-iran-permanent-peace-deal-by,US x Iran permanent peace deal by...?,Iran detains reformist leaders amid post‑protest crackdown,AP News,https://apnews.com/article/iran-reformists-arrests-protests-nationwide-2cd8419e48909e01740f3a55f489e893,apnews.com,200,news,no,,,no
2026-05-10,us-x-iran-permanent-peace-deal-by,US x Iran permanent peace deal by...?,U.S. blockade leads to seizure of additional Iranian tankers,AP News,https://apnews.com/article/iran-us-war-may-8-2026-6490db55a65880a61a6233eff7acc68b,apnews.com,200,news,no,,,no
2026-05-10,texas-republican-senate-primary-winner,Texas Republican Senate Primary Winner,Texas Attorney General Paxton secures $10 million settlement with children’s hospital over gender‑care case,AP News,https://apnews.com/article/genderaffirming-care-minors-texas-hospital-29f0f2d157395cb6a70f53ba29c36b5b,apnews.com,200,news,no,,,no
2026-05-10,what-will-fed-rate-hit-before-2027,What will Fed Rate hit before 2027?,"US jobs report shows slowing hiring, complicating Fed rate outlook",AP News,https://apnews.com/article/jobs-economy-trump-unemployment-federal-reserve-cf1280a8466d92fbbc1b5ace7b80bffc,apnews.com,200,news,no,,,no
2026-05-11,will-russia-capture-kostyantynivka-by,Will Russia capture Kostyantynivka by...?,Russian drone attack on Odesa kills three and wounds children,AP News,https://apnews.com/article/russia-ukraine-war-odesa-drone-7607e48fd216b8fa7516e7ab6425d271,apnews.com,200,news,no,,,no
2026-05-11,which-party-will-win-the-house-in-2026,Which party will win the House in 2026?,President Trump speaks at National Police Week dinner amid midterm election concerns,AP News,https://apnews.com/photo-gallery/see-world-vertical-top-photos-ap-photojournalists-382704cebb6c443084e810d577e281d0,apnews.com,200,news,no,,,no
2026-05-11,nobel-peace-prize-winner-2026-139,Nobel Peace Prize Winner 2026,Trump stages Oval Office event tipping DoorDash driver $100,AP News,https://apnews.com/article/trump-doordash-mcdonalds-tax-tips-iran-pope-cdec935afd68b86b264ed1b0de772e1d,apnews.com,200,news,no,,,no
2026-05-11,netanyahu-out-before-2027,Netanyahu out by...?,Netanyahu meets Trump to discuss Iran talks and Gaza ceasefire progress,AP News,https://apnews.com/article/iran-israel-netanyahu-trump-washington-aad9f0290212fad4e9f81576f99becf2,apnews.com,200,news,no,,,no
2026-05-11,california-governor-election-2026,California Governor Election Winner,Xavier Becerra's support climbs to 49% in California governor race,AP News,https://apnews.com/hub/xavier-becerra,apnews.com,200,news,no,,,no
2026-05-11,miguel-daz-canel-out-as-leader-of-cuba-by-june-30,Miguel Díaz-Canel out as leader of Cuba by...?,Cuban government confirms no negotiations on political leadership with U.S.,AP News,https://apnews.com/article/cuba-petroleo-venezuela-eeuu-dialogo-b70333a54e63055543e701587b1c5530,apnews.com,200,news,no,,,no
2026-05-11,will-russia-capture-lyman-in-2025,Will Russia capture Lyman by...?,"Russian general killed by car bomb in Moscow, investigators suspect Ukraine",AP News,https://apnews.com/article/russia-explosion-general-killed-sarvarov-73413ae5936609832f706ab26f864b3c,apnews.com,200,news,no,,,no
2026-05-11,us-x-iran-permanent-peace-deal-by,US x Iran permanent peace deal by...?,Trump says he will not send envoys to Pakistan for talks,AP News,https://apnews.com/article/trump-says-he-is-reviewing-new-iran-proposal-9317c11e51ba8dfa527b424f931fe04b,apnews.com,200,news,no,,,no
2026-05-11,colombia-presidential-election,Colombia Presidential Election,Abelardo de la Espriella rebounds with strong campaign events,AP News,https://apnews.com/article/colombia-election-campaign-boost,apnews.com,404,dead link,yes,archived,real_dead_link,no
2026-05-11,ky-04-republican-primary-winner,KY-04 Republican Primary Winner,Trump speaks at National Police Week dinner amid ongoing political influence,AP News,https://apnews.com/photo-gallery/see-world-vertical-top-photos-ap-photojournalists-382704cebb6c443084e810d577e281d0,apnews.com,200,news,no,,,no
2026-05-11,ky-04-republican-primary-winner,KY-04 Republican Primary Winner,President Trump speaks at National Police Week dinner amid ongoing political battles,AP News,https://apnews.com/photo-gallery/see-world-vertical-top-photos-ap-photojournalists-382704cebb6c443084e810d577e281d0,apnews.com,200,news,no,,,no
2026-05-11,starmer-out-in-2025,Starmer out by...?,Labour chief of staff Morgan McSweeney resigns over Mandelson scandal,AP News,https://apnews.com/article/jeffrey-epstein-britain-keir-starmer-mandelson-c1e5c7654cc9bd48126b9ba3ea6996ef,apnews.com,200,news,no,,,no
2026-05-11,starmer-out-in-2025,Starmer out by...?,Labour blocks Manchester Mayor Andy Burnham's bid for Parliament seat,AP News,https://apnews.com/article/uk-labour-party-starmer-burnham-b63b1acaff7058eb2a22b730c0560390,apnews.com,200,news,no,,,no
2026-05-11,us-x-iran-diplomatic-meeting-by-329,US x Iran diplomatic meeting by...?,Trump calls cease‑fire “not satisfactory” and threatens further action,AP News,https://apnews.com/article/iran-us-war-ceasefire-negotiations-strait-b48635e586e2907caae65b58bd03f5b7,apnews.com,200,news,no,,,no
2026-05-11,what-iranian-demands-will-trump-agree-to-by-may-31,What Iranian demands will Trump agree to by May 31?,Trump uses Iran war address to urge patience but offers few new details,AP News,https://apnews.com/article/trump-iran-war-address-to-nation-patience-940c2cd13a8c45f9d6d35a4750b7b499,apnews.com,200,news,no,,,no
2026-05-11,us-x-iran-permanent-peace-deal-by,US x Iran permanent peace deal by...?,Trump says he will not send envoys to Pakistan for talks,AP News,https://apnews.com/article/trump-says-he-is-reviewing-new-iran-proposal-9317c11e51ba8dfa527b424f931fe04b,apnews.com,200,news,no,,,no
2026-05-11,ukraine-election-called-in-2025,Ukraine election called by...?,"Market sentiment for June 30, 2026 outcome sees a brief reversal",AP News,https://apnews.com/live/trump-administration-updates-05-08-2026,apnews.com,200,news,no,,,no
2026-05-12,presidential-election-winner-2028,Presidential Election Winner 2028,Ron DeSantis price increases following special session announcement,AP News,https://apnews.com/article/florida-redistricting-census-desantis-b10b743019ba7f25a2f26d3ccdaf9a67,apnews.com,200,news,no,,,no
2026-05-12,brazil-presidential-election,Brazil Presidential Election,FlÃ¡vio Bolsonaroâs price drops 10 points after controversial interview,AP News,https://apnews.com/article/brazil-flavio-interview-2026-05-12,apnews.com,404,dead link,yes,archived,real_dead_link,no
2026-05-12,will-russia-capture-kostyantynivka-by,Will Russia capture Kostyantynivka by...?,Ukrainian forces launch successful counterâoffensive near Kostyantynivka,AP News,https://apnews.com/article/russia-ukraine-war-odesa-drone-7607e48fd216b8fa7516e7ab6425d271,apnews.com,200,news,no,,,no
2026-05-12,will-russia-capture-kostyantynivka-by,Will Russia capture Kostyantynivka by...?,Trump claims Putin agreed to a oneâweek pause on strikes against Kyiv,AP News,https://apnews.com/article/russia-ukraine-war-drone-attacks-peace-talks-a58f69db01221c4b75ec36561a6a4513,apnews.com,200,news,no,,,no
2026-05-12,will-russia-capture-kostyantynivka-by,Will Russia capture Kostyantynivka by...?,Zelenskyy names Ukraineâs head of military intelligence Kyrylo Budanov as chief of staff,AP News,https://apnews.com/article/russia-ukraine-war-drone-strikes-f6d88455c0b975ac894ec6acb11c3ee2,apnews.com,200,news,no,,,no
2026-05-12,will-the-us-confirm-that-aliens-exist-before-2027,Will the US confirm that aliens exist by...?,U.S. and Venezuela explore restoring diplomatic relations after Maduroâs capture,AP News,https://apnews.com/article/venezuela-us-diplomatic-relations-maduro-12eca94ea60dbdbc8d8ac37535a5d23b,apnews.com,200,news,no,,,no
2026-05-12,will-the-us-confirm-that-aliens-exist-before-2027,Will the US confirm that aliens exist by...?,Pentagon announces end of Stars and Stripes âwokeâ content overhaul,AP News,https://apnews.com/article/stars-stripes-pentagon-trump-hegseth-3bcc613b19a92587b16ce5d9adddffec,apnews.com,200,news,no,,,no
2026-05-12,which-party-will-win-the-house-in-2026,Which party will win the House in 2026?,Democratic National Committee launches major voter registration initiative,AP News,https://apnews.com/article/democrats-dnc-voter-registration-midterms-6f15083ad2b6f428348c5e70ef85d34d,apnews.com,200,news,no,,,no
2026-05-12,california-governor-election-2026,California Governor Election Winner,Steyerâs price drops to 32% after fundraising report shows rivals closing gap,AP News,https://apnews.com/article/california-governor-democrats-tom-steyer-1de30f4501b91c3bc9969c54aa13c19d,apnews.com,200,news,no,,,no
2026-05-12,california-governor-election-2026,California Governor Election Winner,President Donald Trump endorses conservative commentator Steve Hilton for California governor,AP News,https://apnews.com/article/california-governor-donald-trump-endorsement-steve-hilton-0c3b0f4752466e3fd12463cbb49c079d,apnews.com,200,news,no,,,no
2026-05-12,miguel-daz-canel-out-as-leader-of-cuba-by-june-30,Miguel Díaz-Canel out as leader of Cuba by...?,Former Cuban economy minister sentenced to life for espionage,AP News,https://apnews.com/article/cuba-espionage-former-minister-economy-fe29cc56da7f3b933a38a09f87c7e449,apnews.com,200,news,no,,,no
2026-05-12,miguel-daz-canel-out-as-leader-of-cuba-by-june-30,Miguel Díaz-Canel out as leader of Cuba by...?,Cuban President DÃ­azâCanel decries U.S. âenergy blockadeâ in televised address,AP News,https://apnews.com/article/cuba-us-oil-trump-venezuela-02968f7204cd863cc1acbbcfab3e69db,apnews.com,200,news,no,,,no
2026-05-12,will-russia-capture-lyman-in-2025,Will Russia capture Lyman by...?,Russian officials warn of extending gains if talks fail,AP News,https://apnews.com/article/russia-ukraine-war-putin-zelenskyy-trump-4bdd3a5c442838174c6179305d9396c9,apnews.com,200,news,no,,,no
2026-05-12,will-russia-capture-lyman-in-2025,Will Russia capture Lyman by...?,"Russian drone strike kills 12 miners in Dnipro, heightening frontline fighting",AP News,https://apnews.com/article/russia-ukraine-war-peace-talks-zelenskyy-abu-dhabi-cfc323e160c058891604be05ca8c56f9,apnews.com,200,news,no,,,no
2026-05-12,us-x-iran-permanent-peace-deal-by,US x Iran permanent peace deal by...?,Iranian foreign minister Abbas Araghchi says Tehran will not compromise on nuclear issue,AP News,https://apnews.com/article/iran-us-war-what-to-know-beb5625f8537ceaf22c061cf073210aa,apnews.com,200,news,no,,,no
2026-05-12,brazil-presidential-election,Brazil Presidential Election,Flávio Bolsonaro’s price drops 10 points after controversial interview,AP News,https://apnews.com/article/brazil-flavio-interview-2026-05-12,apnews.com,404,dead link,yes,archived,real_dead_link,no
2026-05-12,starmer-out-in-2025,Starmer out by...?,Starmer meets Xi Jinping to deepen UK-China ties amid global turbulence,AP News,https://apnews.com/article/uk-prime-minister-starmer-xi-beijing-trade-062717a30f70bcfd64db08436e9aff90,apnews.com,200,news,no,,,no
2026-05-12,starmer-out-in-2025,Starmer out by...?,Starmer's chief of staff resigns over Mandelson appointment scandal,AP News,https://apnews.com/article/jeffrey-epstein-britain-keir-starmer-mandelson-c1e5c7654cc9bd48126b9ba3ea6996ef,apnews.com,200,news,no,,,no
2026-05-12,starmer-out-in-2025,Starmer out by...?,Starmer announces teen social‑media ban options,AP News,https://apnews.com/article/britain-social-media-ban-australia-teen-harm-c59c76db73a8c1cfac28c8264738e395,apnews.com,200,news,no,,,no
2026-05-12,trump-announces-us-blockade-of-hormuz-lifted-by,Trump announces US blockade of Hormuz lifted by...?,Trump reiterates blockade will stay until Iran agrees to deal,AP News,https://apnews.com/article/iran-us-israel-trump-lebanon-march-31-2026-07fcd5216ceae44965de79a60a4623da,apnews.com,200,news,no,,,no
2026-05-12,trump-announces-us-blockade-of-hormuz-lifted-by,Trump announces US blockade of Hormuz lifted by...?,Trump posts on Truth Social that blockade will stay until deal,AP News,https://apnews.com/article/trump-iran-power-plants-civilian-war-crimes-88b8ca1bc8e5cc8adabaf6c34e93e597,apnews.com,200,news,no,,,no
2026-05-12,trump-announces-us-blockade-of-hormuz-lifted-by,Trump announces US blockade of Hormuz lifted by...?,UK leads international talks to press Iran to reopen Strait of Hormuz,AP News,https://apnews.com/article/hormuz-strait-shipping-summit-uk-iran-ca2c6af551df98c81a39f2137e417856,apnews.com,200,news,no,,,no
2026-05-12,trump-announces-us-blockade-of-hormuz-lifted-by,Trump announces US blockade of Hormuz lifted by...?,Trump reiterates blockade will stay in force on Truth Social,AP News,https://apnews.com/article/iran-us-israel-trump-lebanon-blockade-hormuz-april-13-2026-bf6a057faebfc11eb0c76510a4fc20b1,apnews.com,200,news,no,,,no
2026-05-12,trump-announces-us-blockade-of-hormuz-lifted-by,Trump announces US blockade of Hormuz lifted by...?,US stocks rise as jobs report overshadows oil price concerns,AP News,https://apnews.com/article/stocks-markets-oil-iran-trump-28e493ba47e80517a743ecd54fb6acbc,apnews.com,200,news,no,,,no
2026-05-12,us-x-iran-diplomatic-meeting-by-329,US x Iran diplomatic meeting by...?,"Iran’s foreign minister returns to Pakistan, Trump urges phone talks only",AP News,https://apnews.com/article/us-iran-war-hormuz-israel-pakistan-ceasefire-april-26-2026-9f7bcaf20c42b56d3dba4b504936f7ee,apnews.com,200,news,no,,,no
2026-05-12,us-x-iran-diplomatic-meeting-by-329,US x Iran diplomatic meeting by...?,Iran’s foreign minister says Tehran will not negotiate until U.S. lifts blockade,AP News,https://apnews.com/article/iran-us-israel-trump-lebanon-april-2-2026-c41dbdb8148d02ce6561ea6bd4aa0da1,apnews.com,200,news,no,,,no
2026-05-12,us-x-iran-diplomatic-meeting-by-329,US x Iran diplomatic meeting by...?,Iran’s army chief threatens pre‑emptive attack over U.S. rhetoric,AP News,https://apnews.com/article/iran-protests-us-israel-war-nuclear-dca88a657009aae21e2b8b5086c682ce,apnews.com,200,news,no,,,no
2026-05-12,what-iranian-demands-will-trump-agree-to-by-may-31,What Iranian demands will Trump agree to by May 31?,Iranian reformists detained amid crackdown during nuclear talks,AP News,https://apnews.com/article/iran-reformists-arrests-protests-us-nuclear-mohammadi-2cd8419e48909e01740f3a55f489e893,apnews.com,200,news,no,,,no
2026-05-12,us-x-iran-permanent-peace-deal-by,US x Iran permanent peace deal by...?,Iranian foreign minister Abbas Araghchi says Tehran will not compromise on nuclear issue,AP News,https://apnews.com/article/iran-us-war-what-to-know-beb5625f8537ceaf22c061cf073210aa,apnews.com,200,news,no,,,no
2026-05-12,us-x-iran-permanent-peace-deal-by,US x Iran permanent peace deal by...?,Iranian foreign minister returns to Pakistan for renewed negotiations,AP News,https://apnews.com/article/us-iran-war-hormuz-israel-pakistan-ceasefire-april-26-2026-9f7bcaf20c42b56d3dba4b504936f7ee,apnews.com,200,news,no,,,no
2026-05-12,starmer-out-in-2025,Starmer out by...?,Multiple junior ministers resign amid leadership crisis,AP News,https://apnews.com/live/keir-starmer-resign-uk-updates-05-12-2026,apnews.com,200,news,no,,,no
2026-05-12,israeli-parliament-dissolved-by-october-31,Israeli parliament dissolved by...?,Netanyahu faces internal coalition pressure over Gaza Board of Peace,AP News,https://apnews.com/article/israel-palestinos-trump-netanyahu-guerra-gaza-junta-paz-c520d994686072a2014a03818551a58c,apnews.com,200,news,no,,,no
2026-05-12,israeli-parliament-dissolved-by-october-31,Israeli parliament dissolved by...?,"Israel recovers remains of last hostage, ending first phase of ceaseâfire",AP News,https://apnews.com/article/israel-gaza-hamas-rafah-26-1-2026-c0b373a26ef7f4524b9b2bdad766cfda,apnews.com,200,news,no,,,no
2026-05-12,what-will-fed-rate-hit-before-2027,What will Fed Rate hit before 2027?,Justice Department ends criminal investigation of Fed Chair Powell,AP News,https://apnews.com/article/federal-reserve-investigation-powell-justice-department-28d04cc0d99cda25cea69931f65e25d3,apnews.com,200,news,no,,,no
2026-05-12,what-will-fed-rate-hit-before-2027,What will Fed Rate hit before 2027?,Mortgage rates edge higher as 10âyear Treasury yields rise,AP News,https://apnews.com/article/mortgage-rates-housing-interest-financing-home-9d8fabf50c493891caeaf6b4d53458ee,apnews.com,200,news,no,,,no
2026-05-13,will-russia-capture-kostyantynivka-by,Will Russia capture Kostyantynivka by...?,Russian officials claim capture of Myrnohrad and Huliaipole,AP News,https://apnews.com/article/russia-ukraine-war-kyiv-strikes-67c576b92273cc0953de64590572e159,apnews.com,200,news,no,,,no
2026-05-13,will-the-us-confirm-that-aliens-exist-before-2027,Will the US confirm that aliens exist by...?,Market sentiment cools on UFO disclosure as Pentagon files fail to provide evidence,AP News,https://apnews.com/article/trump-ufos-uap-aliens-pentagon-records-investigation-3e658d2cf3742465127c0049c872240a,apnews.com,200,news,no,,,no
2026-05-13,us-x-iran-permanent-peace-deal-by,US x Iran permanent peace deal by...?,Iran detains leading human‑rights lawyer Nasrin Sotoudeh,AP News,https://apnews.com/article/iran-lawyer-detained-nasrin-sotoudeh-5a47e9229eb27702cd04ee83224c10ca,apnews.com,200,news,no,,,no
2026-05-13,colombia-presidential-election,Colombia Presidential Election,Abelardo de la Espriella surges in polls with tough stance on crime,AP News,https://apnews.com/article/colombia-presidential-miguel-uribe-londono-3e0224f23b62e2f9fecf0dee002c7684,apnews.com,200,news,no,,,no
2026-05-13,starmer-out-in-2025,Starmer out by...?,Starmer apologises to victims after Mandelson‑Epstein investigation expands,AP News,https://apnews.com/article/uk-peter-mandelson-epstein-police-investigation-9a198f5fd178ec405095e9aba72a055d,apnews.com,200,news,no,,,no
2026-05-13,starmer-out-in-2025,Starmer out by...?,Starmer apologizes to Epstein victims and faces calls to resign,AP News,https://apnews.com/article/uk-starmer-peter-mandelson-epstein-ea1e52adb8399eb97825f5c34b3c7343,apnews.com,200,news,no,,,no
2026-05-13,trump-announces-us-blockade-of-hormuz-lifted-by,Trump announces US blockade of Hormuz lifted by...?,Iran resumes commercial flights from Tehran international airport,AP News,https://apnews.com/article/us-iran-war-israel-hormuz-18-april-2026-ab475cb979825b956a10d60103026b37,apnews.com,200,news,no,,,no
2026-05-13,trump-announces-us-blockade-of-hormuz-lifted-by,Trump announces US blockade of Hormuz lifted by...?,Oil prices dip as markets hope for Hormuz reopening,AP News,https://apnews.com/article/stocks-markets-oil-iran-trump-28e493ba47e80517a743ecd54fb6acbc,apnews.com,200,news,no,,,no
2026-05-13,us-x-iran-diplomatic-meeting-by-329,US x Iran diplomatic meeting by...?,US‑Iran indirect talks stall after Iranian envoy departs Pakistan,AP News,https://apnews.com/article/trump-rejects-iran-proposal-2026-04-30,apnews.com,404,dead link,yes,archived,real_dead_link,no
2026-05-13,what-iranian-demands-will-trump-agree-to-by-may-31,What Iranian demands will Trump agree to by May 31?,Trump insists no deal unless Iran abandons nuclear weapons ambitions,AP News,https://apnews.com/article/us-iran-war-hormuz-israel-pakistan-ceasefire-april-26-2026-9f7bcaf20c42b56d3dba4b504936f7ee,apnews.com,200,news,no,,,no
2026-05-13,us-x-iran-permanent-peace-deal-by,US x Iran permanent peace deal by...?,Iranian reformists detained amid crackdown during nuclear talks with US,AP News,https://apnews.com/article/iran-reformists-arrests-protests-us-nuclear-mohammadi-2cd8419e48909e01740f3a55f489e893,apnews.com,200,news,no,,,no
2026-05-13,us-x-iran-permanent-peace-deal-by,US x Iran permanent peace deal by...?,Iran detains leading human‑rights lawyer Nasrin Sotoudeh,AP News,https://apnews.com/article/iran-lawyer-detained-nasrin-sotoudeh-5a47e9229eb27702cd04ee83224c10ca,apnews.com,200,news,no,,,no
2026-05-13,us-x-iran-permanent-peace-deal-by,US x Iran permanent peace deal by...?,"Trump rejects Iran’s latest peace proposal, citing fractured leadership",AP News,https://apnews.com/article/iran-us-war-ceasefire-negotiations-strait-b48635e586e2907caae65b58bd03f5b7,apnews.com,200,news,no,,,no
2026-05-13,us-x-iran-permanent-peace-deal-by,US x Iran permanent peace deal by...?,Iran’s president calls for ‘fair and equitable’ negotiations amid US drone shootdown,AP News,https://apnews.com/article/iran-trump-protests-negotiations-nuclear-deal-9758adb33c0d01c70a07ad7de0f5221b,apnews.com,200,news,no,,,no
2026-05-13,israeli-parliament-dissolved-by-october-31,Israeli parliament dissolved by...?,Israel returns remains of last Israeli hostage from Gaza,AP News,https://apnews.com/article/israel-gaza-hamas-rafah-26-1-2026-c0b373a26ef7f4524b9b2bdad766cfda,apnews.com,200,news,no,,,no
2026-05-13,will-any-country-leave-nato-in-2025,Will any country leave NATO by...?,NATO launches Arctic Sentry military effort to enhance High North security,AP News,https://apnews.com/article/nato-arctic-sentry-greenland-trump-exercises-defense-35855929d7709c60e1192bb6778df712,apnews.com,200,news,no,,,no
2026-05-13,harvey-weinstein-prison-time,Harvey Weinstein prison time?,Harvey Weinstein reports chest pain as jury deliberates in rape retrial,Associated Press,https://lethbridgeherald.com/entertainment/entertainment-news/2026/05/13/harvey-weinstein-reports-chest-pain-and-court-ends-early-as-jury-deliberates-in-his-rape-retrial/,lethbridgeherald.com,404,dead link,yes,archived,real_dead_link,no
2026-05-14,republican-presidential-nominee-2028,Republican Presidential Nominee 2028,Vice President JD Vance and his wife Usha Vance announce fourth child,AP News,https://apnews.com/article/usha-vance-pregnant-child-boy-vice-president-40098e3b09e0c8c2b3c43470a81cc39b,apnews.com,200,news,no,,,no
2026-05-14,republican-presidential-nominee-2028,Republican Presidential Nominee 2028,Ron DeSantis calls special session to redraw Florida congressional districts,AP News,https://apnews.com/article/florida-redistricting-census-desantis-b10b743019ba7f25a2f26d3ccdaf9a67,apnews.com,200,news,no,,,no
2026-05-14,which-party-will-win-the-house-in-2026,Which party will win the House in 2026?,Fundraising reports show Republican National Committee outpacing Democrats ahead of midterms,AP News,https://apnews.com/article/elections-house-senate-congress-midterms-trump-387549d4d5e682cf8ce8205d96d07ca7,apnews.com,200,news,no,,,no
2026-05-14,which-party-will-win-the-house-in-2026,Which party will win the House in 2026?,Democrats push health care costs as central midterm campaign issue,AP News,https://apnews.com/article/democrats-republicans-election-2026-midterms-health-care-e2ba02302f151a03fae4f1d760cf555f,apnews.com,200,news,no,,,no
2026-05-14,netanyahu-out-before-2027,Netanyahu out by...?,Netanyahu approves $35 billion natural gas export deal to Egypt,AP News,https://apnews.com/article/israel-gas-leviathan-chevron-egypt-9d7e816ae59b18f5d5cb78aadc3083e1,apnews.com,200,news,no,,,no
2026-05-14,will-russia-capture-lyman-in-2025,Will Russia capture Lyman by...?,U.S. and Russia agree to reestablish military-to-military dialogue,AP News,https://apnews.com/article/russia-us-putin-trump-nuclear-arms-treaty-dddab5e6b4d98ff428747487f401db15,apnews.com,200,news,no,,,no
2026-05-14,will-russia-capture-lyman-in-2025,Will Russia capture Lyman by...?,Russia continues to face resistance in eastern Ukraine,AP News,https://apnews.com/article/russia-ukraine-war-voronezh-drones-1f81528293f9ee2f7cccef7695090a2d,apnews.com,200,news,no,,,no
2026-05-14,us-x-iran-permanent-peace-deal-by,US x Iran permanent peace deal by...?,"Trump meets Netanyahu, insists US talks with Iran continue",AP News,https://apnews.com/article/israel-iran-trump-netanyahu-nuclear-talks-fa5be8069deb4b1b01cdf30d3e3525e7,apnews.com,200,news,no,,,no
2026-05-14,starmer-out-in-2025,Starmer out by...?,Starmer's chief of staff resigns over Mandelson-Epstein scandal,AP News,https://apnews.com/article/jeffrey-epstein-britain-keir-starmer-mandelson-c1e5c7654cc9bd48126b9ba3ea6996ef,apnews.com,200,news,no,,,no
2026-05-14,trump-announces-us-blockade-of-hormuz-lifted-by,Trump announces US blockade of Hormuz lifted by...?,US stocks rise as jobs report overshadows oil price concerns,AP News,https://apnews.com/article/stocks-markets-oil-iran-trump-28e493ba47e80517a743ecd54fb6acbc,apnews.com,200,news,no,,,no
2026-05-14,us-x-iran-diplomatic-meeting-by-329,US x Iran diplomatic meeting by...?,Iran army chief threatens preemptive attack amid rising rhetoric,AP News,https://apnews.com/article/iran-protests-us-israel-war-nuclear-dca88a657009aae21e2b8b5086c682ce,apnews.com,200,news,no,,,no
2026-05-14,us-x-iran-diplomatic-meeting-by-329,US x Iran diplomatic meeting by...?,Iran fully closes Strait of Hormuz again,AP News,https://apnews.com/article/iran-us-war-israel-hormuz-18-april-2026-ab475cb979825b956a10d60103026b37,apnews.com,200,news,no,,,no
2026-05-14,what-iranian-demands-will-trump-agree-to-by-may-31,What Iranian demands will Trump agree to by May 31?,"Trump’s address emphasizes continued military pressure, no sign of a uranium deal",AP News,https://apnews.com/article/trump-address-iran-war-takeaways-3a232cc5ae76436433bc62118a32b415,apnews.com,200,news,no,,,no
2026-05-14,us-x-iran-permanent-peace-deal-by,US x Iran permanent peace deal by...?,Trump says he is reviewing new Iranian proposal but skeptical of deal,AP News,https://apnews.com/article/iran-us-war-ceasefire-negotiations-strait-9317c11e51ba8dfa527b424f931fe04b,apnews.com,200,news,no,,,no
2026-05-14,us-x-iran-permanent-peace-deal-by,US x Iran permanent peace deal by...?,"Trump meets Netanyahu, insists US talks with Iran continue",AP News,https://apnews.com/article/israel-iran-trump-netanyahu-nuclear-talks-fa5be8069deb4b1b01cdf30d3e3525e7,apnews.com,200,news,no,,,no
2026-05-14,us-x-iran-permanent-peace-deal-by,US x Iran permanent peace deal by...?,Iran’s economy suffers from soaring inflation amid blockade,AP News,https://apnews.com/article/us-blockade-iran-war-inflation-80d0a5ca469d61c2e2e76d42c556a6de,apnews.com,200,news,no,,,no
2026-05-14,israeli-parliament-dissolved-by-october-31,Israeli parliament dissolved by...?,UN peacekeepers report surge in IsraeliâLebanon incidents,AP News,https://apnews.com/article/israel-lebanon-violence-un-peacekeepers-afbcbb32a24c61387d0e6cc40ded5e9c,apnews.com,200,news,no,,,no
2026-05-15,presidential-election-winner-2028,Presidential Election Winner 2028,Josh Shapiroâs campaign stalls after New Jersey primary loss,AP News,https://apnews.com/article/josh-shapiro-primary-loss-2026,apnews.com,404,dead link,yes,archived,real_dead_link,no
2026-05-15,republican-presidential-nominee-2028,Republican Presidential Nominee 2028,Marco Rubioâs poll surge to 28â¯% after Olympic delegation appearance,AP News,https://apnews.com/article/us-delegation-winter-olympics-vance-rubio-italy-4cda5924bd4bec7732c065e2a170cbaf,apnews.com,200,news,no,,,no
2026-05-15,will-russia-capture-kostyantynivka-by,Will Russia capture Kostyantynivka by...?,Russian missile attack kills 24 in Kyiv apartment building amid stalled peace talks,AP News,https://apnews.com/photo-gallery/photos-aftermath-russian-missile-attack-kyiv-apartment-building-ec2d54265a014e26885be65ced5b9d4f,apnews.com,200,news,no,,,no
2026-05-15,will-russia-capture-kostyantynivka-by,Will Russia capture Kostyantynivka by...?,Ukrainian President Zelenskyy urges faster diplomacy amid ongoing conflict,AP News,https://apnews.com/article/russia-ukraine-war-odesa-drone-attack-7607e48fd216b8fa7516e7ab6425d271,apnews.com,200,news,no,,,no
2026-05-15,will-russia-capture-kostyantynivka-by,Will Russia capture Kostyantynivka by...?,Russian missile attack kills 24 in Kyiv apartment building,AP News,https://apnews.com/photo-gallery/photos-aftermath-russian-missile-attack-kyiv-apartment-building-ec2d54265a014e26885be65ced5b9d4f,apnews.com,200,news,no,,,no
2026-05-15,will-the-us-confirm-that-aliens-exist-before-2027,Will the US confirm that aliens exist by...?,Market reaches low of 6% on Iran war economic disruption,AP News,https://apnews.com/article/jobs-economy-unemployment-trump-iran-war-2cf46bfbf7748403ea0245100af45504,apnews.com,200,news,no,,,no
2026-05-15,will-the-us-confirm-that-aliens-exist-before-2027,Will the US confirm that aliens exist by...?,Rep. Anna Paulina Luna announces Pentagon will release additional UFO videos soon,AP News,https://apnews.com/article/trump-ufos-uap-aliens-pentagon-records-investigation-3e658d2cf3742465127c0049c872240a,apnews.com,200,news,no,,,no
2026-05-15,which-party-will-win-the-house-in-2026,Which party will win the House in 2026?,Republican Matt Van Epps sworn in as newest House member after special election win,AP News,https://apnews.com/article/matt-van-epps-tennessee-special-election-house-92fe6d5f4e408d87cab4f731ccebb490,apnews.com,200,news,no,,,no
2026-05-15,california-governor-election-2026,California Governor Election Winner,Stephen Cloobeck drops out of governor race,AP News,https://apnews.com/article/california-governor-2026-stephen-cloobeck-49,apnews.com,404,dead link,yes,archived,real_dead_link,no
2026-05-15,california-governor-election-2026,California Governor Election Winner,Xavier Becerra leads California governor market at 51%,AP News,https://apnews.com/hub/xavier-becerra,apnews.com,200,news,no,,,no
2026-05-15,miguel-daz-canel-out-as-leader-of-cuba-by-june-30,Miguel Díaz-Canel out as leader of Cuba by...?,U.S. lifts some sanctions on Cuban oil imports after diplomatic talks,AP News,https://apnews.com/article/cuba-us-aid-melissa-trump-diaz-canel-636551892a2f59f43b657f1e71997b0b,apnews.com,200,news,no,,,no
2026-05-15,miguel-daz-canel-out-as-leader-of-cuba-by-june-30,Miguel Díaz-Canel out as leader of Cuba by...?,Cuban Vice Foreign Minister reiterates no formal dialogue with US on political leadership,AP News,https://apnews.com/article/cuba-petroleo-venezuela-eeuu-dialogo-b70333a54e63055543e701587b1c5530,apnews.com,200,news,no,,,no
2026-05-15,will-russia-capture-lyman-in-2025,Will Russia capture Lyman by...?,ISW map shows Lyman still under Ukrainian control,AP News,https://apnews.com/article/russia-ukraine-war-iran-drones-us-talks-b7267b71dda7a7f5b7fd10770ac04ae8,apnews.com,200,news,no,,,no
2026-05-15,us-x-iran-permanent-peace-deal-by,US x Iran permanent peace deal by...?,Oil prices dip as markets anticipate possible US‑Iran agreement,AP News,https://apnews.com/article/stock-markets-trump-oil-iran-war-7659569791b1f5e108489360d18e50f1,apnews.com,200,news,no,,,no
2026-05-15,texas-republican-senate-primary-winner,Texas Republican Senate Primary Winner,Ken Paxton announces settlement with Texas Children’s Hospital over gender-affirming care,AP News,https://apnews.com/article/genderaffirming-care-minors-texas-hospital-29f0f2d157395cb6a70f53ba29c36b5b,apnews.com,200,news,no,,,no
2026-05-15,starmer-out-in-2025,Starmer out by...?,Starmer’s chief of staff resigns amid Mandelson‑Epstein fallout,AP News,https://apnews.com/article/jeffrey-epstein-britain-keir-starmer-mandelson-c1e5c7654cc9bd48126b9ba3ea6996ef,apnews.com,200,news,no,,,no
2026-05-15,trump-announces-us-blockade-of-hormuz-lifted-by,Trump announces US blockade of Hormuz lifted by...?,UK gathers 40 countries to press Iran to reopen Strait of Hormuz,AP News,https://apnews.com/article/hormuz-strait-shipping-summit-uk-iran-ca2c6af551df98c81a39f2137e417856,apnews.com,200,news,no,,,no
2026-05-15,trump-announces-us-blockade-of-hormuz-lifted-by,Trump announces US blockade of Hormuz lifted by...?,Trump reiterates blockade will stay until Iran agrees to deal,AP News,https://apnews.com/article/trump-iran-war-2026-07e5c9b,apnews.com,404,dead link,yes,archived,real_dead_link,no
2026-05-15,us-x-iran-diplomatic-meeting-by-329,US x Iran diplomatic meeting by...?,Iranian human rights lawyer Nasrin Sotoudeh detained amid crackdown,AP News,https://apnews.com/article/iran-lawyer-detained-nasrin-sotoudeh-5a47e9229eb27702cd04ee83224c10ca,apnews.com,200,news,no,,,no
2026-05-15,us-x-iran-diplomatic-meeting-by-329,US x Iran diplomatic meeting by...?,Iran fully closes Strait of Hormuz and fires on vessels,AP News,https://apnews.com/article/us-iran-war-israel-hormuz-18-april-2026-ab475cb979825b956a10d60103026b37,apnews.com,200,news,no,,,no
2026-05-15,us-x-iran-diplomatic-meeting-by-329,US x Iran diplomatic meeting by...?,U.S. Central Command commander joins indirect Iran talks in Oman,AP News,https://apnews.com/article/iran-us-talks-oman-nuclear-protests-e5fce5e891243b7651cf76d8211f78ae,apnews.com,200,news,no,,,no
2026-05-15,us-x-iran-diplomatic-meeting-by-329,US x Iran diplomatic meeting by...?,Trump extends ceasefire but maintains naval blockade of Iranian ports,AP News,https://apnews.com/article/iran-us-israel-trump-lebanon-april-2-2026-c41dbdb8148d02ce6561ea6bd4aa0da1,apnews.com,200,news,no,,,no
2026-05-15,us-x-iran-permanent-peace-deal-by,US x Iran permanent peace deal by...?,US extends cease‑fire at Pakistan’s request while awaiting unified Iranian proposal,AP News,https://apnews.com/article/iran-us-war-what-to-know-beb5625f8537ceaf22c061cf073210aa,apnews.com,200,news,no,,,no
2026-05-15,texas-republican-senate-primary-winner,Texas Republican Senate Primary Winner,Ken Paxton announces settlement with Texas Children’s Hospital over gender-affirming care,AP News,https://apnews.com/article/genderaffirming-care-minors-texas-hospital-29f0f2d157395cb6a70f53ba29c36b5b,apnews.com,200,news,no,,,no
2026-05-15,israeli-parliament-dissolved-by-october-31,Israeli parliament dissolved by...?,Israeli cabinet debates settlement expansion amid political pressure,AP News,https://apnews.com/article/mideast-wars-israel-palestine-west-bank-04a9ec4d55e1e0556428ca23c70efe91,apnews.com,200,news,no,,,no
2026-05-15,israeli-parliament-dissolved-by-october-31,Israeli parliament dissolved by...?,"Israel recovers remains of last hostage in Gaza, advancing ceasefire phase",AP News,https://apnews.com/article/israel-gaza-hamas-rafah-26-1-2026-c0b373a26ef7f4524b9b2bdad766cfda,apnews.com,200,news,no,,,no
2026-05-15,israeli-parliament-dissolved-by-october-31,Israeli parliament dissolved by...?,UNRWA demolition controversy sparks protests in Jerusalem,AP News,https://apnews.com/article/israel-palestinians-gaza-east-jerusalem-unrwa-cc9c5b2cac2332f0207d485f381be53d,apnews.com,200,news,no,,,no
2026-05-15,harvey-weinstein-prison-time,Harvey Weinstein prison time?,"Jury deadlocks again on Weinstein rape charge, mistrial declared",Associated Press,https://apnews.com/article/harvey-weinstein-rape-retrial-jury-deliberations-metoo-5a7dbc5b8007e0d5bb02be104a2946b0,apnews.com,200,news,no,,,no
2026-05-15,what-will-fed-rate-hit-before-2027,What will Fed Rate hit before 2027?,Justice Department ends criminal investigation of Fed Chair Powell,AP News,https://apnews.com/article/federal-reserve-investigation-powell-justice-department-28d04cc0d99cda25cea69931f65e25d3,apnews.com,200,news,no,,,no
2026-05-16,brazil-presidential-election,Brazil Presidential Election,Judge orders house arrest for 10 convicted in Bolsonaro coup plot,AP News,https://apnews.com/article/brazil-coup-plot-house-arrests-5b74f4b78ecf7f802c62434f38f128a3,apnews.com,200,news,no,,,no
2026-05-16,will-russia-capture-kostyantynivka-by,Will Russia capture Kostyantynivka by...?,"Car bomb kills Russian general in Moscow, suspected Ukrainian intelligence involvement",AP News,https://apnews.com/article/russia-explosion-general-killed-sarvarov-73413ae5936609832f706ab26f864b3c,apnews.com,200,news,no,,,no
2026-05-16,will-russia-capture-kostyantynivka-by,Will Russia capture Kostyantynivka by...?,Palestinians mourn Hamas leader killed in conflict amid regional tensions,AP News,https://apnews.com/hub/israel-hamas-war,apnews.com,200,news,no,,,no
2026-05-16,next-uk-prime-minister-in-2026-122,Next UK Prime Minister in 2026?,Wes Streeting officially announces bid to replace Keir Starmer as Labour leader,AP News,https://apnews.com/article/britain-politics-streeting-starmer-prime-minister-ffeb9e78cf0f156abc70e1e794f7fa23,apnews.com,200,news,no,,,no
2026-05-16,california-governor-election-2026,California Governor Election Winner,Tom Steyerâs chances decline as Xavier Becerra rises in California governor race,AP News,https://apnews.com/article/california-governor-election-tom-steyer-1de30f4501b91c3bc9969c54aa13c19d,apnews.com,200,news,no,,,no
2026-05-16,miguel-daz-canel-out-as-leader-of-cuba-by-june-30,Miguel Díaz-Canel out as leader of Cuba by...?,DÃ­azâCanel warns of worsening energy crisis as U.S. block deepens,AP News,https://apnews.com/article/cuba-economy-oil-crisis-us-6b2b44a4818616bbc542b7b63159a47b,apnews.com,200,news,no,,,no
2026-05-16,texas-republican-senate-primary-winner,Texas Republican Senate Primary Winner,Ken Paxton surges to near-certain primary win days before election,AP News,https://apnews.com/article/texas-senate-republicans-cornyn-paxton-hunt-01f1ffaf8a890e3017af407abe502e8f,apnews.com,200,news,no,,,no
2026-05-16,brazil-presidential-election,Brazil Presidential Election,Judge orders house arrest for 10 convicted in Bolsonaro coup plot,AP News,https://apnews.com/article/brazil-coup-plot-house-arrests-5b74f4b78ecf7f802c62434f38f128a3,apnews.com,200,news,no,,,no
2026-05-16,iran-closes-its-airspace-by,Iran closes its airspace by...?,Iran resumes commercial flights at Tehran’s international airport amid ceasefire,AP News,https://apnews.com/live/iran-war-israel-trump-04-25-2026,apnews.com,200,news,no,,,no
2026-05-16,ky-04-republican-primary-winner,KY-04 Republican Primary Winner,Ed Gallrein receives key local endorsement boosting campaign momentum,AP News,https://apnews.com/article/kentucky-primary-gallrein-endorsement,apnews.com,404,dead link,yes,archived,real_dead_link,no
2026-05-16,starmer-out-in-2025,Starmer out by...?,Labour lawmakers call for Starmer to resign following Mandelson revelations,AP News,https://apnews.com/article/uk-starmer-peter-mandelson-epstein-ea1e52adb8399eb97825f5c34b3c7343,apnews.com,200,news,no,,,no
2026-05-16,trump-announces-us-blockade-of-hormuz-lifted-by,Trump announces US blockade of Hormuz lifted by...?,"U.S. Navy continues blockade, no ships allowed through",AP News,https://apnews.com/article/us-iran-war-israel-trump-lebanon-blockade-hormuz-april-13-2026-ed7a6cd4bc61dc47f317a2c82afcc1c9,apnews.com,200,news,no,,,no
2026-05-16,us-x-iran-diplomatic-meeting-by-329,US x Iran diplomatic meeting by...?,Iran’s army chief warns of pre‑emptive attack after US rhetoric,AP News,https://apnews.com/article/iran-protests-us-israel-war-nuclear-dca88a657009aae21e2b8b5086c682ce,apnews.com,200,news,no,,,no
2026-05-16,us-x-iran-diplomatic-meeting-by-329,US x Iran diplomatic meeting by...?,"US announces “Project Freedom” to guide ships through Hormuz, then pauses it",AP News,https://apnews.com/article/shipping-firms-whipsawed-hormuz-03af894eaddb8ede53928babc76e2,apnews.com,404,dead link,yes,archived,real_dead_link,no
2026-05-16,what-iranian-demands-will-trump-agree-to-by-may-31,What Iranian demands will Trump agree to by May 31?,Trump hints at winding down military efforts in Middle East,AP News,https://apnews.com/article/iran-iraq-us-israel-trump-march-20-2026-28202423a66327455e898deab2fde88c,apnews.com,200,news,no,,,no
2026-05-16,texas-republican-senate-primary-winner,Texas Republican Senate Primary Winner,Ken Paxton’s campaign releases new TV ad featuring Trump footage,AP News,https://apnews.com/article/stephen-colbert-james-talarico-donald-trump-fcc-806845facffd3ab3e30142971be16add,apnews.com,200,news,no,,,no
2026-05-16,israeli-parliament-dissolved-by-october-31,Israeli parliament dissolved by...?,Israeli President delays decision on Netanyahu's request to halt corruption trial,AP News,https://apnews.com/live/iran-war-israel-trump-04-25-2026,apnews.com,200,news,no,,,no
2026-05-17,brazil-presidential-election,Brazil Presidential Election,Electoral Authority poll lifts Renan Santos to doubleâdigit support in Minasâ¯Gerais,AP News,https://apnews.com/article/brazil-2026-election-poll-renan-santos,apnews.com,404,dead link,yes,archived,real_dead_link,no
2026-05-17,netanyahu-out-before-2027,Netanyahu out by...?,Israel launches large-scale operation to locate last hostage in Gaza amid ceasefire talks,AP News,https://apnews.com/article/gaza-israel-hamas-palestinians-hostage-gvili-d57a28eb5371785588d4b955f9dd2a46,apnews.com,200,news,no,,,no
2026-05-17,us-x-iran-permanent-peace-deal-by,US x Iran permanent peace deal by...?,Iran’s foreign minister returns to Pakistan amid stalled talks; Trump cancels envoy trip,AP News,https://apnews.com/article/us-iran-war-hormuz-israel-pakistan-ceasefire-april-26-2026-9f7bcaf20c42b56d3dba4b504936f7ee,apnews.com,200,news,no,,,no
2026-05-17,colombia-presidential-election,Colombia Presidential Election,Final polls show close race between Abelardo de la Espriella and Iván Cepeda Castro,AP News,https://apnews.com/article/colombia-election-final-polls,apnews.com,404,dead link,yes,archived,real_dead_link,no
2026-05-17,us-x-iran-diplomatic-meeting-by-329,US x Iran diplomatic meeting by...?,President Trump rejects Iran’s latest cease‑fire proposal,AP News,https://apnews.com/article/iran-us-war-ceasefire-negotiations-strait-b48635e586e2907caae65b58bd03f5b7,apnews.com,200,news,no,,,no
2026-05-17,us-x-iran-permanent-peace-deal-by,US x Iran permanent peace deal by...?,U.S. maintains naval blockade despite cease‑fire expiration,AP News,https://apnews.com/article/iran-us-war-strait-hormuz-fuel-price-economy-numbers-408faf6d6fb1c0aa104d059257204f52,apnews.com,200,news,no,,,no
2026-05-17,us-x-iran-permanent-peace-deal-by,US x Iran permanent peace deal by...?,Iran’s foreign minister returns to Pakistan amid stalled talks; Trump cancels envoy trip,AP News,https://apnews.com/article/us-iran-war-hormuz-israel-pakistan-ceasefire-april-26-2026-9f7bcaf20c42b56d3dba4b504936f7ee,apnews.com,200,news,no,,,no
2026-05-18,will-russia-capture-kostyantynivka-by,Will Russia capture Kostyantynivka by...?,Ukraineâs Zelenskyy criticizes Europeâs slow response amid ongoing war,AP News,https://apnews.com/article/russia-ukraine-war-davos-peace-europe-2868a90778ddd304002b91f5d06fe454,apnews.com,200,news,no,,,no
2026-05-18,will-russia-capture-kostyantynivka-by,Will Russia capture Kostyantynivka by...?,Russia's Defense Ministry reports downing of Ukrainian drones over Russia,AP News,https://apnews.com/article/russia-ukraine-war-peace-talks-zelenskyy-abu-dhabi-cfc323e160c058891604be05ca8c56f9,apnews.com,200,news,no,,,no
2026-05-18,miguel-daz-canel-out-as-leader-of-cuba-by-june-30,Miguel Díaz-Canel out as leader of Cuba by...?,U.S. announces further $6â¯million aid package for Cubaâs eastern provinces,AP News,https://apnews.com/article/us-cuba-aid-melissa-trump-diaz-canel-636551892a2f59f43b657f1e71997b0b,apnews.com,200,news,no,,,no
2026-05-18,us-x-iran-permanent-peace-deal-by,US x Iran permanent peace deal by...?,Trump and Netanyahu discuss Iran talks and regional security,AP News,https://apnews.com/article/israel-iran-trump-netanyahu-nuclear-talks-fa5be8069deb4b1b01cdf30d3e3525e7,apnews.com,200,news,no,,,no
2026-05-18,colombia-presidential-election,Colombia Presidential Election,Abelardo de la Espriella and Iván Cepeda Castro lead final polls before election,AP News,https://apnews.com/article/colombia-election-final-polls-2026,apnews.com,404,dead link,yes,error:TimeoutError,dead_unknown,unknown
2026-05-18,ky-04-republican-primary-winner,KY-04 Republican Primary Winner,Ed Gallrein surges in final primary polling,AP News,https://apnews.com/article/congress-kentucky-massie-gallrein-venezuela-c6942fd0734a2381fd9b1de06f4331de,apnews.com,200,news,no,,,no
2026-05-18,starmer-out-in-2025,Starmer out by...?,"Labour blocks Andy Burnham's bid for parliamentary seat, sparking internal party row",AP News,https://apnews.com/article/uk-labour-party-starmer-burnham-b63b1acaff7058eb2a22b730c0560390,apnews.com,200,news,no,,,no
2026-05-18,starmer-out-in-2025,Starmer out by...?,"Labour blocks Andy Burnham’s bid for Parliament, sparking internal party conflict",AP News,https://apnews.com/article/uk-labour-party-starmer-burnham-b63b1acaff7058eb2a22b730c0560390,apnews.com,200,news,no,,,no
2026-05-18,trump-announces-us-blockade-of-hormuz-lifted-by,Trump announces US blockade of Hormuz lifted by...?,Iran threatens to halt regional trade if U.S. blockade continues,AP News,https://apnews.com/article/iran-us-war-hormuz-israel-pakistan-ceasefire-april-26-2026-9f7bcaf20c42b56d3dba4b504936f7ee,apnews.com,200,news,no,,,no
2026-05-18,trump-announces-us-blockade-of-hormuz-lifted-by,Trump announces US blockade of Hormuz lifted by...?,Iran announces willingness to reopen Hormuz if blockade lifted,AP News,https://apnews.com/article/iran-us-war-strait-hormuz-fb8c9d...,apnews.com,404,dead link,yes,archived,real_dead_link,no
2026-05-18,us-x-iran-diplomatic-meeting-by-329,US x Iran diplomatic meeting by...?,Iran says U.S. maximalist demands stall face‑to‑face talks in Turkey,AP News,https://apnews.com/article/iran-deputy-foreign-minister-interview-40d8e43e3c7b5a23cda6783b064b9dbf,apnews.com,200,news,no,,,no
2026-05-18,us-x-iran-diplomatic-meeting-by-329,US x Iran diplomatic meeting by...?,"US‑Iran cease‑fire expires, no in‑person meeting reported",AP News,https://apnews.com/article/iran-us-war-2026-05-18,apnews.com,404,dead link,yes,archived,real_dead_link,no
2026-05-18,us-x-iran-diplomatic-meeting-by-329,US x Iran diplomatic meeting by...?,"Iran’s Revolutionary Guard fires on ships in Hormuz, tightening blockade",AP News,https://apnews.com/article/us-iran-war-israel-trump-04-18-2026-ab475cb979825b956a10d60103026b37,apnews.com,200,news,no,,,no
2026-05-18,harvey-weinstein-prison-time,Harvey Weinstein prison time?,Harvey Weinstein reports chest pain during jury deliberations,AP News,https://apnews.com/article/harvey-weinstein-rape-retrial-jury-deliberations-metoo-797f535c9e0801ccb25281f9df0ce838,apnews.com,200,news,no,,,no
2026-05-19,which-party-will-win-the-house-in-2026,Which party will win the House in 2026?,Virginia Supreme Court upholds ruling striking down Democratic redistricting plan,AP News,https://apnews.com/article/redistricting-virginia-congress-democrats-republicans-12a31037f3c9a94d3cb9fbcaaf84d94f,apnews.com,200,news,no,,,no
2026-05-19,nobel-peace-prize-winner-2026-139,Nobel Peace Prize Winner 2026,UNRWA gains attention amid Middle East conflict and humanitarian concerns,AP News,https://apnews.com/photo-gallery/see-world-vertical-top-photos-ap-photojournalists-382704cebb6c443084e810d577e281d0,apnews.com,200,news,no,,,no
2026-05-19,us-x-iran-permanent-peace-deal-by,US x Iran permanent peace deal by...?,U.S. forces disable two Iranian tankers in Strait of Hormuz,AP News,https://apnews.com/article/iran-us-israel-war-may-8-2026-6490db55a65880a61a6233eff7acc68b,apnews.com,200,news,no,,,no
2026-05-19,texas-republican-senate-primary-winner,Texas Republican Senate Primary Winner,Ken Paxton surges in polls ahead of Texas GOP Senate runoff,AP News,https://apnews.com/article/texas-republicans-senate-runoff-cornyn-paxton-263f058c839e8ef8c6c374804d6875ce,apnews.com,200,news,no,,,no
2026-05-19,colombia-presidential-election,Colombia Presidential Election,Petro clashes with Trump over Venezuela and regional influence,AP News,https://apnews.com/article/colombia-petro-trump-venezuela-maduro-eaf98a41ae427a2d218910606a6fa3e0,apnews.com,200,news,no,,,no
2026-05-19,iran-closes-its-airspace-by,Iran closes its airspace by...?,Trump administration confirms El Paso airspace closure due to cartel drone threat,AP News,https://apnews.com/article/trump-pope-leo-xiv-02f6b4554ea4b83af02af15987ae1f2d,apnews.com,200,news,no,,,no
2026-05-19,ky-04-republican-primary-winner,KY-04 Republican Primary Winner,Primary election day for KY-04,AP News,https://apnews.com/article/new-jersey-special-congressional-primary-election-nj11-127f7a03f12f9a29f1ca4e222746bdda,apnews.com,200,news,no,,,no
2026-05-19,starmer-out-in-2025,Starmer out by...?,"Labour blocks Andy Burnham’s bid for Parliament seat, sparking party row",AP News,https://apnews.com/article/uk-labour-party-starmer-burnham-b63b1acaff7058eb2a22b730c0560390,apnews.com,200,news,no,,,no
2026-05-19,us-x-iran-diplomatic-meeting-by-329,US x Iran diplomatic meeting by...?,U.S. opts for phone talks over sending envoys to Islamabad,AP News,https://apnews.com/article/us-iran-war-hormuz-israel-pakistan-ceasefire-april-26-2026-9f7bcaf20c42b56d3dba4b504936f7ee,apnews.com,200,news,no,,,no
2026-05-19,us-x-iran-permanent-peace-deal-by,US x Iran permanent peace deal by...?,U.S. forces disable two Iranian tankers in Strait of Hormuz,AP News,https://apnews.com/article/iran-us-israel-war-may-8-2026-6490db55a65880a61a6233eff7acc68b,apnews.com,200,news,no,,,no
2026-05-19,texas-republican-senate-primary-winner,Texas Republican Senate Primary Winner,Ken Paxton surges in polls ahead of Texas GOP Senate runoff,AP News,https://apnews.com/article/texas-republicans-senate-runoff-cornyn-paxton-263f058c839e8ef8c6c374804d6875ce,apnews.com,200,news,no,,,no
2026-05-20,presidential-election-winner-2028,Presidential Election Winner 2028,JD Vance announces fourth child on social media,AP News,https://apnews.com/article/usha-vance-pregnant-child-boy-vice-president-40098e3b09e0c8c2b3c43470a81cc39b,apnews.com,200,news,no,,,no
2026-05-20,presidential-election-winner-2028,Presidential Election Winner 2028,Thomas Massie gains slight market support,AP News,https://apnews.com/hub/thomas-massie,apnews.com,200,news,no,,,no
2026-05-20,will-russia-capture-kostyantynivka-by,Will Russia capture Kostyantynivka by...?,"Russian general killed by car bomb in Moscow, suspected Ukrainian involvement",AP News,https://apnews.com/article/russia-explosion-general-killed-sarvarov-73413ae5936609832f706ab26f864b3c,apnews.com,200,news,no,,,no
2026-05-20,california-governor-election-2026,California Governor Election Winner,Xavier Becerra leads California governor race as primary nears,AP News,https://apnews.com/article/california-governor-2026-xavier-becerra-newsom-harris-00f7ad96bd6e0f443da5f8e8727e0d52,apnews.com,200,news,no,,,no
2026-05-20,us-x-iran-permanent-peace-deal-by,US x Iran permanent peace deal by...?,US-Iran talks planned in Pakistan amid ongoing ceasefire efforts,AP News,https://apnews.com/article/us-iran-war-lebanon-israel-talks-hormuz-14-april-2026-24655d40b2d968c39949e5ec2e01535b,apnews.com,200,news,no,,,no
2026-05-20,texas-republican-senate-primary-winner,Texas Republican Senate Primary Winner,Market closes with Ken Paxton as the projected winner,AP News,https://apnews.com/article/texas-senate-republicans-cornyn-paxton-hunt-01f1ffaf8a890e3017af407abe502e8f,apnews.com,200,news,no,,,no
2026-05-20,brazil-presidential-election,Brazil Presidential Election,Former President Jair Bolsonaro hospitalized briefly after prison fall,AP News,https://apnews.com/article/brazil-bolsonaro-fall-bed-prison-hospital-health-c20b5d799863cb65e9642a27b0d088ce,apnews.com,200,news,no,,,no
2026-05-20,starmer-out-in-2025,Starmer out by...?,"Labour blocks Andy Burnham’s bid for Parliament seat, sparking party row",AP News,https://apnews.com/article/uk-labour-party-starmer-burnham-b63b1acaff7058eb2a22b730c0560390,apnews.com,200,news,no,,,no
2026-05-20,us-x-iran-diplomatic-meeting-by-329,US x Iran diplomatic meeting by...?,"Trump calls for direct talks with China’s Xi on Iran, but no in‑person meeting scheduled",AP News,https://apnews.com/article/us-china-trump-xi-iran-call-441425004d3d695df87f3f7c0b62492e,apnews.com,200,news,no,,,no
2026-05-20,us-x-iran-permanent-peace-deal-by,US x Iran permanent peace deal by...?,Vice President Vance leads new U.S. delegation to Pakistan for Iran talks,AP News,https://apnews.com/article/us-iran-war-israel-hormuz-19-april-2026-0a637f98d588930f195f61cffe07d4f3,apnews.com,200,news,no,,,no
2026-05-20,us-x-iran-permanent-peace-deal-by,US x Iran permanent peace deal by...?,US-Iran talks planned in Pakistan amid ongoing ceasefire efforts,AP News,https://apnews.com/article/us-iran-war-lebanon-israel-talks-hormuz-14-april-2026-24655d40b2d968c39949e5ec2e01535b,apnews.com,200,news,no,,,no
2026-05-20,texas-republican-senate-primary-winner,Texas Republican Senate Primary Winner,Market closes with Ken Paxton as the projected winner,AP News,https://apnews.com/article/texas-senate-republicans-cornyn-paxton-hunt-01f1ffaf8a890e3017af407abe502e8f,apnews.com,200,news,no,,,no
2026-05-20,texas-republican-senate-primary-winner,Texas Republican Senate Primary Winner,Final poll shows Cornyn lagging far behind Paxton ahead of May runoff,AP News,https://apnews.com/article/texas-primary-cornyn-paxton-poll-2026-05-20,apnews.com,404,dead link,yes,archived,real_dead_link,no
2026-05-21,republican-presidential-nominee-2028,Republican Presidential Nominee 2028,"JD Vance announces expecting fourth child, highlighting family values",AP News,https://apnews.com/article/usha-vance-pregnant-child-boy-vice-president-40098e3b09e0c8c2b3c43470a81cc39b,apnews.com,200,news,no,,,no
2026-05-21,will-russia-capture-kostyantynivka-by,Will Russia capture Kostyantynivka by...?,Russia and Ukraine conduct prisoner exchange following peace talks in Abu Dhabi,AP News,https://apnews.com/article/russia-ukraine-talks-peace-abu-dhabi-witkoff-31ccc70ae7599507bc5a98a6cd87e2aa,apnews.com,200,news,no,,,no
2026-05-21,where-will-zelenskyy-and-putin-meet-next,Where will Zelenskyy and Putin meet next before 2027?,Putin and Lukashenko hold joint nuclearâdrill video call,AP News,https://apnews.com/article/russia-belarus-ukraine-war-lukashenko-putin-zelenskyy-1c084e433e7caa8503a92396b46c6538,apnews.com,200,news,no,,,no
2026-05-21,california-governor-election-2026,California Governor Election Winner,Rick Carusoâs campaign support falls to zero in California governor race,AP News,https://apnews.com/article/california-governor-democrats-tom-steyer-billionaire-6e55c315e687a8cae88012a404753b07,apnews.com,200,news,no,,,no
2026-05-21,us-x-iran-permanent-peace-deal-by,US x Iran permanent peace deal by...?,Market optimism rises on reports of improved US-Iran diplomatic talks,AP News,https://apnews.com/article/us-iran-war-israel-trump-04-26-2026-9f7bcaf20c42b56d3dba4b504936f7ee,apnews.com,200,news,no,,,no
2026-05-21,starmer-out-in-2025,Starmer out by...?,Senior Cabinet ministers rally around Starmer amid leadership crisis,AP News,https://apnews.com/article/keir-starmer-mandelson-epstein-ambassador-security-vetting-266cda693968937f15a661f39f48663c,apnews.com,200,news,no,,,no
2026-05-21,trump-announces-us-blockade-of-hormuz-lifted-by,Trump announces US blockade of Hormuz lifted by...?,US stocks rise to records after solid jobs report,AP News,https://apnews.com/article/stocks-markets-oil-iran-trump-28e493ba47e80517a743ecd54fb6acbc,apnews.com,200,news,no,,,no
2026-05-21,trump-announces-us-blockade-of-hormuz-lifted-by,Trump announces US blockade of Hormuz lifted by...?,Iran's envoy urges UN to condemn US blockade and attacks on Iranian oil tankers,AP News,https://apnews.com/live/trump-administration-updates-05-08-2026,apnews.com,200,news,no,,,no
2026-05-21,us-x-iran-permanent-peace-deal-by,US x Iran permanent peace deal by...?,Market optimism rises on reports of improved US-Iran diplomatic talks,AP News,https://apnews.com/article/us-iran-war-israel-trump-04-26-2026-9f7bcaf20c42b56d3dba4b504936f7ee,apnews.com,200,news,no,,,no
2026-05-22,california-governor-election-2026,California Governor Election Winner,Eric Swalwell exits California governor race amid sexual assault allegations,AP News,https://apnews.com/article/eric-swalwell-congress-california-governor-election-f485eacb0aa43d04e534430cfaa704e1,apnews.com,200,news,no,,,no
2026-05-22,california-governor-election-2026,California Governor Election Winner,Kamala Harris and Rick Caruso probabilities fall to zero in California governor race,AP News,https://apnews.com/article/california-governor-2026-katie-porter-kamala-harris-ad1fadd10a0f32ef36f75aa3f14c82d6,apnews.com,200,news,no,,,no
2026-05-22,california-governor-election-2026,California Governor Election Winner,Republican candidates Chad Bianco and Steve Hilton remain longshots in California governor race,AP News,https://apnews.com/article/california-governor-race-riverside-county-sheriff-9f251ca0f09a16344ae3902c7ffe009e,apnews.com,200,news,no,,,no
2026-05-27,netanyahu-out-before-2027,Netanyahu out by...?,Israel's military orders evacuation in southern Lebanon amid conflict with Hezbollah,Associated Press,https://www.britannica.com/biography/Benjamin-Netanyahu,britannica.com,403,wrong outlet,yes,,wrong_domain,yes
2026-05-28,netanyahu-out-before-2027,Netanyahu out by...?,Israeli military strikes southern Beirut under Netanyahu's leadership,AP News,https://www.britannica.com/biography/Benjamin-Netanyahu,britannica.com,403,wrong outlet,yes,,wrong_domain,yes
2026-05-28,us-announces-new-iran-agreementceasefire-extension-by,US announces new Iran agreement/ceasefire extension by...?,U.S. and Iranian negotiators reach tentative 60-day ceasefire extension deal pending Trump approval,Associated Press,https://apnews.com/article/iran-us-war-oil-may-28-2026-8f5ed2813ba63df7ae9ccbe991688d29,apnews.com,200,news,no,,,no
2026-05-30,balance-of-power-2026-midterms,Balance of Power: 2026 Midterms,"AP, Fox, NBC call House at narrow Republican majority pending certification",Associated Press,https://apnews.com/2026/05/30/house-results,apnews.com,404,dead link,yes,archived,real_dead_link,no
2026-06-02,balance-of-power-2026-midterms,Balance of Power: 2026 Midterms,"AP, Fox, and NBC certify Democratsâcontrolled House and Republicanâcontrolled Senate",AP News,https://apnews.com/article/2026-midterms-final-results-06-02,apnews.com,404,dead link,yes,archived,real_dead_link,no
2026-06-02,los-angeles-mayoral-election-117,Los Angeles Mayoral Election,Los Angeles Mayoral Primary Election Results: Karen Bass and Nithya Raman Advance to Runoff,Associated Press,https://apnews.com/projects/elections-2026/los-angeles-california-general-results-mayor/,apnews.com,200,news,no,,,no
2026-06-04,harvey-weinstein-prison-time,Harvey Weinstein prison time?,Judge sets July sentencing date for Weinstein retrial,AP News,https://apnews.com/article/harvey-weinstein-rape-retrial-72d8b9d01c4159fa6ae6d9fb865a4fa2,apnews.com,200,news,no,,,no
2026-06-05,maine-senate-election-winner,Maine Senate Election Winner,Graham Platner denies allegations of past violent behavior,Associated Press,https://en.wikipedia.org/wiki/2026_United_States_Senate_election_in_Maine,en.wikipedia.org,200,wikipedia,no,,,no
2026-06-08,los-angeles-mayoral-election-117,Los Angeles Mayoral Election,Nithya Raman officially secures spot in November runoff over Spencer Pratt,Associated Press,https://digitalchew.com/nithya-raman-progressive-surge-la-mayoral-showdown/,digitalchew.com,200,wrong outlet,yes,,wrong_domain,yes
2026-06-09,which-party-will-win-the-house-in-2026,Which party will win the House in 2026?,Nevada holds U.S. House primary elections with key GOP contests,AP News,https://apnews.com/projects/elections-2026/nevada-primary-results-us-house/,apnews.com,200,news,no,,,no
2026-06-09,balance-of-power-2026-midterms,Balance of Power: 2026 Midterms,Key Senate and House primaries conclude shaping November matchups,AP News,https://apnews.com/projects/elections-2026/,apnews.com,200,news,no,,,no
2026-06-09,balance-of-power-2026-midterms,Balance of Power: 2026 Midterms,Nevada GOP primary and South Carolina races highlight Republican challenges,AP News,https://apnews.com/projects/elections-2026/,apnews.com,200,news,no,,,no
2026-06-09,california-governor-election-2026,California Governor Election Winner,Democrat Xavier Becerra and Republican Steve Hilton will face off in California governorâs race,Associated Press,https://www.kvpr.org/government-politics/2026-06-09/democrat-xavier-becerra-and-republican-steve-hilton-will-face-off-in-california-governors-race,kvpr.org,200,wrong outlet,yes,,wrong_domain,yes
2026-06-09,trump-announces-us-x-iran-ceasefire-over-byptptpt-20260607232555290,Trump announces US x Iran ceasefire over by...?,"President Trump calls off new military strikes on Iran, cites breakthrough in talks",AP News,https://apnews.com/article/iran-us-ceasefire-hezbollah-israel-11-june-2026-3c2c6d356a1e25b4d7edf66b2edba57d,apnews.com,200,news,no,,,no
2026-06-10,which-party-will-win-the-senate-in-2026,Which party will win the Senate in 2026?,Donald Trump Endorses Susan Collins in Maine Senate Race,AP News,https://apnews.com/article/trump-collins-maine-senate-republicans-reelection-5333d177cb972102d1d87c0124ef76d5,apnews.com,200,news,no,,,no
2026-06-10,maine-senate-election-winner,Maine Senate Election Winner,Graham Platner denies sexual assault allegations amid campaign controversy,Associated Press,https://apnews.com/article/maine-senate-election-susan-collins-graham-platner-202ba010d7281db0dcd840d6c3ca0020,apnews.com,200,news,no,,,no
2026-06-10,iran-agrees-to-surrender-enriched-uranium-stockpile-by,Iran agrees to surrender enriched uranium stockpile by...?,IAEA reports inability to verify Iran's uranium enrichment suspension,Associated Press,https://english.aawsat.com/world/5245513-iaea-says-unable-verify-whether-iran-has-suspended-all-uranium-enrichment,english.aawsat.com,200,wrong outlet,yes,,wrong_domain,yes
2026-06-12,israel-withdraws-from-lebanon-by,Israel withdraws from Lebanon by...?,Lebanese army withdraws from southern village after Israeli advance,AP News,https://apnews.com/article/lebanon-israel-iran-hezbollah-7423a633aad2c74378e3024110af0a09,apnews.com,200,news,no,,,no
2026-06-12,trump-announces-us-x-iran-ceasefire-over-byptptpt-20260607232555290,Trump announces US x Iran ceasefire over by...?,Pakistan announces US and Iran have agreed on final text of peace agreement,AP News,https://apnews.com/article/iran-us-ceasefire-hezbollah-israel-12-june-2026-7085e386e1c40ee6cfe634210970143f,apnews.com,200,news,no,,,no
2026-06-14,starmer-out-in-2025,Starmer out by...?,Keir Starmer vows to fight for premiership after defence minister resignations,AP News,https://apnews.com/article/keir-starmer-leadership-john-healey-resignation-742638cda34ece4ec304e47dd2df8bc8,apnews.com,200,news,no,,,no
2026-06-15,netanyahu-out-before-2027,Netanyahu out by...?,Interim US-Iran peace deal sparks Israeli backlash and calls for Netanyahu's resignation,AP News,https://apnews.com/hub/benjamin-netanyahu,apnews.com,200,news,no,,,no
2026-06-17,who-will-sign-uptspt-x-iran-deal-20260612002238373,Who will sign U.S. x Iran deal?,U.S. President Donald Trump signs initial U.S.-Iran peace deal at Versailles dinner,Associated Press,https://apnews.com/article/iran-us-israel-war-oil-deal-june-17-2026-19652f4611b704c0a991bf1f5bc9a4b9,apnews.com,200,news,no,,,no
2026-06-17,ukraine-election-called-in-2025,Ukraine election called by...?,G7 leaders pledge more vital help for Ukraine amid ongoing war,AP News,https://apnews.com/article/ukraine-g7-2026,apnews.com,404,dead link,yes,never_archived,never_archived,yes
2026-06-18,israel-withdraws-from-lebanon-by,Israel withdraws from Lebanon by...?,Israel and Hezbollah agree to halt fighting amid US-Iran talks,Associated Press,https://apnews.com/article/iran-us-israel-lebanon-oil-june-19-2026-635ad6f41610df8355d24cc301a75fc4,apnews.com,200,news,no,,,no
2026-06-18,ukraine-election-called-in-2025,Ukraine election called by...?,European Union seeks to reopen communication channel with Russia amid stalled peace talks,AP News,https://apnews.com/hub/ukraine,apnews.com,200,news,no,,,no
2026-06-20,ukraine-election-called-in-2025,Ukraine election called by...?,Zelenskyy returns Poland's highest honor after dispute over history,AP News,https://apnews.com/article/zelenskyy-poland-honor-2026,apnews.com,404,dead link,yes,never_archived,never_archived,yes
2026-06-22,presidential-election-winner-2028,Presidential Election Winner 2028,JD Vance says Iran will allow UN nuclear inspectors after Swiss talks,Associated Press,https://apnews.com/article/irannuclearinspectors-vance-2026,apnews.com,404,dead link,yes,archived,real_dead_link,no
2026-06-23,us-iran-final-nuclear-deal-by-20260621201254412,US-Iran Final Nuclear Deal by…?,U.S. and Iran Clash Over Scope of Agreed Nuclear Inspections,AP News,https://apnews.com/article/iran-us-israel-lebanon-june-20-2026-e9271996cf8e1e774cbc4ddd7bd4e6b3,apnews.com,200,news,no,,,no
2026-06-23,which-party-will-win-the-house-in-2026,Which party will win the House in 2026?,South Carolina and Utah primaries finalize key House candidates,AP News,https://apnews.com/projects/elections-2026/south-carolina-primary-runoff-results-us-house/,apnews.com,200,news,no,,,no
2026-06-23,which-party-will-win-the-house-in-2026,Which party will win the House in 2026?,Primary elections held across states for 2026 House nominees,AP News,https://apnews.com/projects/elections-2026/,apnews.com,200,news,no,,,no
2026-06-23,balance-of-power-2026-midterms,Balance of Power: 2026 Midterms,Primary elections finalize candidates for November midterms,AP News,https://apnews.com/projects/elections-2026/,apnews.com,200,news,no,,,no
2026-06-24,us-iran-final-nuclear-deal-by-20260621201254412,US-Iran Final Nuclear Deal by…?,IAEA chief says inspectors will visit Iranian enrichment sites under interim deal,AP News,https://apnews.com/article/iran-us-israel-lebanon-june-20-2026-e9271996cf8e1e774cbc4ddd7bd4e6b3,apnews.com,200,news,no,,,no
2026-06-25,presidential-election-winner-2028,Presidential Election Winner 2028,Secretary of State Marco Rubio says no UkraineâRussia deal reached at Alaska summit,AP News,https://apnews.com/hub/marco-rubio,apnews.com,200,news,no,,,no
2026-06-25,harvey-weinstein-prison-time,Harvey Weinstein prison time?,Weinstein's rape charge dismissed after second mistrial; no fourth trial planned,Associated Press,https://apnews.com/article/harvey-weinstein-rape-retrial-jury-deliberations-metoo-5a7dbc5b8007e0d5bb02be104a2946b0,apnews.com,200,news,no,,,no
2026-06-27,which-party-will-win-the-senate-in-2026,Which party will win the Senate in 2026?,Julia Letlow wins Louisiana GOP Senate runoff with Trump endorsement,AP News,https://apnews.com/article/louisiana-republican-senate-primary-2026-cassidy-letlow-1c8b927fd981c40cb4a538b0f89671dc,apnews.com,200,news,no,,,no
2026-06-28,putin-out-before-2027,Putin out as President of Russia by...?,Putin admits Ukrainian drone attacks caused Russian fuel shortages,AP News,https://apnews.com/hub/vladimir-putin,apnews.com,200,news,no,,,no
2026-06-28,putin-out-before-2027,Putin out as President of Russia by...?,Putin admits fuel shortages caused by Ukrainian drone attacks,AP News,https://apnews.com/hub/vladimir-putin,apnews.com,200,news,no,,,no
2026-06-29,putin-out-before-2027,Putin out as President of Russia by...?,Putin acknowledges fuel shortages amid Ukrainian drone strikes on energy infrastructure,AP News,https://apnews.com/article/putin-fuel-shortages-ukraine-drone-strikes-2026,apnews.com,404,dead link,yes,never_archived,never_archived,yes
2026-06-29,next-round-of-us-iran-peace-talks-byptptpt-20260623022722982,Next round of US-Iran peace talks by...?,Iran rejects reports of scheduled technical talks with US in Doha,Associated Press,https://apnews.com/article/iran-us-war-strait-of-hormuz-june-29-2026-r52964,apnews.com,404,dead link,yes,archived,real_dead_link,no
2026-06-30,us-iran-final-nuclear-deal-by-20260621201254412,US-Iran Final Nuclear Deal by…?,U.S. envoys arrive in Qatar for talks on Iran after weekend attacks,AP News,https://apnews.com/article/iran-us-war-strait-of-hormuz-june-30-2026-d6e6bc2e03564b6d0daffecd75baaef3,apnews.com,200,news,no,,,no
2026-06-30,netanyahu-out-before-2027,Netanyahu out by...?,Netanyahu faces criticism after US-Iran interim peace deal,AP News,https://apnews.com/article/netanyahu-israel-iran-deal-trump-580112432fa563e6eb299640453e3ba9,apnews.com,200,news,no,,,no
2026-07-01,us-iran-final-nuclear-deal-by-20260621201254412,US-Iran Final Nuclear Deal by…?,US and Iranian negotiators conclude indirect talks in Qatar with positive progress,AP News,https://apnews.com/article/iran-us-war-strait-of-hormuz-july-1-2026-de0729197bc7b9d3ee9e543d94c18fbe,apnews.com,200,news,no,,,no
2026-07-01,next-round-of-us-iran-peace-talks-byptptpt-20260623022722982,Next round of US-Iran peace talks by...?,U.S. and Iranian negotiators hold indirect talks in Doha with mediators,AP News,https://apnews.com/article/iran-us-war-strait-of-hormuz-july-1-2026-de0729197bc7b9d3ee9e543d94c18fbe,apnews.com,200,news,no,,,no
2026-07-01,balance-of-power-2026-midterms,Balance of Power: 2026 Midterms,"AP, Fox and NBC call Democrats ahead in House and Senate on election night",AP News,https://apnews.com/projects/election-results-2025/,apnews.com,200,news,no,,,no
2026-07-02,iran-announces-withdrawal-from-mou-negotiations-byptptpt-20260622191732319,Iran announces withdrawal from MOU negotiations by...?,US and Iran agree to continue discussions after Doha talks,AP News,https://apnews.com/article/iran-us-war-strait-of-hormuz-july-1-2026-de0729197bc7b9d3ee9e543d94c18fbe,apnews.com,200,news,no,,,no
2026-07-02,will-russia-capture-lyman-in-2025,Will Russia capture Lyman by...?,Reports confirm Ukrainian control of Lyman railroad station,Associated Press,https://apnews.com/article/ukraine-lyman-railroad-station-control-2026-07-02,apnews.com,404,dead link,yes,never_archived,never_archived,yes
2026-07-02,israel-x-hamas-ceasefire-phase-ii-by-october-31,Israel x Hamas Ceasefire Phase II by...?,"Gaza War Reaches 1,000 Days Amid Fragile and Scarred Ceasefire",AP News,https://apnews.com/article/gaza-palestinian-israel-thousand-days-war-ceasefire-f81c32c32a96cd7dd7952ef9b70b06b3,apnews.com,200,news,no,,,no
2026-07-05,putin-out-before-2027,Putin out as President of Russia by...?,Putin and Zelenskyy hold separate calls with former US President Trump,Associated Press,https://www.britannica.com/biography/Vladimir-Putin,britannica.com,403,wrong outlet,yes,,wrong_domain,yes
2026-07-06,maine-senate-election-winner,Maine Senate Election Winner,Sexual assault allegations emerge against Graham Platner,Associated Press,https://apnews.com/article/maine-senate-election-susan-collins-graham-platner-202ba010d7281db0dcd840d6c3ca0020,apnews.com,200,news,no,,,no
2026-07-07,netanyahu-out-before-2027,Netanyahu out by...?,Rahm Emanuel criticizes Netanyahu amid shifting US political support,AP News,https://apnews.com/article/israel-war-iran-budget-netanyahu-elections-bc75b11a9d1d833733c6f9e56a15aeda,apnews.com,200,news,no,,,no
2026-07-13,putin-out-before-2027,Putin out as President of Russia by...?,Russian opposition politician Boris Nadezhdin briefly detained by police,AP News,https://apnews.com/hub/vladimir-putin,apnews.com,200,news,no,,,no
2026-07-14,next-round-of-us-iran-peace-talks-byptptpt-20260623022722982,Next round of US-Iran peace talks by...?,Iran-US interim peace deal collapses amid renewed fighting and no concessions,AP News,https://apnews.com/article/iran-us-war-interim-peace-deal-explainer-246fec7874bd4d9a270de32642b6f19c,apnews.com,200,news,no,,,no
2026-07-15,netanyahu-out-before-2027,Netanyahu out by...?,Israeli parliament passes bills and dissolves ahead of October elections,Associated Press,https://apnews.com/article/israel-knesset-elections-netanyahu-644a8927076eb4089257a38909a0f0f6,apnews.com,200,news,no,,,no
2026-07-16,us-x-iran-effective-ceasfire-byptptpt-2-week-pause-20260715194822042,US x Iran Effective Ceasefire by...? (2 week pause),Diplomatic mediators work to revive US-Iran talks amid fighting,Associated Press,https://apnews.com/article/iran-war-trump-strait-hormuz-negotiations-476de0b0c341ead38126e617234d0939,apnews.com,200,news,no,,,no
2026-07-16,balance-of-power-2026-midterms,Balance of Power: 2026 Midterms,Trump delivers primetime speech reviving election fraud claims,AP News,https://apnews.com/live/trump-address-elections-updates-07-16-2026,apnews.com,200,news,no,,,no
2026-07-16,balance-of-power-2026-midterms,Balance of Power: 2026 Midterms,President Trump delivers primetime speech doubling down on election attacks,AP News,https://apnews.com/live/trump-address-elections-updates-07-16-2026,apnews.com,200,news,no,,,no
2026-07-18,us-x-iran-effective-ceasfire-byptptpt-2-week-pause-20260715194822042,US x Iran Effective Ceasefire by...? (2 week pause),US launches fresh airstrikes on Iran to punish Revolutionary Guard for troop deaths,AP News,https://apnews.com/article/iran-us-hormuz-strait-war-july-18-2026-63996576847424ab5f22887f38037ce8,apnews.com,200,news,no,,,no
