issue_type,claimed_source,actual_domain,market_slug,market_title,annotation_title,price_before,price_after,price_change,outcome,annotation_ts,url,note
example_com,Polling Data,example.com,colombia-presidential-election,Colombia Presidential Election,"Claudia López's candidacy loses momentum, support falls sharply",50.0,11.0,-39.0,Claudia López (IND),2025-08-13 12:00:00+00,https://www.example.com/polls-2025,IANA reserved placeholder domain; no real content
example_com,Polling Data,example.com,colombia-presidential-election,Colombia Presidential Election,Luis Gilberto Murillo's support collapses to near zero in early campaign phase,50.0,2.0,-48.0,Luis Gilberto Murillo (CRB),2025-08-13 12:00:00+00,https://www.example.com/polls-2025,IANA reserved placeholder domain; no real content
example_com,Polling Data,example.com,colombia-presidential-election,Colombia Presidential Election,Abelardo de la Espriella's support drops sharply early in campaign,50.0,27.0,-23.0,Abelardo de la Espriella,2025-08-25 12:00:00+00,https://www.example.com/polls-2025,IANA reserved placeholder domain; no real content
example_com,Colombian News Network,example.com,colombia-presidential-election,Colombia Presidential Election,Abelardo de la Espriella's campaign gains momentum after strong debate performance,27.0,56.0,29.0,Abelardo de la Espriella,2025-09-01 12:00:00+00,https://example.com/debate-coverage-2025-09-01,IANA reserved placeholder domain; no real content
example_com,Colombian Policy Watch,example.com,colombia-presidential-election,Colombia Presidential Election,Paloma Valencia's campaign surges after major policy announcement,9.0,41.0,32.0,Paloma Valencia,2026-03-25 12:00:00+00,https://example.com/valencia-policy-2026-03-25,IANA reserved placeholder domain; no real content
example_com,Colombian Media Outlet,example.com,colombia-presidential-election,Colombia Presidential Election,Paloma Valencia's support peaks amid growing media attention,40.0,44.0,4.0,Paloma Valencia,2026-04-19 12:00:00+00,https://example.com/valencia-media-2026-04-19,IANA reserved placeholder domain; no real content
example_com,example.com,example.com,what-will-happen-before-gta-vi,What will happen before GTA VI?,Poll shows Trumpâs approval plummets to historic low,23.0,51.0,28.0,Trump out as President ,2025-11-22 12:00:00+00,https://example.com/trump-approval-nov2025,IANA reserved placeholder domain; no real content
hallucinated_ap_url,AP News,apnews.com,us-x-iran-permanent-peace-deal-by,US x Iran permanent peace deal by...?,Trump says Iran has sent a “much better” proposal but he remains unsatisfied,18.0,14.0,-4.0,,2026-04-27 12:00:00+00,https://apnews.com/article/trump-iran-proposal-2026-04-27,AP News URL has no real article hash — likely AI-fabricated
hallucinated_ap_url,AP News,apnews.com,texas-republican-senate-primary-winner,Texas Republican Senate Primary Winner,Ken Paxton launches investigation into alleged non‑citizen voting in 2020‑22,62.0,62.0,0.0,,2025-07-15 12:00:00+00,https://apnews.com/article/ken-paxton-texas-noncitizen-voter-investigation-ken-paxton/,AP News URL has no real article hash — likely AI-fabricated
hallucinated_ap_url,AP News,apnews.com,texas-republican-senate-primary-winner,Texas Republican Senate Primary Winner,Paxton’s campaign raises $30 million in Q4 fundraising,59.0,65.0,6.0,,2025-12-01 12:00:00+00,https://apnews.com/article/fundraising-hauls-rnc-2025,AP News URL has no real article hash — likely AI-fabricated
hallucinated_ap_url,AP News,apnews.com,texas-republican-senate-primary-winner,Texas Republican Senate Primary Winner,Paxton releases opinion supporting exclusion of schools from voucher program,44.0,24.0,-20.0,,2026-03-22 12:00:00+00,https://apnews.com/article/texas-school-vouchers-opinion-terrorists-ken-paxton/,AP News URL has no real article hash — likely AI-fabricated
hallucinated_ap_url,AP News,apnews.com,brazil-presidential-election,Brazil Presidential Election,Electoral Institute corrects Renan Santos poll from 50 % to 4 %,50.0,7.0,-43.0,Renan Santos,2025-10-14 12:00:00+00,https://apnews.com/article/brazil-2026-election-renan-santos-poll-correction,AP News URL has no real article hash — likely AI-fabricated
hallucinated_ap_url,AP News,apnews.com,brazil-presidential-election,Brazil Presidential Election,Renan Santos’ poll share collapses after poor debate performance,50.0,6.0,-44.0,Renan Santos,2025-12-30 12:00:00+00,https://apnews.com/article/brazil-polls-debate-2025-12-30,AP News URL has no real article hash — likely AI-fabricated
hallucinated_ap_url,AP News,apnews.com,brazil-presidential-election,Brazil Presidential Election,Flávio Bolsonaro reaches 29 % after releasing detailed policy platform,26.0,29.0,3.0,Flávio Bolsonaro,2026-02-16 12:00:00+00,https://apnews.com/article/brazil-flavio-platform-2026-02-16,AP News URL has no real article hash — likely AI-fabricated
hallucinated_ap_url,AP News,apnews.com,brazil-presidential-election,Brazil Presidential Election,Camilo Santana discusses expanded social‑program agenda,1.0,1.0,0.0,Camilo Santana,2026-04-12 12:00:00+00,https://apnews.com/article/brazil-santana-social-programs-2026,AP News URL has no real article hash — likely AI-fabricated
hallucinated_ap_url,AP News,apnews.com,brazil-presidential-election,Brazil Presidential Election,Lula’s approval dips after controversial Amazon mining concessions,52.0,40.0,-12.0,Luiz Inácio Lula da Silva,2026-04-18 12:00:00+00,https://apnews.com/article/brazil-amazon-mining-2026-04-18,AP News URL has no real article hash — likely AI-fabricated
hallucinated_ap_url,AP News,apnews.com,brazil-presidential-election,Brazil Presidential Election,Governor Zema unveils new economic‑development plan ahead of presidential race,1.0,5.0,4.0,Romeu Zema,2026-04-22 12:00:00+00,https://apnews.com/article/brazil-zema-economic-plan-2026,AP News URL has no real article hash — likely AI-fabricated
hallucinated_ap_url,AP News,apnews.com,brazil-presidential-election,Brazil Presidential Election,Lula’s poll share hits low of 35 % amid economic slowdown,40.0,35.0,-5.0,Luiz Inácio Lula da Silva,2026-04-24 12:00:00+00,https://apnews.com/article/brazil-economy-slowdown-2026-04-24,AP News URL has no real article hash — likely AI-fabricated
hallucinated_ap_url,AP News,apnews.com,brazil-presidential-election,Brazil Presidential Election,Flávio Bolsonaro’s price drops 10 points after controversial interview,45.0,33.0,-12.0,Flávio Bolsonaro,2026-05-12 12:00:00+00,https://apnews.com/article/brazil-flavio-interview-2026-05-12,AP News URL has no real article hash — likely AI-fabricated
hallucinated_ap_url,AP News,apnews.com,brazil-presidential-election,Brazil Presidential Election,Electoral Authority poll lifts Renan Santos to double‑digit support in Minas Gerais,9.0,13.0,4.0,Renan Santos,2026-05-17 12:00:00+00,https://apnews.com/article/brazil-2026-election-poll-renan-santos,AP News URL has no real article hash — likely AI-fabricated
hallucinated_ap_url,AP News,apnews.com,california-governor-election-2026,California Governor Election Winner,"Rick Caruso’s campaign funds exhausted, ceases advertising",0.0,0.0,0.0,Rick Caruso,2026-05-09 12:00:00+00,https://apnews.com/article/california-governor-2026-rick-caruso-49,AP News URL has no real article hash — likely AI-fabricated
hallucinated_ap_url,AP News,apnews.com,california-governor-election-2026,California Governor Election Winner,Stephen Cloobeck drops out of governor race,0.0,0.0,0.0,Stephen Cloobeck,2026-05-15 12:00:00+00,https://apnews.com/article/california-governor-2026-stephen-cloobeck-49,AP News URL has no real article hash — likely AI-fabricated
hallucinated_ap_url,AP News,apnews.com,colombia-presidential-election,Colombia Presidential Election,Luis Gilberto Murillo's campaign falters amid low public support,50.0,2.0,-48.0,Luis Gilberto Murillo (CRB),2025-08-25 12:00:00+00,https://apnews.com/article/colombia-presidential-election-2025,AP News URL has no real article hash — likely AI-fabricated
hallucinated_ap_url,AP News,apnews.com,colombia-presidential-election,Colombia Presidential Election,Poll shows Iván Cepeda leading historic pact coalition,13.0,25.0,12.0,Iván Cepeda Castro,2025-09-01 12:00:00+00,https://apnews.com/article/colombia-presidential-polls-2025,AP News URL has no real article hash — likely AI-fabricated
hallucinated_ap_url,AP News,apnews.com,colombia-presidential-election,Colombia Presidential Election,Abelardo de la Espriella's support dips sharply after campaign missteps,50.0,26.0,-24.0,Abelardo de la Espriella,2025-09-07 12:00:00+00,https://apnews.com/article/colombia-election-campaign-issues,AP News URL has no real article hash — likely AI-fabricated
hallucinated_ap_url,AP News,apnews.com,colombia-presidential-election,Colombia Presidential Election,Abelardo de la Espriella gains endorsement from conservative party,28.0,38.0,10.0,Abelardo de la Espriella,2025-10-15 12:00:00+00,https://apnews.com/article/colombia-conservative-endorsement-2025,AP News URL has no real article hash — likely AI-fabricated
hallucinated_ap_url,AP News,apnews.com,colombia-presidential-election,Colombia Presidential Election,Iván Cepeda Castro gains momentum with key endorsements,14.0,23.0,9.0,Iván Cepeda Castro,2025-11-14 12:00:00+00,https://apnews.com/article/ivan-cepeda-endorsements-2025,AP News URL has no real article hash — likely AI-fabricated
hallucinated_ap_url,AP News,apnews.com,colombia-presidential-election,Colombia Presidential Election,Iván Cepeda Castro gains traction with policy proposals,20.0,34.0,14.0,Iván Cepeda Castro,2025-12-10 12:00:00+00,https://apnews.com/article/colombia-election-policy-proposals,AP News URL has no real article hash — likely AI-fabricated
hallucinated_ap_url,AP News,apnews.com,colombia-presidential-election,Colombia Presidential Election,Paloma Valencia surges after strong debate performance,5.0,31.0,26.0,Paloma Valencia,2025-12-20 12:00:00+00,https://apnews.com/article/colombia-debate-paloma-valencia-2025,AP News URL has no real article hash — likely AI-fabricated
hallucinated_ap_url,AP News,apnews.com,colombia-presidential-election,Colombia Presidential Election,Luis Gilberto Murillo withdraws from presidential race,2.0,0.0,-2.0,Luis Gilberto Murillo (CRB),2026-01-10 12:00:00+00,https://apnews.com/article/colombia-murillo-withdrawal-2026,AP News URL has no real article hash — likely AI-fabricated
hallucinated_ap_url,AP News,apnews.com,colombia-presidential-election,Colombia Presidential Election,"Gustavo Petro meets US President Trump, easing diplomatic tensions",34.0,42.0,8.0,Iván Cepeda Castro,2026-02-03 12:00:00+00,https://apnews.com/article/colombia-us-petro-meeting-trump-2026,AP News URL has no real article hash — likely AI-fabricated
hallucinated_ap_url,AP News,apnews.com,colombia-presidential-election,Colombia Presidential Election,Iván Cepeda Castro peaks in polls amid strong campaign performance,39.0,56.0,17.0,Iván Cepeda Castro,2026-03-05 12:00:00+00,https://apnews.com/article/colombia-election-polls-march-2026,AP News URL has no real article hash — likely AI-fabricated
hallucinated_ap_url,AP News,apnews.com,colombia-presidential-election,Colombia Presidential Election,Sergio Fajardo exits race after poor poll results,15.0,0.0,-15.0,Sergio Fajardo (DC),2026-03-05 12:00:00+00,https://apnews.com/article/colombia-fajardo-withdrawal-2026,AP News URL has no real article hash — likely AI-fabricated
hallucinated_ap_url,AP News,apnews.com,colombia-presidential-election,Colombia Presidential Election,Abelardo de la Espriella's support plummets amid controversy,21.0,14.0,-7.0,Abelardo de la Espriella,2026-03-18 12:00:00+00,https://apnews.com/article/colombia-election-scandal-2026,AP News URL has no real article hash — likely AI-fabricated
hallucinated_ap_url,AP News,apnews.com,colombia-presidential-election,Colombia Presidential Election,Paloma Valencia surges in polls after strong debate showing,9.0,39.0,30.0,Paloma Valencia,2026-03-19 12:00:00+00,https://apnews.com/article/colombia-election-debate-march-2026,AP News URL has no real article hash — likely AI-fabricated
hallucinated_ap_url,AP News,apnews.com,colombia-presidential-election,Colombia Presidential Election,Paloma Valencia reaches peak support amid campaign momentum,41.0,47.0,6.0,Paloma Valencia,2026-04-08 12:00:00+00,https://apnews.com/article/colombia-election-april-2026,AP News URL has no real article hash — likely AI-fabricated
hallucinated_ap_url,AP News,apnews.com,colombia-presidential-election,Colombia Presidential Election,Roy Barreras eliminated in inter‑party primaries,7.0,0.0,-7.0,Roy Barreras,2026-04-12 12:00:00+00,https://apnews.com/article/colombia-barreras-primary-2026,AP News URL has no real article hash — likely AI-fabricated
hallucinated_ap_url,AP News,apnews.com,colombia-presidential-election,Colombia Presidential Election,Carlos Felipe Córdoba’s campaign disbands amid funding scandal,33.0,0.0,-33.0,Carlos Felipe Córdoba,2026-04-20 12:00:00+00,https://apnews.com/article/colombia-cordoba-scandal-2026,AP News URL has no real article hash — likely AI-fabricated
hallucinated_ap_url,AP News,apnews.com,colombia-presidential-election,Colombia Presidential Election,Vicky Dávila drops out after health issues,1.0,0.0,-1.0,Vicky Dávila (IND),2026-05-01 12:00:00+00,https://apnews.com/article/colombia-davila-withdrawal-2026,AP News URL has no real article hash — likely AI-fabricated
hallucinated_ap_url,AP News,apnews.com,colombia-presidential-election,Colombia Presidential Election,Abelardo de la Espriella rebounds in final campaign stretch,21.0,35.0,14.0,Abelardo de la Espriella,2026-05-05 12:00:00+00,https://apnews.com/article/colombia-election-may-2026,AP News URL has no real article hash — likely AI-fabricated
hallucinated_ap_url,AP News,apnews.com,colombia-presidential-election,Colombia Presidential Election,Abelardo de la Espriella rebounds with strong campaign events,21.0,44.0,23.0,Abelardo de la Espriella,2026-05-11 12:00:00+00,https://apnews.com/article/colombia-election-campaign-boost,AP News URL has no real article hash — likely AI-fabricated
hallucinated_ap_url,AP News,apnews.com,colombia-presidential-election,Colombia Presidential Election,Final polls show close race between Abelardo de la Espriella and Iván Cepeda Castro,,,0.0,,2026-05-17 12:00:00+00,https://apnews.com/article/colombia-election-final-polls,AP News URL has no real article hash — likely AI-fabricated
hallucinated_ap_url,AP News,apnews.com,colombia-presidential-election,Colombia Presidential Election,Abelardo de la Espriella and Iván Cepeda Castro lead final polls before election,35.0,44.0,9.0,Abelardo de la Espriella,2026-05-18 12:00:00+00,https://apnews.com/article/colombia-election-final-polls-2026,AP News URL has no real article hash — likely AI-fabricated
hallucinated_ap_url,AP News,apnews.com,democratic-presidential-nominee-2028,Democratic Presidential Nominee 2028,Poll shows Newsom leading in early California governor primary,20.0,32.0,12.0,Gavin Newsom,2025-09-01 12:00:00+00,https://apnews.com/article/california-governor-race-poll-2025,AP News URL has no real article hash — likely AI-fabricated
hallucinated_ap_url,AP News,apnews.com,democratic-presidential-nominee-2028,Democratic Presidential Nominee 2028,Kamala Harris announces she will not run for California governor,39.0,5.0,-34.0,Kamala Harris,2025-09-18 12:00:00+00,https://apnews.com/article/kamala-harris-declines-governor-run-2025,AP News URL has no real article hash — likely AI-fabricated
hallucinated_ap_url,AP News,apnews.com,democratic-presidential-nominee-2028,Democratic Presidential Nominee 2028,Jon Ossoff endorses a rival candidate in California governor’s race,50.0,4.0,-46.0,Jon Ossoff,2025-10-15 12:00:00+00,https://apnews.com/article/ossoff-endorses-california-governor-2025,AP News URL has no real article hash — likely AI-fabricated
hallucinated_ap_url,AP News,apnews.com,democratic-presidential-nominee-2028,Democratic Presidential Nominee 2028,Kamala Harris’s poll support plunges to historic low,39.0,2.0,-37.0,Kamala Harris,2025-10-15 12:00:00+00,https://apnews.com/article/kamala-harris-poll-drop-2025,AP News URL has no real article hash — likely AI-fabricated
hallucinated_ap_url,AP News,apnews.com,democratic-presidential-nominee-2028,Democratic Presidential Nominee 2028,"Kamala Harris drops out of 2028 presidential speculation, focusing on Senate duties",4.0,4.0,0.0,Kamala Harris,2025-11-01 12:00:00+00,https://apnews.com/article/kamala-harris-2028-speculation,AP News URL has no real article hash — likely AI-fabricated
hallucinated_ap_url,AP News,apnews.com,democratic-presidential-nominee-2028,Democratic Presidential Nominee 2028,Alexandria Ocasio‑Cortez endorses a rival in California governor primary,14.0,4.0,-10.0,Alexandria Ocasio-Cortez,2025-11-14 12:00:00+00,https://apnews.com/article/ocasio-cortez-endorsement-2025,AP News URL has no real article hash — likely AI-fabricated
hallucinated_ap_url,AP News,apnews.com,democratic-presidential-nominee-2028,Democratic Presidential Nominee 2028,Alexandria Ocasio‑Cortez’s fundraising shortfall disclosed,50.0,10.0,-40.0,Alexandria Ocasio-Cortez,2025-11-30 12:00:00+00,https://apnews.com/article/occasio-cortez-fundraising-2025,AP News URL has no real article hash — likely AI-fabricated
hallucinated_ap_url,AP News,apnews.com,democratic-presidential-nominee-2028,Democratic Presidential Nominee 2028,Jon Ossoff exits California governor contest,4.0,3.0,-1.0,Jon Ossoff,2025-12-05 12:00:00+00,https://apnews.com/article/jon-ossoff-withdraws-governor-race-2025,AP News URL has no real article hash — likely AI-fabricated
hallucinated_ap_url,AP News,apnews.com,democratic-presidential-nominee-2028,Democratic Presidential Nominee 2028,"Bernie Sanders backs California billionaire tax, opposing Gov. Newsom",38.0,35.0,-3.0,Gavin Newsom,2025-12-14 12:00:00+00,https://apnews.com/article/california-billionaires-bernie-sanders-gavin-newsom,AP News URL has no real article hash — likely AI-fabricated
hallucinated_ap_url,AP News,apnews.com,democratic-presidential-nominee-2028,Democratic Presidential Nominee 2028,Josh Shapiro’s campaign suffers fundraising shortfall,4.0,4.0,0.0,Josh Shapiro,2026-01-13 12:00:00+00,https://apnews.com/article/josh-shapiro-fundraising-2026,AP News URL has no real article hash — likely AI-fabricated
hallucinated_ap_url,AP News,apnews.com,democratic-presidential-nominee-2028,Democratic Presidential Nominee 2028,Jon Ossoff’s Senate race draws criticism over staff hiring ethics,4.0,3.0,-1.0,Jon Ossoff,2026-02-05 12:00:00+00,https://apnews.com/article/georgia-congress-ethics-mike-collins-1e5d,AP News URL has no real article hash — likely AI-fabricated
hallucinated_ap_url,AP News,apnews.com,democratic-presidential-nominee-2028,Democratic Presidential Nominee 2028,Pete Buttigieg’s poll numbers dip after debate performance,5.0,4.0,-1.0,Pete Buttigieg,2026-02-06 12:00:00+00,https://apnews.com/article/pete-buttigieg-debate-2026,AP News URL has no real article hash — likely AI-fabricated
hallucinated_ap_url,AP News,apnews.com,democratic-presidential-nominee-2028,Democratic Presidential Nominee 2028,Pete Buttigieg’s campaign announces withdrawal from 2028 race,12.0,4.0,-8.0,Pete Buttigieg,2026-03-10 12:00:00+00,https://apnews.com/article/pete-buttigieg-withdraws-2028-presidential-race,AP News URL has no real article hash — likely AI-fabricated
hallucinated_ap_url,AP News,apnews.com,democratic-presidential-nominee-2028,Democratic Presidential Nominee 2028,Andy Beshear’s campaign stalls amid low voter awareness,3.0,3.0,0.0,Andy Beshear,2026-03-14 12:00:00+00,https://apnews.com/article/andy-beshear-campaign-2026,AP News URL has no real article hash — likely AI-fabricated
hallucinated_ap_url,AP News,apnews.com,democratic-presidential-nominee-2028,Democratic Presidential Nominee 2028,Kamala Harris announces she will not run for 2028 Democratic nomination,9.0,6.0,-3.0,Kamala Harris,2026-03-14 12:00:00+00,https://apnews.com/article/kamala-harris-declines-2028-presidential-run,AP News URL has no real article hash — likely AI-fabricated
hallucinated_ap_url,AP News,apnews.com,democratic-presidential-nominee-2028,Democratic Presidential Nominee 2028,Andy Beshear’s low‑key campaign fails to gain traction in national polls,5.0,2.0,-3.0,Andy Beshear,2026-04-02 12:00:00+00,https://apnews.com/article/andy-beshear-polls-2026,AP News URL has no real article hash — likely AI-fabricated
hallucinated_ap_url,AP News,apnews.com,democratic-presidential-nominee-2028,Democratic Presidential Nominee 2028,Jon Ossoff's nomination chances improve with increased visibility and support,5.0,8.0,3.0,Jon Ossoff,2026-04-05 12:00:00+00,https://apnews.com/article/jon-ossoff-2028-democratic-nomination,AP News URL has no real article hash — likely AI-fabricated
hallucinated_ap_url,AP News,apnews.com,democratic-presidential-nominee-2028,Democratic Presidential Nominee 2028,Kamala Harris gains momentum amid California governor race and national positioning,5.0,8.0,3.0,Kamala Harris,2026-04-10 12:00:00+00,https://apnews.com/article/california-governor-election-kamala-harris-2026,AP News URL has no real article hash — likely AI-fabricated
hallucinated_ap_url,AP News,apnews.com,democratic-presidential-nominee-2028,Democratic Presidential Nominee 2028,Poll shows Democratic primary voters favor less‑established candidates over Newsom,25.0,28.0,3.0,Gavin Newsom,2026-04-17 12:00:00+00,https://apnews.com/article/poll-gallup-democrats-2026,AP News URL has no real article hash — likely AI-fabricated
hallucinated_ap_url,AP News,apnews.com,democratic-presidential-nominee-2028,Democratic Presidential Nominee 2028,Rahm Emanuel’s support erodes after policy disagreement with party leadership,2.0,3.0,1.0,Rahm Emanuel,2026-04-30 12:00:00+00,https://apnews.com/article/rahm-emanuel-policy-dispute-2026,AP News URL has no real article hash — likely AI-fabricated
hallucinated_ap_url,AP News,apnews.com,democratic-presidential-nominee-2028,Democratic Presidential Nominee 2028,Rahm Emanuel’s endorsement of another candidate sidelines his own prospects,2.0,2.0,0.0,Rahm Emanuel,2026-05-01 12:00:00+00,https://apnews.com/article/rahm-emanuel-endorsement-2026,AP News URL has no real article hash — likely AI-fabricated
hallucinated_ap_url,AP News,apnews.com,ky-04-republican-primary-winner,KY-04 Republican Primary Winner,Nicole Lee Ethington withdraws from KY‑04 race,46.0,0.0,-46.0,Nicole Lee Ethington,2025-12-03 12:00:00+00,https://apnews.com/article/ethington-withdrawal-ky04,AP News URL has no real article hash — likely AI-fabricated
hallucinated_ap_url,AP News,apnews.com,ky-04-republican-primary-winner,KY-04 Republican Primary Winner,Robert Wells Jr. suspends campaign after personal scandal,46.0,0.0,-46.0,Robert Wells Jr.,2025-12-05 12:00:00+00,https://apnews.com/article/wells-scandal-ky04,AP News URL has no real article hash — likely AI-fabricated
hallucinated_ap_url,AP News,apnews.com,ky-04-republican-primary-winner,KY-04 Republican Primary Winner,Ed Gallrein’s early campaign filing sparks modest optimism,47.0,38.0,-9.0,Ed Gallrein,2025-12-10 12:00:00+00,https://apnews.com/article/ed-gallrein-kentucky-primary-filing,AP News URL has no real article hash — likely AI-fabricated
hallucinated_ap_url,AP News,apnews.com,ky-04-republican-primary-winner,KY-04 Republican Primary Winner,Ed Gallrein gains endorsement from Kentucky GOP chair,27.0,41.0,14.0,Ed Gallrein,2025-12-18 12:00:00+00,https://apnews.com/article/kentucky-gop-chair-endorses-gallrein-2025-12-18,AP News URL has no real article hash — likely AI-fabricated
hallucinated_ap_url,AP News,apnews.com,ky-04-republican-primary-winner,KY-04 Republican Primary Winner,Massie co‑authors Epstein Files Transparency Act,46.0,68.0,22.0,Thomas Massie,2025-12-18 12:00:00+00,https://apnews.com/article/epstein-files-transparency-act-massie,AP News URL has no real article hash — likely AI-fabricated
hallucinated_ap_url,AP News,apnews.com,ky-04-republican-primary-winner,KY-04 Republican Primary Winner,Massie criticizes DOJ’s handling of Epstein files on X,68.0,62.0,-6.0,Thomas Massie,2025-12-20 12:00:00+00,https://apnews.com/article/epstein-files-massie-criticism-2025-12-20,AP News URL has no real article hash — likely AI-fabricated
hallucinated_ap_url,AP News,apnews.com,ky-04-republican-primary-winner,KY-04 Republican Primary Winner,"Ed Gallrein’s campaign finances disclosed, showing limited fundraising",41.0,29.0,-12.0,Ed Gallrein,2025-12-27 12:00:00+00,https://apnews.com/article/kentucky-candidate-finances-2025-12-27,AP News URL has no real article hash — likely AI-fabricated
hallucinated_ap_url,AP News,apnews.com,ky-04-republican-primary-winner,KY-04 Republican Primary Winner,Ed Gallrein announces withdrawal from Kentucky GOP primary race,40.0,26.0,-14.0,Ed Gallrein,2025-12-30 12:00:00+00,https://apnews.com/article/kentucky-gallrein-withdraws-primary-2025,AP News URL has no real article hash — likely AI-fabricated
hallucinated_ap_url,AP News,apnews.com,ky-04-republican-primary-winner,KY-04 Republican Primary Winner,Rep. Thomas Massie files letter urging judge to reject request for neutral expert in Epstein files case,46.0,75.0,29.0,Thomas Massie,2026-01-08 12:00:00+00,https://apnews.com/article/justice-department-epstein-files-transparency-act-massie-8c9f2a,AP News URL has no real article hash — likely AI-fabricated
hallucinated_ap_url,AP News,apnews.com,ky-04-republican-primary-winner,KY-04 Republican Primary Winner,Massie criticizes DOJ’s partial release of Epstein files,66.0,71.0,5.0,Thomas Massie,2026-01-10 12:00:00+00,https://apnews.com/article/doj-epstein-files-delay,AP News URL has no real article hash — likely AI-fabricated
hallucinated_ap_url,AP News,apnews.com,ky-04-republican-primary-winner,KY-04 Republican Primary Winner,Ed Gallrein announces campaign launch for KY‑04 Republican primary,39.0,38.0,-1.0,Ed Gallrein,2026-01-10 12:00:00+00,https://apnews.com/article/kentucky-primary-gallrein-launch,AP News URL has no real article hash — likely AI-fabricated
hallucinated_ap_url,AP News,apnews.com,ky-04-republican-primary-winner,KY-04 Republican Primary Winner,Massie joins bipartisan effort to pressure DOJ on Epstein files,71.0,76.0,5.0,Thomas Massie,2026-02-01 12:00:00+00,https://apnews.com/article/epstein-files-justice-department,AP News URL has no real article hash — likely AI-fabricated
hallucinated_ap_url,AP News,apnews.com,ky-04-republican-primary-winner,KY-04 Republican Primary Winner,Massie’s market price falls after DOJ announces further delays on Epstein files,79.0,62.0,-17.0,Thomas Massie,2026-02-07 12:00:00+00,https://apnews.com/article/doj-delays-epstein-files-2026-02-07,AP News URL has no real article hash — likely AI-fabricated
hallucinated_ap_url,AP News,apnews.com,ky-04-republican-primary-winner,KY-04 Republican Primary Winner,Massie’s pressure on DOJ leads to DOJ announcing a further delay in Epstein file release,76.0,62.0,-14.0,Thomas Massie,2026-02-08 12:00:00+00,https://apnews.com/article/doj-epstein-files-delay-massie,AP News URL has no real article hash — likely AI-fabricated
hallucinated_ap_url,AP News,apnews.com,ky-04-republican-primary-winner,KY-04 Republican Primary Winner,Ed Gallrein receives endorsement from Kentucky Chamber of Commerce,24.0,38.0,14.0,Ed Gallrein,2026-02-08 12:00:00+00,https://apnews.com/article/kentucky-chamber-endorses-gallrein-2026,AP News URL has no real article hash — likely AI-fabricated
hallucinated_ap_url,AP News,apnews.com,ky-04-republican-primary-winner,KY-04 Republican Primary Winner,Massie votes with Democrats on Venezuela war‑powers resolution,83.0,70.0,-13.0,Thomas Massie,2026-02-14 12:00:00+00,https://apnews.com/article/venezuela-war-powers-resolution,AP News URL has no real article hash — likely AI-fabricated
hallucinated_ap_url,AP News,apnews.com,ky-04-republican-primary-winner,KY-04 Republican Primary Winner,DOJ announces further delay in releasing Epstein documents,76.0,71.0,-5.0,Thomas Massie,2026-02-15 12:00:00+00,https://apnews.com/article/doj-epstein-files-delay,AP News URL has no real article hash — likely AI-fabricated
hallucinated_ap_url,AP News,apnews.com,ky-04-republican-primary-winner,KY-04 Republican Primary Winner,Massie’s price peaks after winning a key endorsement from Kentucky’s GOP establishment,76.0,75.0,-1.0,Thomas Massie,2026-02-21 12:00:00+00,https://apnews.com/article/kentucky-gop-endorses-massie-2026-02-21,AP News URL has no real article hash — likely AI-fabricated
hallucinated_ap_url,AP News,apnews.com,ky-04-republican-primary-winner,KY-04 Republican Primary Winner,Massie votes against Venezuela war‑powers resolution,83.0,71.0,-12.0,Thomas Massie,2026-03-05 12:00:00+00,https://apnews.com/article/venezuela-war-powers-resolution,AP News URL has no real article hash — likely AI-fabricated
hallucinated_ap_url,AP News,apnews.com,ky-04-republican-primary-winner,KY-04 Republican Primary Winner,Massie’s campaign announces fundraising surge after bipartisan support,63.0,67.0,4.0,Thomas Massie,2026-03-14 12:00:00+00,https://apnews.com/article/massie-fundraising-2026-primary,AP News URL has no real article hash — likely AI-fabricated
hallucinated_ap_url,AP News,apnews.com,ky-04-republican-primary-winner,KY-04 Republican Primary Winner,Thomas Massie secures major fundraising milestone of $5 million,64.0,66.0,2.0,Thomas Massie,2026-03-15 12:00:00+00,https://apnews.com/article/massie-fundraising-5m-2026,AP News URL has no real article hash — likely AI-fabricated
hallucinated_ap_url,AP News,apnews.com,ky-04-republican-primary-winner,KY-04 Republican Primary Winner,Ed Gallrein’s campaign staff resigns amid internal disputes,35.0,30.0,-5.0,Ed Gallrein,2026-04-20 12:00:00+00,https://apnews.com/article/gallrein-staff-resignations-2026,AP News URL has no real article hash — likely AI-fabricated
hallucinated_ap_url,AP News,apnews.com,ky-04-republican-primary-winner,KY-04 Republican Primary Winner,"Rep. Andy Barr announces Senate run, exits House race",70.0,74.0,4.0,Thomas Massie,2026-04-22 12:00:00+00,https://apnews.com/article/kentucky-senate-barr-endorsement,AP News URL has no real article hash — likely AI-fabricated
hallucinated_ap_url,AP News,apnews.com,ky-04-republican-primary-winner,KY-04 Republican Primary Winner,Gallrein announces campaign headquarters in Lexington,52.0,54.0,2.0,Ed Gallrein,2026-04-25 12:00:00+00,https://apnews.com/article/gallrein-lexington-headquarters,AP News URL has no real article hash — likely AI-fabricated
hallucinated_ap_url,AP News,apnews.com,ky-04-republican-primary-winner,KY-04 Republican Primary Winner,Massie’s market hits 78% after final pre‑primary rally,74.0,78.0,4.0,Thomas Massie,2026-05-06 12:00:00+00,https://apnews.com/article/massie-lexington-rally,AP News URL has no real article hash — likely AI-fabricated
hallucinated_ap_url,AP News,apnews.com,ky-04-republican-primary-winner,KY-04 Republican Primary Winner,Thomas Massie wins Kentucky Republican primary nomination,71.0,76.0,5.0,Thomas Massie,2026-05-07 12:00:00+00,https://apnews.com/article/kentucky-primary-results-massie-2026,AP News URL has no real article hash — likely AI-fabricated
hallucinated_ap_url,AP News,apnews.com,ky-04-republican-primary-winner,KY-04 Republican Primary Winner,"Massie skips Kentucky primary debate, citing schedule conflict",71.0,49.0,-22.0,Thomas Massie,2026-05-10 12:00:00+00,https://apnews.com/article/massie-debate-absence,AP News URL has no real article hash — likely AI-fabricated
hallucinated_ap_url,AP News,apnews.com,ky-04-republican-primary-winner,KY-04 Republican Primary Winner,Ed Gallrein receives key local endorsement boosting campaign momentum,29.0,45.0,16.0,Ed Gallrein,2026-05-16 12:00:00+00,https://apnews.com/article/kentucky-primary-gallrein-endorsement,AP News URL has no real article hash — likely AI-fabricated
hallucinated_ap_url,AP News,apnews.com,nobel-peace-prize-winner-2026-139,Nobel Peace Prize Winner 2026,Machado says she presented her Nobel Peace Prize to Trump,17.0,14.0,-3.0,Donald Trump,2025-12-12 12:00:00+00,https://apnews.com/article/trump-machado-venezuela-maduro-nobel-peace-prize-ed239b...,AP News URL has no real article hash — likely AI-fabricated
hallucinated_ap_url,AP News,apnews.com,nobel-peace-prize-winner-2026-139,Nobel Peace Prize Winner 2026,ICJ issues surprise advisory opinion on major arms embargo,2.0,7.0,5.0,International Court of Justice,2026-01-02 12:00:00+00,https://apnews.com/article/international-court-justice-advisory-opinion-2026-01-02,AP News URL has no real article hash — likely AI-fabricated
hallucinated_ap_url,AP News,apnews.com,nobel-peace-prize-winner-2026-139,Nobel Peace Prize Winner 2026,International Court of Justice issues emergency order on humanitarian aid corridor,3.0,9.0,6.0,International Court of Justice,2026-01-03 12:00:00+00,https://apnews.com/article/international-court-justice-emergency-order-2026,AP News URL has no real article hash — likely AI-fabricated
hallucinated_ap_url,AP News,apnews.com,nobel-peace-prize-winner-2026-139,Nobel Peace Prize Winner 2026,UNRWA announces major donor funding cuts,10.0,5.0,-5.0,UNRWA,2026-02-04 12:00:00+00,https://apnews.com/article/unrwa-funding-cuts-2026-02-04,AP News URL has no real article hash — likely AI-fabricated
hallucinated_ap_url,AP News,apnews.com,nobel-peace-prize-winner-2026-139,Nobel Peace Prize Winner 2026,UNRWA faces funding cuts after European donors suspend aid,10.0,5.0,-5.0,UNRWA,2026-02-07 12:00:00+00,https://apnews.com/article/unrwa-funding-suspension-2026,AP News URL has no real article hash — likely AI-fabricated
hallucinated_ap_url,AP News,apnews.com,nobel-peace-prize-winner-2026-139,Nobel Peace Prize Winner 2026,Pope Leo XIV calls for an immediate cease‑fire in Gaza,3.0,9.0,6.0,Pope Leo XIV,2026-02-08 12:00:00+00,https://apnews.com/article/papa-gaza-peace-appeal-2026-02-08,AP News URL has no real article hash — likely AI-fabricated
hallucinated_ap_url,AP News,apnews.com,nobel-peace-prize-winner-2026-139,Nobel Peace Prize Winner 2026,International Court of Justice orders new sanctions on Russia over Ukraine war,8.0,12.0,4.0,International Court of Justice,2026-02-12 12:00:00+00,https://apnews.com/article/icj-russia-sanctions-2026,AP News URL has no real article hash — likely AI-fabricated
hallucinated_ap_url,AP News,apnews.com,nobel-peace-prize-winner-2026-139,Nobel Peace Prize Winner 2026,Qatar to host UN‑backed Board of Peace summit on Gaza,6.0,4.0,-2.0,Tamim bin Hamad Al Thani,2026-02-13 12:00:00+00,https://apnews.com/article/qatar-board-peace-gaza-2026-02-13,AP News URL has no real article hash — likely AI-fabricated
hallucinated_ap_url,AP News,apnews.com,nobel-peace-prize-winner-2026-139,Nobel Peace Prize Winner 2026,UNRWA faces funding cuts after UN criticism of Israeli actions,10.0,5.0,-5.0,UNRWA,2026-02-14 12:00:00+00,https://apnews.com/article/unrwa-funding-cut-2026,AP News URL has no real article hash — likely AI-fabricated
hallucinated_ap_url,AP News,apnews.com,nobel-peace-prize-winner-2026-139,Nobel Peace Prize Winner 2026,"International Court of Justice orders cease‑fire in Gaza, drawing global attention",2.0,4.0,2.0,International Court of Justice,2026-03-10 12:00:00+00,https://apnews.com/article/icj-gaza-ceasefire-2026,AP News URL has no real article hash — likely AI-fabricated
hallucinated_ap_url,AP News,apnews.com,nobel-peace-prize-winner-2026-139,Nobel Peace Prize Winner 2026,Pope Leo XIV announces global peace initiative at World Economic Forum,2.0,3.0,1.0,Pope Leo XIV,2026-04-14 12:00:00+00,https://apnews.com/article/pope-leo-xiv-peace-initiative-2026,AP News URL has no real article hash — likely AI-fabricated
hallucinated_ap_url,AP News,apnews.com,presidential-election-winner-2028,Presidential Election Winner 2028,Pennsylvania Gov. Josh Shapiro loses re‑election narrowly,7.0,3.0,-4.0,Josh Shapiro,2025-07-15 12:00:00+00,https://apnews.com/article/pennsylvania-election-2025-shapiro-loss,AP News URL has no real article hash — likely AI-fabricated
hallucinated_ap_url,AP,apnews.com,presidential-election-winner-2028,Presidential Election Winner 2028,Jon Ossoff secures key Senate committee chairmanship,3.0,4.0,1.0,Jon Ossoff,2025-08-02 12:00:00+00,https://apnews.com/article/jon-ossoff-committee-chair-2025,AP News URL has no real article hash — likely AI-fabricated
hallucinated_ap_url,AP,apnews.com,presidential-election-winner-2028,Presidential Election Winner 2028,Josh Shapiro wins Pennsylvania gubernatorial re‑election,7.0,8.0,1.0,Josh Shapiro,2025-09-14 12:00:00+00,https://apnews.com/article/josh-shapiro-re-election-2025,AP News URL has no real article hash — likely AI-fabricated
hallucinated_ap_url,AP,apnews.com,presidential-election-winner-2028,Presidential Election Winner 2028,Alexandria Ocasio‑Cortez announces run for president in 2028,9.0,8.0,-1.0,Alexandria Ocasio-Cortez,2025-10-30 12:00:00+00,https://apnews.com/article/aoc-presidential-announcement-2025,AP News URL has no real article hash — likely AI-fabricated
hallucinated_ap_url,Associated Press,apnews.com,presidential-election-winner-2028,Presidential Election Winner 2028,Gavin Newsom wins California special gubernatorial election in landslide,14.0,22.0,8.0,Gavin Newsom,2025-12-14 12:00:00+00,https://apnews.com/article/california-special-election-newsom-2025,AP News URL has no real article hash — likely AI-fabricated
hallucinated_ap_url,AP News,apnews.com,presidential-election-winner-2028,Presidential Election Winner 2028,"Gavin Newsom wins California gubernatorial primary, gains national attention",10.0,14.0,4.0,Gavin Newsom,2026-02-22 12:00:00+00,https://apnews.com/article/gavin-newsom-primary-win-2026,AP News URL has no real article hash — likely AI-fabricated
hallucinated_ap_url,AP News,apnews.com,presidential-election-winner-2028,Presidential Election Winner 2028,Marco Rubio’s poll surge after strong debate performance,10.0,13.0,3.0,Marco Rubio,2026-03-10 12:00:00+00,https://apnews.com/article/marco-rubio-debate-performance-2026,AP News URL has no real article hash — likely AI-fabricated
hallucinated_ap_url,AP News,apnews.com,presidential-election-winner-2028,Presidential Election Winner 2028,"Kamala Harris announces new climate initiative, draws bipartisan praise",6.0,6.0,0.0,Kamala Harris,2026-04-11 12:00:00+00,https://apnews.com/article/kamala-harris-climate-initiative-2026,AP News URL has no real article hash — likely AI-fabricated
hallucinated_ap_url,AP News,apnews.com,presidential-election-winner-2028,Presidential Election Winner 2028,Ron DeSantis’ poll numbers dip after Florida tax controversy,8.0,4.0,-4.0,Ron DeSantis,2026-05-01 12:00:00+00,https://apnews.com/article/ron-desantis-florida-tax-controversy-2026,AP News URL has no real article hash — likely AI-fabricated
hallucinated_ap_url,AP News,apnews.com,presidential-election-winner-2028,Presidential Election Winner 2028,Jon Ossoff gains momentum after Georgia Senate race win,3.0,4.0,1.0,Jon Ossoff,2026-05-10 12:00:00+00,https://apnews.com/article/jon-ossoff-georgia-senate-win-2026,AP News URL has no real article hash — likely AI-fabricated
hallucinated_ap_url,AP News,apnews.com,presidential-election-winner-2028,Presidential Election Winner 2028,Josh Shapiro’s campaign stalls after New Jersey primary loss,7.0,3.0,-4.0,Josh Shapiro,2026-05-15 12:00:00+00,https://apnews.com/article/josh-shapiro-primary-loss-2026,AP News URL has no real article hash — likely AI-fabricated
hallucinated_ap_url,AP News,apnews.com,republican-presidential-nominee-2028,Republican Presidential Nominee 2028,Gov. Glenn Youngkin rules out 2028 presidential run,50.0,1.0,-49.0,Glenn Youngkin,2025-07-15 12:00:00+00,https://apnews.com/article/glenn-youngkin-2028-decision-2025-07-15,AP News URL has no real article hash — likely AI-fabricated
hallucinated_ap_url,AP News,apnews.com,republican-presidential-nominee-2028,Republican Presidential Nominee 2028,Ron DeSantis announces he will not run for president in 2028,50.0,4.0,-46.0,Ron DeSantis,2025-07-16 12:00:00+00,https://apnews.com/article/ron-desantis-2028-presidential-run,AP News URL has no real article hash — likely AI-fabricated
hallucinated_ap_url,AP News,apnews.com,republican-presidential-nominee-2028,Republican Presidential Nominee 2028,Vivek Ramaswamy says he will not run for president in 2028,18.0,1.0,-17.0,Vivek Ramaswamy,2025-07-18 12:00:00+00,https://apnews.com/article/vivek-ramaswamy-2028-decision-2025-07-18,AP News URL has no real article hash — likely AI-fabricated
hallucinated_ap_url,AP News,apnews.com,trump-announces-us-blockade-of-hormuz-lifted-by,Trump announces US blockade of Hormuz lifted by...?,U.S. Navy fires on two Iranian tankers in Hormuz,52.0,40.0,-12.0,,2026-05-01 12:00:00+00,https://apnews.com/article/iran-us-war-israel-trump-lebanon-blockade-hormuz-04-13-2026,AP News URL has no real article hash — likely AI-fabricated
hallucinated_ap_url,AP News,apnews.com,trump-announces-us-blockade-of-hormuz-lifted-by,Trump announces US blockade of Hormuz lifted by...?,U.S. Central Command reports no ships passed blockade in first 24 hours,16.0,9.0,-7.0,,2026-05-02 12:00:00+00,https://apnews.com/article/us-iran-war-us-military-blockade-hormuz-19-april-2026,AP News URL has no real article hash — likely AI-fabricated
hallucinated_ap_url,AP News,apnews.com,trump-announces-us-blockade-of-hormuz-lifted-by,Trump announces US blockade of Hormuz lifted by...?,Trump reiterates blockade will stay until Iran agrees to deal,23.0,20.0,-3.0,May 31,2026-05-15 12:00:00+00,https://apnews.com/article/trump-iran-war-2026-07e5c9b,AP News URL has no real article hash — likely AI-fabricated
hallucinated_ap_url,AP News,apnews.com,trump-announces-us-blockade-of-hormuz-lifted-by,Trump announces US blockade of Hormuz lifted by...?,Iran announces willingness to reopen Hormuz if blockade lifted,14.0,4.0,-10.0,May 22,2026-05-18 12:00:00+00,https://apnews.com/article/iran-us-war-strait-hormuz-fb8c9d...,AP News URL has no real article hash — likely AI-fabricated
hallucinated_ap_url,AP News,apnews.com,us-x-iran-diplomatic-meeting-by-329,US x Iran diplomatic meeting by...?,U.S. expands naval blockade of Iranian ports,55.0,28.0,-27.0,May 31,2026-05-05 12:00:00+00,https://apnews.com/article/trump-iran-war-conflict-blockade-2026-04-18,AP News URL has no real article hash — likely AI-fabricated
hallucinated_ap_url,AP News,apnews.com,us-x-iran-diplomatic-meeting-by-329,US x Iran diplomatic meeting by...?,US‑Iran cease‑fire extension announced,69.0,57.0,-12.0,June 30,2026-05-05 12:00:00+00,https://apnews.com/article/iran-us-israel-trump-lebanon-2026-04-11,AP News URL has no real article hash — likely AI-fabricated
hallucinated_ap_url,AP News,apnews.com,us-x-iran-diplomatic-meeting-by-329,US x Iran diplomatic meeting by...?,US‑Iran indirect talks stall after Iranian envoy departs Pakistan,65.0,59.0,-6.0,June 30,2026-05-13 12:00:00+00,https://apnews.com/article/trump-rejects-iran-proposal-2026-04-30,AP News URL has no real article hash — likely AI-fabricated
hallucinated_ap_url,AP News,apnews.com,us-x-iran-diplomatic-meeting-by-329,US x Iran diplomatic meeting by...?,"US‑Iran cease‑fire expires, no in‑person meeting reported",53.0,56.0,3.0,June 30,2026-05-18 12:00:00+00,https://apnews.com/article/iran-us-war-2026-05-18,AP News URL has no real article hash — likely AI-fabricated
hallucinated_ap_url,AP News,apnews.com,what-iranian-demands-will-trump-agree-to-by-may-31,What Iranian demands will Trump agree to by May 31?,Pakistan mediators push for a new U.S.–Iran deal after talks in Islamabad,33.0,39.0,6.0,Unfreeze Iranian Assets,2026-05-06 12:00:00+00,https://apnews.com/article/iran-us-israel-trump-bahamas-04-13-2026,AP News URL has no real article hash — likely AI-fabricated
hallucinated_ap_url,AP News,apnews.com,who-will-be-the-next-prime-minister-of-israel-after-the-next-election,Who will be the next Prime Minister of Israel after the next election?,Naftali Bennett gains momentum after coalition talks with centrist parties,31.0,39.0,8.0,Naftali Bennett,2026-03-08 12:00:00+00,https://apnews.com/article/israel-political-news-2026-03-08,AP News URL has no real article hash — likely AI-fabricated
hallucinated_ap_url,AP News,apnews.com,who-will-be-the-next-prime-minister-of-israel-after-the-next-election,Who will be the next Prime Minister of Israel after the next election?,Gadi Eizenkot’s military reforms receive Knesset endorsement,4.0,20.0,16.0,Gadi Eizenkot,2026-04-12 12:00:00+00,https://apnews.com/article/israel-military-reform-2026-04-12,AP News URL has no real article hash — likely AI-fabricated
hallucinated_ap_url,AP News,apnews.com,will-the-us-confirm-that-aliens-exist-before-2027,Will the US confirm that aliens exist by...?,"President Trump threatens further oil tariffs on Cuba, intensifying energy blockade",10.0,8.0,-2.0,June 30,2026-02-14 12:00:00+00,https://apnews.com/article/trump-cuba-oil-tariffs,AP News URL has no real article hash — likely AI-fabricated
hallucinated_ap_url,AP News,apnews.com,will-the-us-confirm-that-aliens-exist-before-2027,Will the US confirm that aliens exist by...?,"President Trump threatens further oil tariffs on Cuba, intensifying energy blockade",6.0,4.0,-2.0,May 31,2026-02-14 12:00:00+00,https://apnews.com/article/trump-cuba-oil-tariffs,AP News URL has no real article hash — likely AI-fabricated
hallucinated_ap_url,AP News,apnews.com,will-the-us-confirm-that-aliens-exist-before-2027,Will the US confirm that aliens exist by...?,"President Trump threatens further oil tariffs on Cuba, intensifying energy blockade",14.0,12.0,-2.0,September 30,2026-02-14 12:00:00+00,https://apnews.com/article/trump-cuba-oil-tariffs,AP News URL has no real article hash — likely AI-fabricated
hallucinated_ap_url,AP News,apnews.com,will-the-us-confirm-that-aliens-exist-before-2027,Will the US confirm that aliens exist by...?,Cuban government gifts AKM rifle to singer after Trump’s Cuba threats,12.0,9.0,-3.0,September 30,2026-03-18 12:00:00+00,https://apnews.com/article/cuba-akm-rifle-silvio-rodriguez,AP News URL has no real article hash — likely AI-fabricated
hallucinated_ap_url,AP News,apnews.com,will-the-us-confirm-that-aliens-exist-before-2027,Will the US confirm that aliens exist by...?,Cuban government gifts AKM rifle to singer after Trump’s Cuba threats,8.0,7.0,-1.0,June 30,2026-03-18 12:00:00+00,https://apnews.com/article/cuba-akm-rifle-silvio-rodriguez,AP News URL has no real article hash — likely AI-fabricated
hallucinated_ap_url,AP News,apnews.com,will-the-us-confirm-that-aliens-exist-before-2027,Will the US confirm that aliens exist by...?,Cuban government gifts AKM rifle to singer after Trump’s Cuba threats,4.0,2.0,-2.0,May 31,2026-03-18 12:00:00+00,https://apnews.com/article/cuba-akm-rifle-silvio-rodriguez,AP News URL has no real article hash — likely AI-fabricated
hallucinated_ap_url,AP News,apnews.com,us-x-iran-permanent-peace-deal-by,US x Iran permanent peace deal by...?,President Trump extends the US‑Iran ceasefire indefinitely,20.0,21.0,1.0,June 15,2026-04-21 12:00:00+00,https://apnews.com/article/trump-iran-ceasefire-extended-2026-04-21,AP News URL has no real article hash — likely AI-fabricated
hallucinated_ap_url,AP News,apnews.com,us-x-iran-permanent-peace-deal-by,US x Iran permanent peace deal by...?,Trump says Iran has sent a “much better” proposal but he remains unsatisfied,18.0,14.0,-4.0,June 15,2026-04-27 12:00:00+00,https://apnews.com/article/trump-iran-proposal-2026-04-27,AP News URL has no real article hash — likely AI-fabricated
hallucinated_ap_url,AP News,apnews.com,us-x-iran-permanent-peace-deal-by,US x Iran permanent peace deal by...?,U.S. extends the naval blockade of Iranian ports for another week,7.0,4.0,-3.0,May 22,2026-05-01 12:00:00+00,https://apnews.com/article/us-iran-blockade-2026-05-01,AP News URL has no real article hash — likely AI-fabricated
hallucinated_ap_url,AP News,apnews.com,us-x-iran-permanent-peace-deal-by,US x Iran permanent peace deal by...?,U.S. Navy shoots down Iranian fast boats near the Strait,44.0,19.0,-25.0,May 31,2026-05-06 12:00:00+00,https://apnews.com/article/iran-war-us-drone-hormuz-05-may-2026-efc1,AP News URL has no real article hash — likely AI-fabricated
hallucinated_ap_url,AP News,apnews.com,us-x-iran-permanent-peace-deal-by,US x Iran permanent peace deal by...?,Iran announces a new 14‑point proposal via Pakistan,31.0,12.0,-19.0,May 31,2026-05-08 12:00:00+00,https://apnews.com/article/iran-proposal-14-points-2026-05-08,AP News URL has no real article hash — likely AI-fabricated
hallucinated_ap_url,AP News,apnews.com,texas-republican-senate-primary-winner,Texas Republican Senate Primary Winner,Paxton’s campaign raises $30 million in Q4 fundraising,59.0,65.0,6.0,Ken Paxton,2025-12-01 12:00:00+00,https://apnews.com/article/fundraising-hauls-rnc-2025,AP News URL has no real article hash — likely AI-fabricated
hallucinated_ap_url,AP News,apnews.com,texas-republican-senate-primary-winner,Texas Republican Senate Primary Winner,Ken Paxton issues opinion allowing exclusion of certain schools from Texas voucher program,55.0,57.0,2.0,Ken Paxton,2025-12-22 12:00:00+00,https://apnews.com/article/texas-school-vouchers-opinion-terrorists-ken-paxton/,AP News URL has no real article hash — likely AI-fabricated
hallucinated_ap_url,AP News,apnews.com,texas-republican-senate-primary-winner,Texas Republican Senate Primary Winner,Paxton releases opinion supporting exclusion of schools from voucher program,44.0,24.0,-20.0,Ken Paxton,2026-03-22 12:00:00+00,https://apnews.com/article/texas-school-vouchers-opinion-terrorists-ken-paxton/,AP News URL has no real article hash — likely AI-fabricated
hallucinated_ap_url,AP News,apnews.com,texas-republican-senate-primary-winner,Texas Republican Senate Primary Winner,Final poll shows Cornyn lagging far behind Paxton ahead of May runoff,44.0,6.0,-38.0,John Cornyn,2026-05-20 12:00:00+00,https://apnews.com/article/texas-primary-cornyn-paxton-poll-2026-05-20,AP News URL has no real article hash — likely AI-fabricated
hallucinated_ap_url,AP,apnews.com,us-iran-final-nuclear-deal-by-20260621201254412,US-Iran Final Nuclear Deal by…?,U.S. Treasury grants 60‑day license for Iranian oil sales,45.0,14.0,-31.0,August 13,2026-06-22 12:00:00+00,https://apnews.com/article/iran-us-israel-lebanon-june-20-2026,AP News URL has no real article hash — likely AI-fabricated
hallucinated_ap_url,Associated Press,apnews.com,presidential-election-winner-2028,Presidential Election Winner 2028,ViceâPresident Vance unveils stricter immigrationârestriction policy,20.0,18.0,-2.0,JD Vance,2026-03-21 12:00:00+00,https://apnews.com/article/jd-vance-immigration-policy-2026-03-21,AP News URL has no real article hash — likely AI-fabricated
hallucinated_ap_url,Associated Press,apnews.com,presidential-election-winner-2028,Presidential Election Winner 2028,JD Vance says Iran will allow UN nuclear inspectors after Swiss talks,15.0,21.0,6.0,JD Vance,2026-06-22 12:00:00+00,https://apnews.com/article/irannuclearinspectors-vance-2026,AP News URL has no real article hash — likely AI-fabricated
hallucinated_ap_url,AP News,apnews.com,brazil-presidential-election,Brazil Presidential Election,FlÃ¡vio Bolsonaro reaches 29â¯% after releasing detailed policy platform,26.0,29.0,3.0,FlÃ¡vio Bolsonaro,2026-02-16 12:00:00+00,https://apnews.com/article/brazil-flavio-platform-2026-02-16,AP News URL has no real article hash — likely AI-fabricated
hallucinated_ap_url,AP News,apnews.com,brazil-presidential-election,Brazil Presidential Election,Lulaâs approval dips after controversial Amazon mining concessions,52.0,40.0,-12.0,Luiz InÃ¡cio Lula da Silva,2026-04-18 12:00:00+00,https://apnews.com/article/brazil-amazon-mining-2026-04-18,AP News URL has no real article hash — likely AI-fabricated
hallucinated_ap_url,AP News,apnews.com,brazil-presidential-election,Brazil Presidential Election,Lulaâs poll share hits low of 35â¯% amid economic slowdown,40.0,35.0,-5.0,Luiz InÃ¡cio Lula da Silva,2026-04-24 12:00:00+00,https://apnews.com/article/brazil-economy-slowdown-2026-04-24,AP News URL has no real article hash — likely AI-fabricated
hallucinated_ap_url,AP News,apnews.com,brazil-presidential-election,Brazil Presidential Election,FlÃ¡vio Bolsonaroâs price drops 10 points after controversial interview,45.0,33.0,-12.0,FlÃ¡vio Bolsonaro,2026-05-12 12:00:00+00,https://apnews.com/article/brazil-flavio-interview-2026-05-12,AP News URL has no real article hash — likely AI-fabricated
hallucinated_ap_url,AP News,apnews.com,what-will-happen-before-gta-vi,What will happen before GTA VI?,Playboi Carti teases new album with cryptic social media posts,60.0,53.0,-7.0,New Playboi Carti Album ,2025-11-11 12:00:00+00,https://apnews.com/article/playboi-carti-new-album-2025,AP News URL has no real article hash — likely AI-fabricated
hallucinated_ap_url,AP News,apnews.com,what-will-happen-before-gta-vi,What will happen before GTA VI?,Rihanna announces surprise new album release date,58.0,61.0,3.0,New Rihanna Album,2025-11-11 12:00:00+00,https://apnews.com/article/rihanna-new-album-2025,AP News URL has no real article hash — likely AI-fabricated
hallucinated_ap_url,AP News,apnews.com,what-will-happen-before-gta-vi,What will happen before GTA VI?,BTS world tour ticket presale begins for ARMY members,61.0,64.0,3.0,New Rihanna Album,2026-01-22 12:00:00+00,https://apnews.com/article/bts-returns-world-tour-after-4-years-tickets/story?id=129174003,AP News URL has no real article hash — likely AI-fabricated
hallucinated_ap_url,Associated Press,apnews.com,kharg-island-no-longer-under-iranian-control-by-march-31,Kharg Island no longer under Iranian control by...?,US and Iran hold separate meetings in Qatar amid high tensions over Strait of Hormuz,4.0,3.0,-1.0,August 31,2026-07-01 12:00:00+00,https://apnews.com/article/us-iran-qatar-meetings-2026,AP News URL has no real article hash — likely AI-fabricated
hallucinated_ap_url,AP News,apnews.com,will-any-country-leave-nato-in-2025,Will any country leave NATO by...?,Trump drops Greenland tariff threat after Rutte mediation,5.0,4.0,-1.0,"June 30, 2026",2025-12-29 12:00:00+00,https://apnews.com/article/trump-tariff-drop-rutte-2025-12-29,AP News URL has no real article hash — likely AI-fabricated
hallucinated_ap_url,Associated Press,apnews.com,netanyahu-out-before-2027,Netanyahu out by...?,Netanyahu says Israel will stay in southern Lebanon as long as needed,0.0,0.0,0.0,June 30,2026-04-23 12:00:00+00,https://www.apnews.com/article/israel-lebanon-netanyahu-military-statement-2026,AP News URL has no real article hash — likely AI-fabricated
hallucinated_ap_url,AP News,apnews.com,will-russia-capture-kostyantynivka-by,Will Russia capture Kostyantynivka by...?,Ukrainian forces report successful drone strike on Russian logistics hub,56.0,56.0,0.0,"September 30, 2026",2026-05-14 12:00:00+00,https://apnews.com/article/russia-ukraine-war-drone-strike-logistics-abc123,AP News URL has no real article hash — likely AI-fabricated
hallucinated_ap_url,Associated Press,apnews.com,ukraine-election-called-in-2025,Ukraine election called by...?,"Ukraine sets presidential election for Decâ¯31â¯2026, ruling out a 2025 vote",51.0,30.0,-21.0,"December 31, 2026",2025-09-26 12:00:00+00,https://apnews.com/article/ukraine-election-2026-declaration-2025-09-26,AP News URL has no real article hash — likely AI-fabricated
hallucinated_ap_url,Associated Press,apnews.com,ukraine-election-called-in-2025,Ukraine election called by...?,"Ukrainian parliament extends presidential term to 2027, confirming no 2025 election",30.0,40.0,10.0,"December 31, 2026",2025-10-01 12:00:00+00,https://apnews.com/article/ukraine-parliament-term-extension-2025-10-01,AP News URL has no real article hash — likely AI-fabricated
hallucinated_ap_url,Associated Press,apnews.com,ukraine-election-called-in-2025,Ukraine election called by...?,"Zelenskyy reaffirms Decâ¯31â¯2026 election date, ending 2025 speculation",13.0,51.0,38.0,"December 31, 2026",2025-10-16 12:00:00+00,https://apnews.com/article/zelenskyy-confirm-2026-election-2025-10-16,AP News URL has no real article hash — likely AI-fabricated
hallucinated_ap_url,AP News,apnews.com,ukraine-election-called-in-2025,Ukraine election called by...?,Ukrainian President Zelenskyy meets European leaders in London amid ongoing war,39.0,39.0,0.0,"June 30, 2026",2025-12-08 12:00:00+00,https://apnews.com/article/ukraine-war-zelenskyy-london-meeting,AP News URL has no real article hash — likely AI-fabricated
hallucinated_ap_url,AP News,apnews.com,ukraine-election-called-in-2025,Ukraine election called by...?,"Next round of Russia-Ukraine peace talks scheduled, no election date announced",22.0,17.0,-5.0,"June 30, 2026",2026-02-04 12:00:00+00,https://apnews.com/article/russia-ukraine-peace-talks-2026,AP News URL has no real article hash — likely AI-fabricated
hallucinated_ap_url,AP News,apnews.com,ukraine-election-called-in-2025,Ukraine election called by...?,G7 leaders pledge more vital help for Ukraine amid ongoing war,16.0,20.0,4.0,"December 31, 2026",2026-06-17 12:00:00+00,https://apnews.com/article/ukraine-g7-2026,AP News URL has no real article hash — likely AI-fabricated
hallucinated_ap_url,AP News,apnews.com,ukraine-election-called-in-2025,Ukraine election called by...?,Zelenskyy returns Poland's highest honor after dispute over history,19.0,20.0,1.0,"December 31, 2026",2026-06-20 12:00:00+00,https://apnews.com/article/zelenskyy-poland-honor-2026,AP News URL has no real article hash — likely AI-fabricated
known_bad_domain,Grand Pinnacle Tribune,evrimagaci.org,brazil-presidential-election,Brazil Presidential Election,Poll shows Lula’s lead narrowing but still ahead of Bolsonaro family candidates,55.0,50.0,-5.0,Luiz Inácio Lula da Silva,2025-11-13 12:00:00+00,https://evrimagaci.org/gpt/lulas-lead-narrows-as-bolsonaros-shadow-grows-516285,Self-described AI-generated journalism experiment; no editorial staff
known_bad_domain,Grand Pinnacle Tribune,evrimagaci.org,brazil-presidential-election,Brazil Presidential Election,Poll shows Lula's lead narrowing as Bolsonaro's support grows,1.0,9.0,8.0,FlÃ¡vio Bolsonaro,2025-11-13 12:00:00+00,https://evrimagaci.org/gpt/lulas-lead-narrows-as-bolsonaros-shadow-grows-516285,Self-described AI-generated journalism experiment; no editorial staff
known_bad_domain,CNBC,netzender.com,spacex-ipo-closing-market-cap-above,SpaceX IPO closing market cap above ___ ?,Cerebras Soars 68% in Nasdaq Debut Boosting AI IPO Sentiment,,,0.0,,2026-05-14 12:00:00+00,https://netzender.com/spacex-ipo-prospectus-could-land-as-soon-as-next-week-sources-say,German tech aggregator; no editorial staff; not CNBC
known_bad_domain,redtea.com,redtea.com,ohio-governor-republican-primary-winner,Ohio Governor Republican Primary Winner,"Vivek Ramaswamy officially launches Ohio governor campaign with endorsements from Donald Trump and Elon Musk, positioning himself as a strong outsider candidate focused on",50.0,87.0,37.0,Vivek Ramaswamy,2025-02-24 12:00:00+00,https://redtea.com/ramaswamy-launches-ohio-governor-bid-backed-by-trump-and-musk/,Self-described partisan conservative content operation
known_bad_domain,redtea.com,redtea.com,ohio-governor-republican-primary-winner,Ohio Governor Republican Primary Winner,"Ramaswamy reports record-breaking fundraising of $9.88 million in the second half of 2025, setting a new Ohio gubernatorial fundraising record and demonstrating strong campaign",91.0,95.0,4.0,Vivek Ramaswamy,2025-07-31 12:00:00+00,https://redtea.com/ramaswamy-launches-ohio-governor-bid-backed-by-trump-and-musk/,Self-described partisan conservative content operation
known_bad_domain,RedTea News,redtea.com,texas-republican-senate-primary-winner,Texas Republican Senate Primary Winner,Turning Point Action endorses Ken Paxton in Texas GOP Senate primary,38.0,44.0,6.0,Ken Paxton,2026-02-09 12:00:00+00,https://redtea.com/turning-point-action-backs-ken-paxton-in-texas-gop-senate-primary/,Self-described partisan conservative content operation
known_bad_domain,Sun English Edition,see.mv,brazil-presidential-election,Brazil Presidential Election,Legislative override of Lula's veto reduces Bolsonaro's prison sentence potential,3.0,7.0,4.0,Renan Santos,2025-10-04 12:00:00+00,https://see.mv/105072,Sun English Edition (Maldivian newspaper); not TRT broadcaster
known_bad_domain,TRT,see.mv,brazil-presidential-election,Brazil Presidential Election,"Brazilian Congress overrides Lula’s veto, reducing Bolsonaro’s prison sentence",2.0,2.0,0.0,Flávio Bolsonaro,2025-11-14 12:00:00+00,https://see.mv/105072,Sun English Edition (Maldivian newspaper); not TRT broadcaster
known_bad_domain,TRT,see.mv,brazil-presidential-election,Brazil Presidential Election,"Brazilian Congress overrides Lulaâs veto, reducing Bolsonaroâs prison sentence",2.0,2.0,0.0,FlÃ¡vio Bolsonaro,2025-11-14 12:00:00+00,https://see.mv/105072,Sun English Edition (Maldivian newspaper); not TRT broadcaster
known_bad_domain,Axios,trump.news,trump-announces-us-blockade-of-hormuz-lifted-by,Trump announces US blockade of Hormuz lifted by...?,"Trump rejects Iranian proposal to open Strait of Hormuz, vows to keep blockade",80.0,48.0,-32.0,May 31,2026-04-29 12:00:00+00,https://www.trump.news/2026-04-30-trump-keeps-naval-blockade-strait-of-hormuz.html,Mike Adams / Natural News property; rated Extreme Right / Conspiracy by MBFC
known_bad_domain,Axios,trump.news,trump-announces-us-blockade-of-hormuz-lifted-by,Trump announces US blockade of Hormuz lifted by...?,Trump Rejects Iranian Proposal to Open Strait of Hormuz in Exchange for Blockade Lift,48.0,67.0,19.0,June 30,2026-04-29 12:00:00+00,https://www.trump.news/2026-04-30-trump-keeps-naval-blockade-strait-of-hormuz.html,Mike Adams / Natural News property; rated Extreme Right / Conspiracy by MBFC
known_bad_domain,Axios,trump.news,trump-announces-us-blockade-of-hormuz-lifted-by,Trump announces US blockade of Hormuz lifted by...?,Trump rejects Iranian proposal to open Strait of Hormuz,,,0.0,,2026-04-29 12:00:00+00,https://www.trump.news/2026-04-30-trump-keeps-naval-blockade-strait-of-hormuz.html,Mike Adams / Natural News property; rated Extreme Right / Conspiracy by MBFC
known_bad_domain,Trump.news,trump.news,trump-announces-us-blockade-of-hormuz-lifted-by,Trump announces US blockade of Hormuz lifted by...?,Trump Declares Naval Blockade of Iranian Ports to Pressure Iran,48.0,67.0,19.0,June 30,2026-04-30 12:00:00+00,https://www.trump.news/2026-04-30-trump-keeps-naval-blockade-strait-of-hormuz.html,Mike Adams / Natural News property; rated Extreme Right / Conspiracy by MBFC
known_bad_domain,Trump News,trump.news,trump-announces-us-blockade-of-hormuz-lifted-by,Trump announces US blockade of Hormuz lifted by...?,"Trump keeps naval blockade on Iran, rejects offer to open Strait of Hormuz",,,0.0,,2026-04-30 12:00:00+00,https://www.trump.news/2026-04-30-trump-keeps-naval-blockade-strait-of-hormuz.html,Mike Adams / Natural News property; rated Extreme Right / Conspiracy by MBFC
known_bad_domain,Financial Times,trump.news-pravda.com,us-announces-new-iran-agreementceasefire-extension-by,US announces new Iran agreement/ceasefire extension by...?,US and Iran near agreement to extend ceasefire for 60 days,60.0,80.0,20.0,,2026-05-23 12:00:00+00,https://trump.news-pravda.com/world/2026/05/23/349772.html,Part of 'Portal Kombat' pro-Russian influence network; on EU disinformation watchlist
known_bad_domain,Financial Times,trump.news-pravda.com,us-announces-new-iran-agreementceasefire-extension-by,US announces new Iran agreement/ceasefire extension by...?,U.S. and Iran reach 60-day ceasefire extension agreement,48.0,4.0,-44.0,May 23,2026-05-23 12:00:00+00,https://trump.news-pravda.com/world/2026/05/23/349772.html,Part of 'Portal Kombat' pro-Russian influence network; on EU disinformation watchlist
known_bad_domain,Pravda Trump,trump.news-pravda.com,us-announces-new-iran-agreementceasefire-extension-by,US announces new Iran agreement/ceasefire extension by...?,Financial Times reports U.S. and Iran have agreed on 60-day ceasefire extension,,81.0,0.0,June 30,2026-05-23 12:00:00+00,https://trump.news-pravda.com/world/2026/05/23/349772.html,Part of 'Portal Kombat' pro-Russian influence network; on EU disinformation watchlist
known_bad_domain,Pravda Trump,trump.news-pravda.com,us-announces-new-iran-agreementceasefire-extension-by,US announces new Iran agreement/ceasefire extension by...?,Reports confirm U.S. and Iran reached agreement on 60-day ceasefire extension,77.0,81.0,4.0,June 30,2026-05-26 12:00:00+00,https://trump.news-pravda.com/world/2026/05/23/349772.html,Part of 'Portal Kombat' pro-Russian influence network; on EU disinformation watchlist
known_bad_domain,WhiteHouse.news,whitehouse.news,iran-agrees-to-surrender-enriched-uranium-stockpile-by,Iran agrees to surrender enriched uranium stockpile by...?,Trump dismisses Iran’s enriched uranium stockpile as worthless but insists on taking it back,18.0,6.0,-12.0,May 31,2026-05-05 12:00:00+00,https://www.whitehouse.news/2026-05-05-trump-dismisses-irans-enriched-uranium-stockpile-worthless.html,Mike Adams / Natural News property; not whitehouse.gov
known_bad_domain,Whitehouse.news,whitehouse.news,iran-agrees-to-surrender-enriched-uranium-stockpile-by,Iran agrees to surrender enriched uranium stockpile by...?,Trump states U.S. will seize or destroy Iran's enriched uranium stockpile,47.0,47.0,0.0,,2026-05-21 12:00:00+00,https://whitehouse.news/2026-05-22-trump-us-seize-destroy-iran-enriched-uranium.html,Mike Adams / Natural News property; not whitehouse.gov
known_bad_domain,White House News,whitehouse.news,iran-agrees-to-surrender-enriched-uranium-stockpile-by,Iran agrees to surrender enriched uranium stockpile by...?,Trump downplays value of Iran's uranium while demanding its return,29.0,19.0,-10.0,June 30,2026-05-05 12:00:00+00,https://whitehouse.news/2026-05-05-trump-dismisses-irans-enriched-uranium-stockpile-worthless.html,Mike Adams / Natural News property; not whitehouse.gov
known_bad_domain,Whitehouse.news,whitehouse.news,iran-agrees-to-surrender-enriched-uranium-stockpile-by,Iran agrees to surrender enriched uranium stockpile by...?,Iran proposes transferring enriched uranium to Russia in peace deal,47.0,28.0,-19.0,,2026-05-19 12:00:00+00,https://whitehouse.news/2026-05-19-iran-offers-transfer-enriched-uranium-to-russia.html,Mike Adams / Natural News property; not whitehouse.gov
known_bad_domain,WhiteHouse.News,whitehouse.news,iran-agrees-to-surrender-enriched-uranium-stockpile-by,Iran agrees to surrender enriched uranium stockpile by...?,Iran offers to transfer enriched uranium to Russia in proposed peace deal,35.0,18.0,-17.0,July 31,2026-05-19 12:00:00+00,https://whitehouse.news/2026-05-19-iran-offers-transfer-enriched-uranium-to-russia.html,Mike Adams / Natural News property; not whitehouse.gov
known_bad_domain,whitehouse.news,whitehouse.news,iran-agrees-to-surrender-enriched-uranium-stockpile-by,Iran agrees to surrender enriched uranium stockpile by...?,Trump states U.S. will seize or destroy Iranâs enriched uranium stockpile,42.0,9.0,-33.0,May 31,2026-05-21 12:00:00+00,https://whitehouse.news/2026-05-22-trump-us-seize-destroy-iran-enriched-uranium.html,Mike Adams / Natural News property; not whitehouse.gov
non_news_source,BitMEX,bitmex.com,spacex-ipo-closing-market-cap-above,SpaceX IPO closing market cap above ___ ?,SpaceX Executes 5-for-1 Stock Split Ahead of Nasdaq Listing,74.0,81.0,7.0,>$1.8T,2026-05-04 12:00:00+00,https://www.bitmex.com/blog/spacex-ipo-guide,bitmex.com is not a news outlet
non_news_source,Interfax Ukraine,en.interfax.com.ua,ukraine-election-called-in-2025,Ukraine election called by...?,Budget Declaration states election funding only after martial law ends,21.0,16.0,-5.0,"December 31, 2026",2026-06-23 12:00:00+00,https://en.interfax.com.ua/news/general/1178935.html,en.interfax.com.ua is not a news outlet
non_news_source,Interfax,en.interfax.com.ua,ukraine-election-called-in-2025,Ukraine election called by...?,Ukraine's 2027-2029 Budget Declaration ties election funding to end of martial law,5.0,4.0,-1.0,"August 31, 2026",2026-06-23 12:00:00+00,https://en.interfax.com.ua/news/general/1178935.html,en.interfax.com.ua is not a news outlet
non_news_source,InterfaxâUkraine,en.interfax.com.ua,ukraine-election-called-in-2025,Ukraine election called by...?,Working group says election prep cannot start before six months after ceaseâfire,1.0,1.0,0.0,"June 30, 2026",2026-06-23 12:00:00+00,https://en.interfax.com.ua/news/general/1165131.html,en.interfax.com.ua is not a news outlet
non_news_source,Wikipedia,en.wikipedia.org,us-x-iran-permanent-peace-deal-by,US x Iran permanent peace deal by...?,US and Iran announce ceasefire amid ongoing conflict,44.0,44.0,0.0,,2026-04-08 12:00:00+00,https://en.wikipedia.org/wiki/2026_Iran_war_ceasefire,en.wikipedia.org is not a news outlet
non_news_source,Wikipedia,en.wikipedia.org,texas-republican-senate-primary-winner,Texas Republican Senate Primary Winner,Ken Paxton wins Texas Republican Senate primary runoff,96.0,96.0,0.0,,2026-05-26 12:00:00+00,https://en.wikipedia.org/wiki/2026_United_States_Senate_election_in_Texas,en.wikipedia.org is not a news outlet
non_news_source,Wikipedia,en.wikipedia.org,us-x-iran-permanent-peace-deal-by,US x Iran permanent peace deal by...?,President Trump sends nuclear proposal to Iran urging swift progress,20.0,18.0,-2.0,,2026-05-16 12:00:00+00,https://en.wikipedia.org/wiki/2025%E2%80%932026_Iran%E2%80%93United_States_negotiations,en.wikipedia.org is not a news outlet
non_news_source,Wikipedia,en.wikipedia.org,brazil-presidential-election,Brazil Presidential Election,Michelle Bolsonaro's candidacy prospects sharply decline amid campaign developments,52.0,5.0,-47.0,Michelle Bolsonaro,2025-09-18 12:00:00+00,https://en.wikipedia.org/wiki/Michelle_Bolsonaro,en.wikipedia.org is not a news outlet
non_news_source,Wikipedia,en.wikipedia.org,brazil-presidential-election,Brazil Presidential Election,President Lula announces re-election campaign for fourth term,55.0,56.0,1.0,Luiz Inácio Lula da Silva,2025-10-25 12:00:00+00,https://en.wikipedia.org/wiki/2026_Brazilian_general_election,en.wikipedia.org is not a news outlet
non_news_source,Wikipedia,en.wikipedia.org,brazil-presidential-election,Brazil Presidential Election,Fernando Haddad's market price collapses amid lack of campaign momentum,52.0,4.0,-48.0,Fernando Haddad,2025-11-22 12:00:00+00,https://en.wikipedia.org/wiki/Fernando_Haddad_2018_presidential_campaign,en.wikipedia.org is not a news outlet
non_news_source,Wikipedia,en.wikipedia.org,democratic-presidential-nominee-2028,Democratic Presidential Nominee 2028,Multiple Democratic candidates start with high market odds but decline over time,50.0,,0.0,,2025-07-11 12:00:00+00,https://en.wikipedia.org/wiki/2028_United_States_presidential_election,en.wikipedia.org is not a news outlet
non_news_source,Wikipedia,en.wikipedia.org,democratic-presidential-nominee-2028,Democratic Presidential Nominee 2028,Alexandria Ocasio-Cortez leads early 2028 Democratic nominee polls,50.0,50.0,0.0,Alexandria Ocasio-Cortez,2025-07-11 12:00:00+00,https://en.wikipedia.org/wiki/2028_United_States_presidential_election,en.wikipedia.org is not a news outlet
non_news_source,Wikipedia,en.wikipedia.org,democratic-presidential-nominee-2028,Democratic Presidential Nominee 2028,Sharp decline in Alexandria Ocasio-Cortez's market odds after early enthusiasm wanes,50.0,16.0,-34.0,Alexandria Ocasio-Cortez,2025-07-22 12:00:00+00,https://en.wikipedia.org/wiki/2028_United_States_presidential_election,en.wikipedia.org is not a news outlet
non_news_source,Wikipedia,en.wikipedia.org,democratic-presidential-nominee-2028,Democratic Presidential Nominee 2028,Kamala Harris's market odds drop sharply amid rising competition,39.0,6.0,-33.0,Kamala Harris,2025-08-02 12:00:00+00,https://en.wikipedia.org/wiki/2028_United_States_presidential_election,en.wikipedia.org is not a news outlet
non_news_source,Wikipedia,en.wikipedia.org,presidential-election-winner-2028,Presidential Election Winner 2028,Gavin Newsom gains media attention as potential Democratic contender,10.0,19.0,9.0,Gavin Newsom,2025-09-02 12:00:00+00,https://en.wikipedia.org/wiki/2028_United_States_presidential_election,en.wikipedia.org is not a news outlet
non_news_source,Wikipedia,en.wikipedia.org,presidential-election-winner-2028,Presidential Election Winner 2028,"Trump and Vance impose tariffs, signaling policy agenda",27.0,25.0,-2.0,JD Vance,2026-02-01 12:00:00+00,https://en.wikipedia.org/wiki/Vice_presidency_of_JD_Vance,en.wikipedia.org is not a news outlet
non_news_source,Wikipedia,en.wikipedia.org,presidential-election-winner-2028,Presidential Election Winner 2028,Marco Rubio signals support for JD Vance's potential 2028 run,8.0,10.0,2.0,Marco Rubio,2026-03-01 12:00:00+00,https://en.wikipedia.org/wiki/2028_United_States_presidential_election,en.wikipedia.org is not a news outlet
non_news_source,Wikipedia,en.wikipedia.org,presidential-election-winner-2028,Presidential Election Winner 2028,Marco Rubio's 2028 presidential campaign speculation peaks at 16%,14.0,16.0,2.0,Marco Rubio,2026-03-12 12:00:00+00,https://en.wikipedia.org/wiki/2028_United_States_presidential_election,en.wikipedia.org is not a news outlet
non_news_source,Wikipedia,en.wikipedia.org,presidential-election-winner-2028,Presidential Election Winner 2028,JD Vance appointed 'fraud czar' to investigate election fraud,21.0,18.0,-3.0,JD Vance,2026-04-03 12:00:00+00,https://en.wikipedia.org/wiki/Vice_presidency_of_JD_Vance,en.wikipedia.org is not a news outlet
non_news_source,Wikipedia,en.wikipedia.org,presidential-election-winner-2028,Presidential Election Winner 2028,Marco Rubio's increased activity fuels speculation of 2028 run,10.0,15.0,5.0,Marco Rubio,2026-05-10 12:00:00+00,https://en.wikipedia.org/wiki/2028_United_States_presidential_election,en.wikipedia.org is not a news outlet
non_news_source,Wikipedia,en.wikipedia.org,republican-presidential-nominee-2028,Republican Presidential Nominee 2028,JD Vance accepts Republican nomination for vice president,29.0,55.0,26.0,J.D. Vance,2025-07-17 12:00:00+00,https://en.wikipedia.org/wiki/Vice_presidency_of_JD_Vance,en.wikipedia.org is not a news outlet
non_news_source,Wikipedia,en.wikipedia.org,republican-presidential-nominee-2028,Republican Presidential Nominee 2028,Marco Rubio signals potential 2028 presidential run,14.0,14.0,0.0,Marco Rubio,2025-07-18 12:00:00+00,https://en.wikipedia.org/wiki/2028_United_States_presidential_election,en.wikipedia.org is not a news outlet
non_news_source,Wikipedia,en.wikipedia.org,republican-presidential-nominee-2028,Republican Presidential Nominee 2028,Marco Rubio's 2028 nomination odds surge in polls and markets,17.0,27.0,10.0,Marco Rubio,2026-03-12 12:00:00+00,https://en.wikipedia.org/wiki/2028_United_States_presidential_election,en.wikipedia.org is not a news outlet
non_news_source,Wikipedia,en.wikipedia.org,republican-presidential-nominee-2028,Republican Presidential Nominee 2028,Marco Rubio's 2028 prospects improve amid speculation of run,13.0,18.0,5.0,Marco Rubio,2026-03-20 12:00:00+00,https://en.wikipedia.org/wiki/2028_United_States_presidential_election,en.wikipedia.org is not a news outlet
non_news_source,Wikipedia,en.wikipedia.org,starmer-out-in-2025,Starmer out by...?,Clive Lewis publicly calls for Keir Starmer's resignation amid leadership unrest,31.0,44.0,13.0,June 30,2025-11-15 12:00:00+00,https://en.wikipedia.org/wiki/Keir_Starmer,en.wikipedia.org is not a news outlet
non_news_source,Wikipedia,en.wikipedia.org,starmer-out-in-2025,Starmer out by...?,Starmer admits Mandelson lied about Epstein ties and faces calls to resign,,,0.0,,2026-02-05 12:00:00+00,https://en.wikipedia.org/wiki/Keir_Starmer,en.wikipedia.org is not a news outlet
non_news_source,Wikipedia,en.wikipedia.org,starmer-out-in-2025,Starmer out by...?,"Starmer admits Mandelson lied during vetting, announces removal from Privy Council",51.0,62.0,11.0,December 31,2026-02-05 12:00:00+00,https://en.wikipedia.org/wiki/Keir_Starmer,en.wikipedia.org is not a news outlet
non_news_source,Wikipedia,en.wikipedia.org,starmer-out-in-2025,Starmer out by...?,Starmer's Chief of Staff Morgan McSweeney resigns over Mandelson appointment,,,0.0,,2026-02-08 12:00:00+00,https://en.wikipedia.org/wiki/Keir_Starmer,en.wikipedia.org is not a news outlet
non_news_source,Wikipedia (citing Ipsos),en.wikipedia.org,starmer-out-in-2025,Starmer out by...?,Ipsos poll records Starmer’s net approval at –46 in February 2026,61.0,68.0,7.0,December 31,2026-02-09 12:00:00+00,https://en.wikipedia.org/wiki/Keir_Starmer,en.wikipedia.org is not a news outlet
non_news_source,Wikipedia,en.wikipedia.org,us-x-iran-diplomatic-meeting-by-329,US x Iran diplomatic meeting by...?,US imposes new sanctions on Iranian nuclear research,83.0,83.0,0.0,June 30,2026-05-25 12:00:00+00,https://en.wikipedia.org/wiki/2025%E2%80%932026_Iran%E2%80%93United_States_negotiations,en.wikipedia.org is not a news outlet
non_news_source,Wikipedia,en.wikipedia.org,what-iranian-demands-will-trump-agree-to-by-may-31,What Iranian demands will Trump agree to by May 31?,US Treasury sanctions 6 Chinese chemical components companies connected to Iran,48.0,11.0,-37.0,,2026-04-30 12:00:00+00,https://en.wikipedia.org/wiki/2025%E2%80%932026_Iran%E2%80%93United_States_negotiations,en.wikipedia.org is not a news outlet
non_news_source,Naim Qassem,en.wikipedia.org,will-hezbollah-disarm-by-march-31,Will Hezbollah disarm by...?,"Reuters reports Israel’s push for direct talks with Lebanon “as soon as possible” on Hezbollah disarmament, while Qassem’s televised speech re‑asserts the group will not accept",5.0,3.0,-2.0,April 30,2026-04-09 12:00:00+00,https://en.wikipedia.org/wiki/Naim_Qassem,en.wikipedia.org is not a news outlet
non_news_source,Disarmament of Hezbollah,en.wikipedia.org,will-hezbollah-disarm-by-march-31,Will Hezbollah disarm by...?,"Reuters reports Israel’s push for direct talks with Lebanon “as soon as possible” on Hezbollah disarmament, while Qassem’s televised speech re‑asserts the group will not accept",5.0,3.0,-2.0,April 30,2026-04-09 12:00:00+00,https://en.wikipedia.org/wiki/Disarmament_of_Hezbollah,en.wikipedia.org is not a news outlet
non_news_source,Naim Qassem,en.wikipedia.org,will-hezbollah-disarm-by-march-31,Will Hezbollah disarm by...?,"Israeli drones strike a Hezbollah vehicle in southern Lebanon, a retaliation after Qassem’s recent statement that “Hezbollah will not allow anyone to disarm it,” reinforcing the",2.0,4.0,2.0,April 30,2026-04-20 12:00:00+00,https://en.wikipedia.org/wiki/Naim_Qassem,en.wikipedia.org is not a news outlet
non_news_source,Disarmament of Hezbollah,en.wikipedia.org,will-hezbollah-disarm-by-march-31,Will Hezbollah disarm by...?,"Israeli drones strike a Hezbollah vehicle in southern Lebanon, a retaliation after Qassem’s recent statement that “Hezbollah will not allow anyone to disarm it,” reinforcing the",2.0,4.0,2.0,April 30,2026-04-20 12:00:00+00,https://en.wikipedia.org/wiki/Disarmament_of_Hezbollah,en.wikipedia.org is not a news outlet
non_news_source,Naim Qassem,en.wikipedia.org,will-hezbollah-disarm-by-march-31,Will Hezbollah disarm by...?,"Hezbollah’s senior MP Ali Fayyad publicly rejects any direct negotiations with Israel while Qassem again declares the group will not surrender its weapons, prompting the market to",4.0,0.0,-4.0,April 30,2026-04-23 12:00:00+00,https://en.wikipedia.org/wiki/Naim_Qassem,en.wikipedia.org is not a news outlet
non_news_source,Disarmament of Hezbollah,en.wikipedia.org,will-hezbollah-disarm-by-march-31,Will Hezbollah disarm by...?,"Hezbollah’s senior MP Ali Fayyad publicly rejects any direct negotiations with Israel while Qassem again declares the group will not surrender its weapons, prompting the market to",4.0,0.0,-4.0,April 30,2026-04-23 12:00:00+00,https://en.wikipedia.org/wiki/Disarmament_of_Hezbollah,en.wikipedia.org is not a news outlet
non_news_source,Disarmament of Hezbollah,en.wikipedia.org,will-hezbollah-disarm-by-march-31,Will Hezbollah disarm by...?,"Hezbollah’s senior official publicly declares that “disarmament is an Israeli‑American demand” and that the group will only consider it after Israel fully withdraws, prompting a",0.0,4.0,4.0,April 30,2026-04-25 12:00:00+00,https://en.wikipedia.org/wiki/Disarmament_of_Hezbollah,en.wikipedia.org is not a news outlet
non_news_source,Wikipedia,en.wikipedia.org,will-the-us-confirm-that-aliens-exist-before-2027,Will the US confirm that aliens exist by...?,Pentagon and Trump clarify UFO files do not confirm extraterrestrial life,1.0,0.0,-1.0,May 31,2026-05-22 12:00:00+00,https://en.wikipedia.org/wiki/United_States_UFO_files,en.wikipedia.org is not a news outlet
non_news_source,Wikipedia (UFO files),en.wikipedia.org,will-the-us-confirm-that-aliens-exist-before-2027,Will the US confirm that aliens exist by...?,"Second batch of declassified UFO files posted, still no alien confirmation",10.0,3.0,-7.0,June 30,2026-05-22 12:00:00+00,https://en.wikipedia.org/wiki/United_States_UFO_files,en.wikipedia.org is not a news outlet
non_news_source,en.wikipedia.org,en.wikipedia.org,will-trump-visit-china-by,Will Trump visit China by...?,Simon Tisdall reports early signs of internal battle over Trump’s succession amid health concerns,51.0,78.0,27.0,April 30,2024-11-02 12:00:00+00,https://en.wikipedia.org/wiki/Age_and_health_concerns_about_Donald_Trump,en.wikipedia.org is not a news outlet
non_news_source,en.wikipedia.org,en.wikipedia.org,will-trump-visit-china-by,Will Trump visit China by...?,Trump undergoes Montreal Cognitive Assessment (MoCA) test amid rising health scrutiny,77.0,75.0,-2.0,April 30,2025-01-22 12:00:00+00,https://en.wikipedia.org/wiki/Age_and_health_concerns_about_Donald_Trump,en.wikipedia.org is not a news outlet
non_news_source,en.wikipedia.org,en.wikipedia.org,will-trump-visit-china-by,Will Trump visit China by...?,White House releases memo stating Trump’s October 2024 CT scan results were “perfectly normal”,94.0,86.0,-8.0,April 30,2025-02-27 12:00:00+00,https://en.wikipedia.org/wiki/Age_and_health_concerns_about_Donald_Trump,en.wikipedia.org is not a news outlet
non_news_source,en.wikipedia.org,en.wikipedia.org,will-trump-visit-china-by,Will Trump visit China by...?,"Media reports and viral videos show Trump exhibiting signs of physical decline, including dragging his right leg and visible bruising",86.0,25.0,-61.0,April 30,2025-03-15 12:00:00+00,https://en.wikipedia.org/wiki/Age_and_health_concerns_about_Donald_Trump,en.wikipedia.org is not a news outlet
non_news_source,en.wikipedia.org,en.wikipedia.org,will-trump-visit-china-by,Will Trump visit China by...?,Daily Beast and other outlets report speculation that Trump may have suffered a stroke earlier in 2025,14.0,28.0,14.0,April 30,2025-03-23 12:00:00+00,https://en.wikipedia.org/wiki/Age_and_health_concerns_about_Donald_Trump,en.wikipedia.org is not a news outlet
non_news_source,en.wikipedia.org,en.wikipedia.org,will-trump-visit-china-by,Will Trump visit China by...?,White House physician Dr. Sean Barbabella publicly confirms Trump’s health assessments but acknowledges chronic venous insufficiency diagnosis,2.0,0.0,-2.0,April 30,2025-04-01 12:00:00+00,https://en.wikipedia.org/wiki/Age_and_health_concerns_about_Donald_Trump,en.wikipedia.org is not a news outlet
non_news_source,en.wikipedia.org,en.wikipedia.org,will-trump-visit-china-by,Will Trump visit China by...?,The New York Times publishes analysis highlighting Trump’s aging and declining stamina as the oldest president,,,0.0,April 30,2025-11-25 12:00:00+00,https://en.wikipedia.org/wiki/Age_and_health_concerns_about_Donald_Trump,en.wikipedia.org is not a news outlet
non_news_source,en.wikipedia.org,en.wikipedia.org,will-trump-visit-china-by,Will Trump visit China by...?,"Trump dismisses health concerns in a Wall Street Journal interview, claiming “My health is perfect”",,,0.0,April 30,2026-01-01 12:00:00+00,https://en.wikipedia.org/wiki/Age_and_health_concerns_about_Donald_Trump,en.wikipedia.org is not a news outlet
non_news_source,en.wikipedia.org,en.wikipedia.org,will-trump-visit-china-by,Will Trump visit China by...?,| U.S. Secretary of State Marco Rubio meets Chinese Foreign Minister Wang Yi and discusses President Trump’s planned China visit |– early diplomatic talks lifted confidence that a,68.0,72.0,4.0,June 30,2026-02-13 12:00:00+00,https://en.wikipedia.org/wiki/2026_state_visit_by_Donald_Trump_to_China,en.wikipedia.org is not a news outlet
non_news_source,en.wikipedia.org,en.wikipedia.org,will-trump-visit-china-by,Will Trump visit China by...?,Chinese Foreign Ministry spokesperson Lin Jian says U.S.,67.0,70.0,3.0,June 30,2026-03-23 12:00:00+00,https://en.wikipedia.org/wiki/List_of_presidential_trips_made_by_Donald_Trump_(2026),en.wikipedia.org is not a news outlet
non_news_source,en.wikipedia.org,en.wikipedia.org,will-trump-visit-china-by,Will Trump visit China by...?,"The White House officially announced that Donald Trump's visit to China would take place from May 12 to 15, 2026, postponing the originally planned April visit due to the ongoing",58.0,87.0,29.0,June 30,2026-03-25 12:00:00+00,https://en.wikipedia.org/wiki/2026_state_visit_by_Donald_Trump_to_China,en.wikipedia.org is not a news outlet
non_news_source,en.wikipedia.org,en.wikipedia.org,will-trump-visit-china-by,Will Trump visit China by...?,White House releases list of U.S.,71.0,85.0,14.0,May 31,2026-04-08 12:00:00+00,https://en.wikipedia.org/wiki/2026_state_visit_by_Donald_Trump_to_China,en.wikipedia.org is not a news outlet
non_news_source,en.wikipedia.org,en.wikipedia.org,will-trump-visit-china-by,Will Trump visit China by...?,"Congressional memo details Trump’s increasingly incoherent and volatile behavior, raising alarm about his cognitive fitness",,,0.0,April 30,2026-04-10 12:00:00+00,https://en.wikipedia.org/wiki/Age_and_health_concerns_about_Donald_Trump,en.wikipedia.org is not a news outlet
non_news_source,en.wikipedia.org,en.wikipedia.org,will-trump-visit-china-by,Will Trump visit China by...?,Bloomberg notes a setback: the U.S.,79.0,68.0,-11.0,May 31,2026-04-13 12:00:00+00,https://en.wikipedia.org/wiki/2026_state_visit_by_Donald_Trump_to_China,en.wikipedia.org is not a news outlet
non_news_source,en.wikipedia.org,en.wikipedia.org,will-trump-visit-china-by,Will Trump visit China by...?,"Trump’s White House press briefing confirms the May 15 state visit to China will proceed as scheduled, calling it “an amazing event” and dismissing any postponement due to the",76.0,82.0,6.0,May 15,2026-04-15 12:00:00+00,https://en.wikipedia.org/wiki/2026_state_visit_by_Donald_Trump_to_China,en.wikipedia.org is not a news outlet
non_news_source,en.wikipedia.org,en.wikipedia.org,will-trump-visit-china-by,Will Trump visit China by...?,| Council on Foreign Relations notes that the May 14‑15 summit will be “of tremendous symbolic significance” after weeks of uncertainty |– expert commentary signalling a firm,78.0,91.0,13.0,June 30,2026-04-16 12:00:00+00,https://en.wikipedia.org/wiki/2026_state_visit_by_Donald_Trump_to_China,en.wikipedia.org is not a news outlet
non_news_source,en.wikipedia.org,en.wikipedia.org,will-trump-visit-china-by,Will Trump visit China by...?,Chinese government releases Announcement No.,59.0,70.0,11.0,May 15,2026-04-24 12:00:00+00,https://en.wikipedia.org/wiki/2026_state_visit_by_Donald_Trump_to_China,en.wikipedia.org is not a news outlet
non_news_source,en.wikipedia.org,en.wikipedia.org,will-trump-visit-china-by,Will Trump visit China by...?,Chinese Foreign Minister Wang Yi holds a phone call with U.S.,64.0,72.0,8.0,May 15,2026-04-30 12:00:00+00,https://en.wikipedia.org/wiki/2026_state_visit_by_Donald_Trump_to_China,en.wikipedia.org is not a news outlet
non_news_source,en.wikipedia.org,en.wikipedia.org,will-trump-visit-china-by,Will Trump visit China by...?,Chinese Foreign Minister Wang Yi holds a phone call with U.S.,64.0,72.0,8.0,May 15,2026-04-30 12:00:00+00,https://en.wikipedia.org/wiki/2017_state_visit_by_Donald_Trump_to_China,en.wikipedia.org is not a news outlet
non_news_source,en.wikipedia.org,en.wikipedia.org,will-trump-visit-china-by,Will Trump visit China by...?,"Chinese foreign ministry releases a detailed itinerary for Trump’s May 15 arrival, including scheduled meetings with Xi Jinping and a state banquet, further cementing the trip’s",64.0,67.0,3.0,May 15,2026-04-30 12:00:00+00,https://en.wikipedia.org/wiki/2026_state_visit_by_Donald_Trump_to_China,en.wikipedia.org is not a news outlet
non_news_source,en.wikipedia.org,en.wikipedia.org,will-trump-visit-china-by,Will Trump visit China by...?,South China Morning Post reports U.S.,77.0,87.0,10.0,May 15,2026-05-03 12:00:00+00,https://en.wikipedia.org/wiki/2026_state_visit_by_Donald_Trump_to_China,en.wikipedia.org is not a news outlet
non_news_source,en.wikipedia.org,en.wikipedia.org,will-trump-visit-china-by,Will Trump visit China by...?,South China Morning Post reports U.S.,77.0,87.0,10.0,May 15,2026-05-03 12:00:00+00,https://en.wikipedia.org/wiki/2017_state_visit_by_Donald_Trump_to_China,en.wikipedia.org is not a news outlet
non_news_source,en.wikipedia.org,en.wikipedia.org,will-trump-visit-china-by,Will Trump visit China by...?,Fortune reports that China will publicly ignore U.S.,88.0,90.0,2.0,May 15,2026-05-04 12:00:00+00,https://en.wikipedia.org/wiki/2026_state_visit_by_Donald_Trump_to_China,en.wikipedia.org is not a news outlet
non_news_source,en.wikipedia.org,en.wikipedia.org,will-trump-visit-china-by,Will Trump visit China by...?,"U.S. Senate delegation led by Steve Daines visits China for preliminary diplomatic talks, meeting Chinese Premier Li Qiang and Zhao Leji, signaling warming ties ahead of Trump’s",87.0,91.0,4.0,May 15,2026-05-07 12:00:00+00,https://en.wikipedia.org/wiki/2026_state_visit_by_Donald_Trump_to_China,en.wikipedia.org is not a news outlet
non_news_source,en.wikipedia.org,en.wikipedia.org,will-trump-visit-china-by,Will Trump visit China by...?,"U.S. Senate delegation led by Steve Daines visits China for preliminary diplomatic talks, meeting Chinese Premier Li Qiang and Zhao Leji, signaling warming ties ahead of Trump’s",87.0,91.0,4.0,May 15,2026-05-07 12:00:00+00,https://en.wikipedia.org/wiki/2017_state_visit_by_Donald_Trump_to_China,en.wikipedia.org is not a news outlet
non_news_source,en.wikipedia.org,en.wikipedia.org,will-trump-visit-china-by,Will Trump visit China by...?,CNBC reports a delegation of U.S.,71.0,85.0,14.0,May 31,2026-05-08 12:00:00+00,https://en.wikipedia.org/wiki/2026_state_visit_by_Donald_Trump_to_China,en.wikipedia.org is not a news outlet
non_news_source,en.wikipedia.org,en.wikipedia.org,will-trump-visit-china-by,Will Trump visit China by...?,"News circulated that a delegation of American CEOs, including leaders from Boeing and Mastercard, would accompany Trump to China, highlighting the economic and trade significance",82.0,89.0,7.0,June 30,2026-05-08 12:00:00+00,https://en.wikipedia.org/wiki/2026_state_visit_by_Donald_Trump_to_China,en.wikipedia.org is not a news outlet
non_news_source,en.wikipedia.org,en.wikipedia.org,will-trump-visit-china-by,Will Trump visit China by...?,"South China Morning Post notes that the summit’s agenda includes a high‑profile press conference where Trump is expected to announce a new trade pact, pushing the market to its",91.0,95.0,4.0,May 15,2026-05-09 12:00:00+00,https://en.wikipedia.org/wiki/2026_state_visit_by_Donald_Trump_to_China,en.wikipedia.org is not a news outlet
non_news_source,en.wikipedia.org,en.wikipedia.org,will-trump-visit-china-by,Will Trump visit China by...?,"| [2026‑05‑09] Politico notes “historic” business summit in Beijing scheduled, with dozens of U.S.",96.0,98.0,2.0,June 30,2026-05-09 12:00:00+00,https://en.wikipedia.org/wiki/2026_state_visit_by_Donald_Trump_to_China,en.wikipedia.org is not a news outlet
non_news_source,en.wikipedia.org,en.wikipedia.org,will-trump-visit-china-by,Will Trump visit China by...?,"| Al Jazeera reports Trump will discuss Iran with Xi during the upcoming visit, emphasizing “tremendous symbolic significance” |– renewed media focus on the agenda reinforced",96.0,97.0,1.0,June 30,2026-05-10 12:00:00+00,https://en.wikipedia.org/wiki/2026_state_visit_by_Donald_Trump_to_China,en.wikipedia.org is not a news outlet
non_news_source,en.wikipedia.org,en.wikipedia.org,will-trump-visit-china-by,Will Trump visit China by...?,"Trump publicly expressed enthusiasm for the trip on social media, calling China “an amazing country,” and announced plans to discuss arms sales to Taiwan with Xi Jinping,",89.0,92.0,3.0,June 30,2026-05-10 12:00:00+00,https://en.wikipedia.org/wiki/2026_state_visit_by_Donald_Trump_to_China,en.wikipedia.org is not a news outlet
non_news_source,en.wikipedia.org,en.wikipedia.org,will-trump-visit-china-by,Will Trump visit China by...?,| CNBC reports Trump officially invites top U.S.,100.0,100.0,0.0,June 30,2026-05-11 12:00:00+00,https://en.wikipedia.org/wiki/2026_state_visit_by_Donald_Trump_to_China,en.wikipedia.org is not a news outlet
non_news_source,en.wikipedia.org,en.wikipedia.org,will-trump-visit-china-by,Will Trump visit China by...?,"Trump invited major U.S. corporate executives such as Elon Musk, Tim Cook, and Larry Fink to join the China trip, emphasizing the high-profile nature and potential business",92.0,97.0,5.0,June 30,2026-05-11 12:00:00+00,https://en.wikipedia.org/wiki/2026_state_visit_by_Donald_Trump_to_China,en.wikipedia.org is not a news outlet
non_news_source,en.wikipedia.org,en.wikipedia.org,will-trump-visit-china-by,Will Trump visit China by...?,"Reports highlighted that Trump would discuss the Iran war with Xi Jinping, aiming to leverage China’s influence for a ceasefire and reopening of the Strait of Hormuz, adding",97.0,100.0,3.0,June 30,2026-05-12 12:00:00+00,https://en.wikipedia.org/wiki/2026_state_visit_by_Donald_Trump_to_China,en.wikipedia.org is not a news outlet
non_news_source,en.wikipedia.org,en.wikipedia.org,will-trump-visit-china-by,Will Trump visit China by...?,"Trump arrived in China as scheduled, marking the first visit by a sitting U.S.",97.0,100.0,3.0,June 30,2026-05-13 12:00:00+00,https://en.wikipedia.org/wiki/2026_state_visit_by_Donald_Trump_to_China,en.wikipedia.org is not a news outlet
non_news_source,en.wikipedia.org,en.wikipedia.org,will-trump-visit-china-by,Will Trump visit China by...?,"Trump arrives in Beijing for the state visit, marking the first U.S.",99.0,100.0,1.0,May 15,2026-05-13 12:00:00+00,https://en.wikipedia.org/wiki/2026_state_visit_by_Donald_Trump_to_China,en.wikipedia.org is not a news outlet
non_news_source,en.wikipedia.org,en.wikipedia.org,will-trump-visit-china-by,Will Trump visit China by...?,"Trump arrives in Beijing for the state visit, marking the first U.S.",99.0,100.0,1.0,May 15,2026-05-13 12:00:00+00,https://en.wikipedia.org/wiki/2017_state_visit_by_Donald_Trump_to_China,en.wikipedia.org is not a news outlet
non_news_source,en.wikipedia.org,en.wikipedia.org,will-trump-visit-china-on,Will Trump visit China on...?,"(referenced) | Historical note: Trump’s previous China visit in 2017, cited to contrast the rarity of a U.S.",2.0,2.0,0.0,May 14,2025-10-30 12:00:00+00,https://en.wikipedia.org/wiki/2026_state_visit_by_Donald_Trump_to_China,en.wikipedia.org is not a news outlet
non_news_source,en.wikipedia.org,en.wikipedia.org,will-trump-visit-china-on,Will Trump visit China on...?,"Trump postpones his planned China trip from early April to about five or six weeks later due to the ongoing Iran war, creating uncertainty and causing a sharp drop in market",41.0,2.0,-39.0,May 21,2026-03-18 12:00:00+00,https://en.wikipedia.org/wiki/2026_state_visit_by_Donald_Trump_to_China,en.wikipedia.org is not a news outlet
non_news_source,en.wikipedia.org,en.wikipedia.org,will-trump-visit-china-on,Will Trump visit China on...?,"U.S. President Donald Trump announces plans to visit China in May 2026 for a summit with President Xi Jinping, highlighting the focus on trade war issues and signaling a potential",42.0,30.0,-12.0,May 14,2026-04-06 12:00:00+00,https://en.wikipedia.org/wiki/2026_state_visit_by_Donald_Trump_to_China,en.wikipedia.org is not a news outlet
non_news_source,en.wikipedia.org,en.wikipedia.org,will-trump-visit-china-on,Will Trump visit China on...?,"Trump announces China has agreed not to send weapons to Iran and confirms his state visit to China will occur soon, with Xi Jinping expected to welcome him warmly;",41.0,41.0,0.0,May 21,2026-04-15 12:00:00+00,https://en.wikipedia.org/wiki/2026_state_visit_by_Donald_Trump_to_China,en.wikipedia.org is not a news outlet
non_news_source,en.wikipedia.org,en.wikipedia.org,will-trump-visit-china-on,Will Trump visit China on...?,"The American Chamber of Commerce in Hong Kong holds its Annual China Conference, discussing the upcoming Trump visit on May 14-15 and the future of U.S.-China trade relations,",30.0,36.0,6.0,May 14,2026-04-28 12:00:00+00,https://en.wikipedia.org/wiki/2026_state_visit_by_Donald_Trump_to_China,en.wikipedia.org is not a news outlet
non_news_source,en.wikipedia.org,en.wikipedia.org,will-trump-visit-china-on,Will Trump visit China on...?,Trump announces U.S. request to China to delay the summit originally planned for early April due to the ongoing Iran war,41.0,2.0,-39.0,May 12,2026-04-28 12:00:00+00,https://en.wikipedia.org/wiki/2026_state_visit_by_Donald_Trump_to_China,en.wikipedia.org is not a news outlet
non_news_source,en.wikipedia.org,en.wikipedia.org,will-trump-visit-china-on,Will Trump visit China on...?,"Reports emerge that Trump initially planned to visit China in early April but postponed the trip due to the ongoing Iran conflict, causing uncertainty about the exact visit date",36.0,18.0,-18.0,May 14,2026-04-29 12:00:00+00,https://en.wikipedia.org/wiki/2026_state_visit_by_Donald_Trump_to_China,en.wikipedia.org is not a news outlet
non_news_source,en.wikipedia.org,en.wikipedia.org,will-trump-visit-china-on,Will Trump visit China on...?,Chinese official Wang Yi holds phone call with U.S.,41.0,38.0,-3.0,May 13,2026-04-30 12:00:00+00,https://en.wikipedia.org/wiki/2026_state_visit_by_Donald_Trump_to_China,en.wikipedia.org is not a news outlet
non_news_source,en.wikipedia.org,en.wikipedia.org,will-trump-visit-china-on,Will Trump visit China on...?,Chinese Foreign Minister Wang Yi and U.S.,18.0,27.0,9.0,May 14,2026-04-30 12:00:00+00,https://en.wikipedia.org/wiki/2026_state_visit_by_Donald_Trump_to_China,en.wikipedia.org is not a news outlet
non_news_source,en.wikipedia.org,en.wikipedia.org,will-trump-visit-china-on,Will Trump visit China on...?,"China’s foreign minister urges US to maintain stability over Taiwan ahead of Trump’s scheduled May 14-15 visit, confirming the trip timing and reducing likelihood of a later May",41.0,2.0,-39.0,May 23,2026-04-30 12:00:00+00,https://en.wikipedia.org/wiki/2026_state_visit_by_Donald_Trump_to_China,en.wikipedia.org is not a news outlet
non_news_source,en.wikipedia.org,en.wikipedia.org,will-trump-visit-china-on,Will Trump visit China on...?,"Wang Yi’s phone call with U.S. Secretary of State Marco Rubio includes “preliminary communication regarding subsequent head‑of‑state diplomacy,” signalling that the May 14‑15",19.0,27.0,8.0,May 14,2026-04-30 12:00:00+00,https://en.wikipedia.org/wiki/2026_state_visit_by_Donald_Trump_to_China,en.wikipedia.org is not a news outlet
non_news_source,en.wikipedia.org,en.wikipedia.org,will-trump-visit-china-on,Will Trump visit China on...?,"Official US State Department confirms phone call arranging Trump’s visit to China on May 14-15, further solidifying the visit dates and pushing market probability for May 23 to",2.0,0.0,-2.0,May 23,2026-05-01 12:00:00+00,https://en.wikipedia.org/wiki/2026_state_visit_by_Donald_Trump_to_China,en.wikipedia.org is not a news outlet
non_news_source,en.wikipedia.org,en.wikipedia.org,will-trump-visit-china-on,Will Trump visit China on...?,"The White House officially announces Trump’s state visit to China is scheduled for May 14–15, confirming the visit will occur earlier than May 21 and effectively ruling out the",1.0,0.0,-1.0,May 21,2026-05-02 12:00:00+00,https://en.wikipedia.org/wiki/2026_state_visit_by_Donald_Trump_to_China,en.wikipedia.org is not a news outlet
non_news_source,en.wikipedia.org,en.wikipedia.org,will-trump-visit-china-on,Will Trump visit China on...?,"Reports emerge of U.S. Air Force C-17 planes landing in Beijing, signaling preparations for Trump's visit but no confirmation of arrival on May 12",1.0,0.0,-1.0,May 12,2026-05-03 12:00:00+00,https://en.wikipedia.org/wiki/2026_state_visit_by_Donald_Trump_to_China,en.wikipedia.org is not a news outlet
non_news_source,en.wikipedia.org,en.wikipedia.org,will-trump-visit-china-on,Will Trump visit China on...?,| Senate delegation led by Steve Daines visits Beijing;,33.0,27.0,-6.0,May 14,2026-05-05 12:00:00+00,https://en.wikipedia.org/wiki/2026_state_visit_by_Donald_Trump_to_China,en.wikipedia.org is not a news outlet
non_news_source,en.wikipedia.org,en.wikipedia.org,will-trump-visit-china-on,Will Trump visit China on...?,"A bipartisan U.S. Senate delegation led by Steve Daines visits China, meeting with Premier Li Qiang and other officials, indicating warming diplomatic ties ahead of Trump's visit",16.0,33.0,17.0,May 14,2026-05-05 12:00:00+00,https://en.wikipedia.org/wiki/2026_state_visit_by_Donald_Trump_to_China,en.wikipedia.org is not a news outlet
non_news_source,en.wikipedia.org,en.wikipedia.org,will-trump-visit-china-on,Will Trump visit China on...?,"US Treasury Secretary Scott Bessent confirms Trump will not postpone the May 14–15 meeting with Xi Jinping despite ongoing Iran conflict, solidifying market certainty that the",0.0,0.0,0.0,May 21,2026-05-06 12:00:00+00,https://en.wikipedia.org/wiki/2026_state_visit_by_Donald_Trump_to_China,en.wikipedia.org is not a news outlet
non_news_source,en.wikipedia.org,en.wikipedia.org,will-trump-visit-china-on,Will Trump visit China on...?,Chinese Premier Li Qiang meets U.S.,1.0,1.0,0.0,May 15,2026-05-07 12:00:00+00,https://en.wikipedia.org/wiki/2026_state_visit_by_Donald_Trump_to_China,en.wikipedia.org is not a news outlet
non_news_source,en.wikipedia.org,en.wikipedia.org,will-trump-visit-china-on,Will Trump visit China on...?,Senator Steve Daines leads the first bipartisan Senate delegation to China since Trump took office;,7.0,5.0,-2.0,No visit by May 31,2026-05-07 12:00:00+00,https://en.wikipedia.org/wiki/2026_state_visit_by_Donald_Trump_to_China,en.wikipedia.org is not a news outlet
non_news_source,en.wikipedia.org,en.wikipedia.org,will-trump-visit-china-on,Will Trump visit China on...?,Senator Steve Daines leads the first bipartisan Senate delegation to China since Trump took office;,7.0,5.0,-2.0,No visit by May 31,2026-05-07 12:00:00+00,https://en.wikipedia.org/wiki/List_of_presidential_trips_made_by_Donald_Trump_(2026),en.wikipedia.org is not a news outlet
non_news_source,en.wikipedia.org,en.wikipedia.org,will-trump-visit-china-on,Will Trump visit China on...?,Senate bipartisan delegation led by Sen.,55.0,39.0,-16.0,May 13,2026-05-07 12:00:00+00,https://en.wikipedia.org/wiki/2026_state_visit_by_Donald_Trump_to_China,en.wikipedia.org is not a news outlet
non_news_source,en.wikipedia.org,en.wikipedia.org,will-trump-visit-china-on,Will Trump visit China on...?,Chinese Premier Li Qiang meets the U.S.,32.0,30.0,-2.0,May 14,2026-05-07 12:00:00+00,https://en.wikipedia.org/wiki/2026_state_visit_by_Donald_Trump_to_China,en.wikipedia.org is not a news outlet
non_news_source,en.wikipedia.org,en.wikipedia.org,will-trump-visit-china-on,Will Trump visit China on...?,Premier Li Qiang and Zhao Leji meet the U.S.,33.0,37.0,4.0,May 14,2026-05-07 12:00:00+00,https://en.wikipedia.org/wiki/2026_state_visit_by_Donald_Trump_to_China,en.wikipedia.org is not a news outlet
non_news_source,en.wikipedia.org,en.wikipedia.org,will-trump-visit-china-on,Will Trump visit China on...?,Chinese Premier Li Qiang and NPC Chairman Zhao Leji meet U.S.,52.0,55.0,3.0,May 13,2026-05-07 12:00:00+00,https://en.wikipedia.org/wiki/2026_state_visit_by_Donald_Trump_to_China,en.wikipedia.org is not a news outlet
non_news_source,en.wikipedia.org,en.wikipedia.org,will-trump-visit-china-on,Will Trump visit China on...?,"Chinese Premier Li Qiang and other officials meet with a bipartisan U.S. Senate delegation in Beijing, indicating warming ties but no Trump visit yet",,,0.0,May 12,2026-05-07 12:00:00+00,https://en.wikipedia.org/wiki/2026_state_visit_by_Donald_Trump_to_China,en.wikipedia.org is not a news outlet
non_news_source,en.wikipedia.org,en.wikipedia.org,will-trump-visit-china-on,Will Trump visit China on...?,"Trump’s son Eric and wife Lara announced they will accompany the President “in a personal capacity” on the May 14‑15 trip, removing speculation about a family‑only or cancelled",30.0,19.0,-11.0,May 14,2026-05-09 12:00:00+00,https://en.wikipedia.org/wiki/2026_state_visit_by_Donald_Trump_to_China,en.wikipedia.org is not a news outlet
non_news_source,en.wikipedia.org,en.wikipedia.org,will-trump-visit-china-on,Will Trump visit China on...?,"Reuters preview notes Trump and Xi will meet to discuss Iran, Taiwan, AI and a critical minerals deal, and that Trump is scheduled to arrive on May 13, further cementing the",51.0,69.0,18.0,May 13,2026-05-10 12:00:00+00,https://en.wikipedia.org/wiki/2026_state_visit_by_Donald_Trump_to_China,en.wikipedia.org is not a news outlet
non_news_source,en.wikipedia.org,en.wikipedia.org,will-trump-visit-china-on,Will Trump visit China on...?,"U.S. Treasury Secretary Scott Bessent tells Fox News that Trump “will not move to reschedule” the May 14‑15 meeting despite the ongoing Iran war, eliminating the last major",2.0,2.0,0.0,May 14,2026-05-11 12:00:00+00,https://en.wikipedia.org/wiki/2026_state_visit_by_Donald_Trump_to_China,en.wikipedia.org is not a news outlet
non_news_source,en.wikipedia.org,en.wikipedia.org,will-trump-visit-china-on,Will Trump visit China on...?,"The Chinese Foreign Ministry officially announces Trump’s state visit to China from May 13 to 15 at Xi Jinping’s invitation, confirming the visit but the market reacts with a",37.0,1.0,-36.0,May 14,2026-05-11 12:00:00+00,https://en.wikipedia.org/wiki/2026_state_visit_by_Donald_Trump_to_China,en.wikipedia.org is not a news outlet
non_news_source,en.wikipedia.org,en.wikipedia.org,will-trump-visit-china-on,Will Trump visit China on...?,Chinese foreign ministry publicly announces the visit (May 13‑15) and U.S.,38.0,42.0,4.0,May 13,2026-05-11 12:00:00+00,https://en.wikipedia.org/wiki/2026_state_visit_by_Donald_Trump_to_China,en.wikipedia.org is not a news outlet
non_news_source,en.wikipedia.org,en.wikipedia.org,will-trump-visit-china-on,Will Trump visit China on...?,"Beijing officially announces Trump's state visit dates as May 14-15, confirming the delay and ruling out May 12",2.0,0.0,-2.0,May 12,2026-05-11 12:00:00+00,https://en.wikipedia.org/wiki/2026_state_visit_by_Donald_Trump_to_China,en.wikipedia.org is not a news outlet
non_news_source,en.wikipedia.org,en.wikipedia.org,will-trump-visit-china-on,Will Trump visit China on...?,"U.S. Treasury Secretary Scott Bessent states Trump will not postpone the May 14–15 meeting with Xi despite Iran conflict, confirming visit timing but not a single-day visit on May",1.0,0.0,-1.0,May 15,2026-05-11 12:00:00+00,https://en.wikipedia.org/wiki/2026_state_visit_by_Donald_Trump_to_China,en.wikipedia.org is not a news outlet
non_news_source,en.wikipedia.org,en.wikipedia.org,will-trump-visit-china-on,Will Trump visit China on...?,"Reuters reports that Elon Musk, Tim Cook, GE Aerospace’s Larry Culp and Boeing’s Kelly Ortberg will join Trump on his May 14‑15 China visit, confirming the high‑profile delegation",1.0,0.0,-1.0,No visit by May 31,2026-05-11 12:00:00+00,https://en.wikipedia.org/wiki/2026_state_visit_by_Donald_Trump_to_China,en.wikipedia.org is not a news outlet
non_news_source,en.wikipedia.org,en.wikipedia.org,will-trump-visit-china-on,Will Trump visit China on...?,"Reuters reports that Elon Musk, Tim Cook, GE Aerospace’s Larry Culp and Boeing’s Kelly Ortberg will join Trump on his May 14‑15 China visit, confirming the high‑profile delegation",1.0,0.0,-1.0,No visit by May 31,2026-05-11 12:00:00+00,https://en.wikipedia.org/wiki/List_of_presidential_trips_made_by_Donald_Trump_(2026),en.wikipedia.org is not a news outlet
non_news_source,en.wikipedia.org,en.wikipedia.org,will-trump-visit-china-on,Will Trump visit China on...?,"Senior U.S. officials emphasize ongoing discussions on Iran, Russia, trade, and Taiwan ahead of the visit, but no change in U.S.",3.0,1.0,-2.0,May 14,2026-05-12 12:00:00+00,https://en.wikipedia.org/wiki/2026_state_visit_by_Donald_Trump_to_China,en.wikipedia.org is not a news outlet
non_news_source,en.wikipedia.org,en.wikipedia.org,will-trump-visit-china-on,Will Trump visit China on...?,"NPR reports Trump departs for China on Tuesday (May 13) despite the ongoing Iran conflict, quoting the president’s own statement that the cease‑fire is “on massive life support,”",67.0,55.0,-12.0,May 13,2026-05-12 12:00:00+00,https://en.wikipedia.org/wiki/2026_state_visit_by_Donald_Trump_to_China,en.wikipedia.org is not a news outlet
non_news_source,en.wikipedia.org,en.wikipedia.org,will-trump-visit-china-on,Will Trump visit China on...?,"News reports confirm Trump will arrive in China on May 13 local time and Melania Trump will not accompany him, reinforcing the visit timing beyond May 12",1.0,0.0,-1.0,May 12,2026-05-13 12:00:00+00,https://en.wikipedia.org/wiki/2026_state_visit_by_Donald_Trump_to_China,en.wikipedia.org is not a news outlet
non_news_source,en.wikipedia.org,en.wikipedia.org,will-trump-visit-china-on,Will Trump visit China on...?,"Final confirmations and preparations for Trump’s arrival in China on May 14-15 are reported, but the market remains at 1%, indicating that the visit is imminent but the market had",1.0,1.0,0.0,May 14,2026-05-13 12:00:00+00,https://en.wikipedia.org/wiki/2026_state_visit_by_Donald_Trump_to_China,en.wikipedia.org is not a news outlet
non_news_source,Péter Magyar - Wikipedia,en.wikipedia.org,next-prime-minister-of-hungary,Next Prime Minister of Hungary,"Prime Minister Orbán delivers the ""Tihany Speech,"" expressing support for Romanian presidential candidate George Simion, sparking criticism and political tension in the Hungarian",50.0,54.0,4.0,Péter Magyar,2025-05-09 12:00:00+00,https://en.wikipedia.org/wiki/P%C3%A9ter_Magyar,en.wikipedia.org is not a news outlet
non_news_source,en.wikipedia.org,en.wikipedia.org,next-prime-minister-of-hungary,Next Prime Minister of Hungary,"Hungarian President Tamás Sulyok officially set the parliamentary election for 12 April 2026, signalling the end of the pre‑election window for a surprise surge by Toroczkai’s Our",50.0,1.0,-49.0,László Toroczkai,2025-07-24 12:00:00+00,https://en.wikipedia.org/wiki/2026_Hungarian_parliamentary_election,en.wikipedia.org is not a news outlet
non_news_source,Péter Magyar - Wikipedia,en.wikipedia.org,next-prime-minister-of-hungary,Next Prime Minister of Hungary,"Péter Magyar holds a major demonstration in Pannonhalma, announcing a new ten-point program outlining his party’s priorities for the upcoming political season, signaling growing",54.0,57.0,3.0,Péter Magyar,2025-08-20 12:00:00+00,https://en.wikipedia.org/wiki/P%C3%A9ter_Magyar,en.wikipedia.org is not a news outlet
non_news_source,en.wikipedia.org,en.wikipedia.org,next-prime-minister-of-hungary,Next Prime Minister of Hungary,Toroczkai held his final campaign rally in Budapest;,1.0,0.0,-1.0,László Toroczkai,2025-09-01 12:00:00+00,https://en.wikipedia.org/wiki/2026_Hungarian_parliamentary_election,en.wikipedia.org is not a news outlet
non_news_source,István Kapitány,en.wikipedia.org,next-prime-minister-of-hungary,Next Prime Minister of Hungary,István Kapitány appointed economic advisor to Péter Magyar and the Tisza Party ahead of the 2026 Hungarian parliamentary elections,1.0,5.0,4.0,István Kapitány,2026-01-15 12:00:00+00,https://en.wikipedia.org/wiki/Istv%C3%A1n_Kapit%C3%A1ny,en.wikipedia.org is not a news outlet
non_news_source,István Kapitány,en.wikipedia.org,next-prime-minister-of-hungary,Next Prime Minister of Hungary,Media scrutiny highlights Kapitány’s controversial past with Shell’s operations in Nigeria and environmental criticisms,5.0,3.0,-2.0,István Kapitány,2026-02-11 12:00:00+00,https://en.wikipedia.org/wiki/Istv%C3%A1n_Kapit%C3%A1ny,en.wikipedia.org is not a news outlet
non_news_source,István Kapitány,en.wikipedia.org,next-prime-minister-of-hungary,Next Prime Minister of Hungary,Péter Magyar announces Kapitány will serve as Minister of Economy and Energetics in the prospective Tisza government,1.0,0.0,-1.0,István Kapitány,2026-03-20 12:00:00+00,https://en.wikipedia.org/wiki/Istv%C3%A1n_Kapit%C3%A1ny,en.wikipedia.org is not a news outlet
non_news_source,István Kapitány,en.wikipedia.org,next-prime-minister-of-hungary,Next Prime Minister of Hungary,"Hungarian parliamentary elections held; Tisza Party wins but Péter Magyar confirmed as Prime Minister, not Kapitány",0.0,0.0,0.0,István Kapitány,2026-04-12 12:00:00+00,https://en.wikipedia.org/wiki/Istv%C3%A1n_Kapit%C3%A1ny,en.wikipedia.org is not a news outlet
non_news_source,Viktor Orbán - Wikipedia,en.wikipedia.org,next-prime-minister-of-hungary,Next Prime Minister of Hungary,"Péter Magyar wins a landslide victory in the Hungarian parliamentary election, ending Viktor Orbán's 16 years in power;",4.0,0.0,-4.0,Viktor Orbán,2026-04-12 12:00:00+00,https://en.wikipedia.org/wiki/Viktor_Orb%C3%A1n,en.wikipedia.org is not a news outlet
non_news_source,László Toroczkai - Wikipedia,en.wikipedia.org,next-prime-minister-of-hungary,Next Prime Minister of Hungary,"Toroczkai congratulates Facebook for “delivering the first Hungarian prime minister” and stresses that the Tisza Party will “return to power,” but offers no concrete claim to the",0.0,0.0,0.0,László Toroczkai,2026-04-12 12:00:00+00,https://en.wikipedia.org/wiki/L%C3%A1szl%C3%B3_Toroczkai,en.wikipedia.org is not a news outlet
non_news_source,en.wikipedia.org,en.wikipedia.org,next-prime-minister-of-hungary,Next Prime Minister of Hungary,"After the election, Toroczkai reacted negatively to the results and announced he would appeal the vote count to the European Court of Human Rights, confirming he was not in",3.0,0.0,-3.0,László Toroczkai,2026-04-15 12:00:00+00,https://en.wikipedia.org/wiki/2026_Hungarian_parliamentary_election,en.wikipedia.org is not a news outlet
non_news_source,László Toroczkai - Wikipedia,en.wikipedia.org,next-prime-minister-of-hungary,Next Prime Minister of Hungary,"Toroczkai accuses Prime‑Minister‑designate Magyar Péter of nepotism after the latter appoints his brother‑in‑law as justice minister, underscoring Toroczkai’s opposition rather",0.0,0.0,0.0,László Toroczkai,2026-05-01 12:00:00+00,https://en.wikipedia.org/wiki/L%C3%A1szl%C3%B3_Toroczkai,en.wikipedia.org is not a news outlet
non_news_source,en.wikipedia.org,en.wikipedia.org,west-bengal-legislative-assembly-election-winner,West Bengal Legislative Assembly Election Winner,"Mamata Banerjee announced the Trinamool Congress candidate list for the 2026 assembly elections, signaling the start of the election campaign and raising expectations for AITC's",49.0,55.0,6.0,AITC,2025-12-29 12:00:00+00,https://en.wikipedia.org/wiki/2026_West_Bengal_Legislative_Assembly_election,en.wikipedia.org is not a news outlet
non_news_source,en.wikipedia.org,en.wikipedia.org,west-bengal-legislative-assembly-election-winner,West Bengal Legislative Assembly Election Winner,Election Commission announces Special Intensive Revision removing 9 million voters in West Bengal,5.0,2.0,-3.0,BGPM,2026-01-15 12:00:00+00,https://en.wikipedia.org/wiki/2026_West_Bengal_Legislative_Assembly_election,en.wikipedia.org is not a news outlet
non_news_source,en.wikipedia.org,en.wikipedia.org,west-bengal-legislative-assembly-election-winner,West Bengal Legislative Assembly Election Winner,"Election Commission of India announced the West Bengal assembly election schedule for two phases on April 23 and 29, with counting on May 4, clarifying the timeline and energizing",67.0,84.0,17.0,AITC,2026-03-10 12:00:00+00,https://en.wikipedia.org/wiki/2026_West_Bengal_Legislative_Assembly_election,en.wikipedia.org is not a news outlet
non_news_source,en.wikipedia.org,en.wikipedia.org,west-bengal-legislative-assembly-election-winner,West Bengal Legislative Assembly Election Winner,TMC announces BGPM will contest three Darjeeling hill seats as allies,2.0,7.0,5.0,BGPM,2026-03-15 12:00:00+00,https://en.wikipedia.org/wiki/2026_West_Bengal_Legislative_Assembly_election,en.wikipedia.org is not a news outlet
non_news_source,en.wikipedia.org,en.wikipedia.org,what-will-the-us-agree-to,What Iranian demands will Trump agree to in April?,U.S. and Iran announce a two-week ceasefire amid escalating tensions;,28.0,55.0,27.0,Oil Sanction Relief,2026-04-07 12:00:00+00,https://en.wikipedia.org/wiki/United_States_sanctions_against_Iran,en.wikipedia.org is not a news outlet
non_news_source,en.wikipedia.org,en.wikipedia.org,what-will-the-us-agree-to,What Iranian demands will Trump agree to in April?,Trump publicly agrees to a two-week ceasefire with Iran but insists on Iran opening the Strait of Hormuz and halting uranium enrichment;,55.0,37.0,-18.0,Oil Sanction Relief,2026-04-08 12:00:00+00,https://en.wikipedia.org/wiki/United_States_sanctions_against_Iran,en.wikipedia.org is not a news outlet
non_news_source,en.wikipedia.org,en.wikipedia.org,what-will-the-us-agree-to,What Iranian demands will Trump agree to in April?,Iran formally offers to suspend uranium enrichment for up to five years;,8.0,38.0,30.0,Enrichment of Uranium,2026-04-13 12:00:00+00,https://en.wikipedia.org/wiki/2025%E2%80%932026_Iran%E2%80%93United_States_negotiations,en.wikipedia.org is not a news outlet
non_news_source,en.wikipedia.org,en.wikipedia.org,what-will-the-us-agree-to,What Iranian demands will Trump agree to in April?,Vice President JD Vance publicly states the U.S.,38.0,39.0,1.0,Enrichment of Uranium,2026-04-14 12:00:00+00,https://en.wikipedia.org/wiki/2025%E2%80%932026_Iran%E2%80%93United_States_negotiations,en.wikipedia.org is not a news outlet
non_news_source,en.wikipedia.org,en.wikipedia.org,what-will-the-us-agree-to,What Iranian demands will Trump agree to in April?,Trump reiterates to Reuters that the U.S.,25.0,13.0,-12.0,Enrichment of Uranium,2026-04-17 12:00:00+00,https://en.wikipedia.org/wiki/2025%E2%80%932026_Iran%E2%80%93United_States_negotiations,en.wikipedia.org is not a news outlet
non_news_source,en.wikipedia.org,en.wikipedia.org,what-will-the-us-agree-to,What Iranian demands will Trump agree to in April?,Trump posts on social media claiming Iran has agreed to an “unlimited” suspension of its nuclear program and to hand over enriched uranium;,13.0,6.0,-7.0,Enrichment of Uranium,2026-04-20 12:00:00+00,https://en.wikipedia.org/wiki/2025%E2%80%932026_Iran%E2%80%93United_States_negotiations,en.wikipedia.org is not a news outlet
non_news_source,en.wikipedia.org,en.wikipedia.org,what-will-the-us-agree-to,What Iranian demands will Trump agree to in April?,"Treasury Secretary Scott Bessent testifies about the decision to let sanctions waivers expire despite pleas from vulnerable countries, signaling a hardening U.S.",20.0,12.0,-8.0,Oil Sanction Relief,2026-04-22 12:00:00+00,https://en.wikipedia.org/wiki/United_States_sanctions_against_Iran,en.wikipedia.org is not a news outlet
non_news_source,en.wikipedia.org,en.wikipedia.org,what-will-the-us-agree-to,What Iranian demands will Trump agree to in April?,"Trump says he is awaiting Iran's offer but insists any deal must include Iran giving up enriched uranium and reopening the Strait of Hormuz, showing no concession on uranium",12.0,7.0,-5.0,Oil Sanction Relief,2026-04-24 12:00:00+00,https://en.wikipedia.org/wiki/United_States_sanctions_against_Iran,en.wikipedia.org is not a news outlet
non_news_source,en.wikipedia.org,en.wikipedia.org,what-will-the-us-agree-to,What Iranian demands will Trump agree to in April?,"Reports reveal U.S. naval blockade forcing Iran to store oil in poor conditions, increasing pressure on Iran but no sign of U.S.",7.0,3.0,-4.0,Oil Sanction Relief,2026-04-27 12:00:00+00,https://en.wikipedia.org/wiki/United_States_sanctions_against_Iran,en.wikipedia.org is not a news outlet
non_news_source,en.wikipedia.org,en.wikipedia.org,what-will-the-us-agree-to,What Iranian demands will Trump agree to in April?,Iran offers to reopen the Strait of Hormuz if the U.S.,3.0,2.0,-1.0,Oil Sanction Relief,2026-04-28 12:00:00+00,https://en.wikipedia.org/wiki/United_States_sanctions_against_Iran,en.wikipedia.org is not a news outlet
non_news_source,en.wikipedia.org,en.wikipedia.org,what-will-the-us-agree-to,What Iranian demands will Trump agree to in April?,No further definitive U.S. announcement of agreement;,2.0,0.0,-2.0,Enrichment of Uranium,2026-04-30 12:00:00+00,https://en.wikipedia.org/wiki/2025%E2%80%932026_Iran%E2%80%93United_States_negotiations,en.wikipedia.org is not a news outlet
non_news_source,en.wikipedia.org,en.wikipedia.org,ohio-governor-republican-primary-winner,Ohio Governor Republican Primary Winner,“Ohio Secretary of State’s office releases the list of conditionally qualified Republican gubernatorial candidates;,10.0,6.0,-4.0,Philip Funderburg,2025-03-15 12:00:00+00,https://en.wikipedia.org/wiki/2026_Ohio_gubernatorial_election,en.wikipedia.org is not a news outlet
non_news_source,en.wikipedia.org,en.wikipedia.org,ohio-governor-republican-primary-winner,Ohio Governor Republican Primary Winner,“Official candidate list for the May 5 Republican primary released;,0.0,0.0,0.0,Philip Funderburg,2026-01-05 12:00:00+00,https://en.wikipedia.org/wiki/2026_Ohio_gubernatorial_election,en.wikipedia.org is not a news outlet
non_news_source,Wikipedia,en.wikipedia.org,us-x-iran-permanent-peace-deal-by,US x Iran permanent peace deal by...?,US and Iran announce ceasefire amid ongoing conflict,44.0,44.0,0.0,May 31,2026-04-08 12:00:00+00,https://en.wikipedia.org/wiki/2026_Iran_war_ceasefire,en.wikipedia.org is not a news outlet
non_news_source,Wikipedia,en.wikipedia.org,us-x-iran-permanent-peace-deal-by,US x Iran permanent peace deal by...?,US Vice President and Iranian officials hold peace talks in Islamabad,44.0,27.0,-17.0,May 31,2026-04-11 12:00:00+00,https://en.wikipedia.org/wiki/2026_Iran_war_ceasefire,en.wikipedia.org is not a news outlet
non_news_source,Wikipedia,en.wikipedia.org,us-x-iran-permanent-peace-deal-by,US x Iran permanent peace deal by...?,US Vice President JD Vance and Iranian officials hold peace talks in Islamabad,31.0,28.0,-3.0,May 31,2026-05-11 12:00:00+00,https://en.wikipedia.org/wiki/2026_Iran_war_ceasefire,en.wikipedia.org is not a news outlet
non_news_source,Wikipedia,en.wikipedia.org,us-x-iran-permanent-peace-deal-by,US x Iran permanent peace deal by...?,President Trump sends nuclear proposal to Iran urging swift progress,20.0,18.0,-2.0,June 15,2026-05-16 12:00:00+00,https://en.wikipedia.org/wiki/2025%E2%80%932026_Iran%E2%80%93United_States_negotiations,en.wikipedia.org is not a news outlet
non_news_source,Wikipedia,en.wikipedia.org,texas-republican-senate-primary-winner,Texas Republican Senate Primary Winner,Ken Paxton wins Texas Republican Senate primary runoff,96.0,96.0,0.0,Ken Paxton,2026-05-26 12:00:00+00,https://en.wikipedia.org/wiki/2026_United_States_Senate_election_in_Texas,en.wikipedia.org is not a news outlet
non_news_source,en.wikipedia.org,en.wikipedia.org,us-announces-new-iran-agreementceasefire-extension-by,US announces new Iran agreement/ceasefire extension by...?,U.S. military conducts strikes in southern Iran amid ongoing ceasefire talks,80.0,75.0,-5.0,June 30,2026-05-25 12:00:00+00,https://en.wikipedia.org/wiki/2025%E2%80%932026_Iran%E2%80%93United_States_negotiations,en.wikipedia.org is not a news outlet
non_news_source,Wikipedia,en.wikipedia.org,us-x-iran-permanent-peace-deal-by,US x Iran permanent peace deal by...?,US and Iran agree to two-week ceasefire mediated by Pakistan,54.0,69.0,15.0,December 31,2026-04-08 12:00:00+00,https://en.wikipedia.org/wiki/2026_Iran_war_ceasefire,en.wikipedia.org is not a news outlet
non_news_source,Wikipedia,en.wikipedia.org,us-x-iran-permanent-peace-deal-by,US x Iran permanent peace deal by...?,US Vice President JD Vance and Iranian officials meet in Islamabad for peace talks,69.0,63.0,-6.0,December 31,2026-04-11 12:00:00+00,https://en.wikipedia.org/wiki/2026_Iran_war_ceasefire,en.wikipedia.org is not a news outlet
non_news_source,en.wikipedia.org,en.wikipedia.org,us-x-iran-permanent-peace-deal-by,US x Iran permanent peace deal by...?,Sen. Graham backs naval blockade as pressure on Iran,55.0,39.0,-16.0,July 31,2026-04-21 12:00:00+00,https://en.wikipedia.org/wiki/2026_Iran_war_ceasefire,en.wikipedia.org is not a news outlet
non_news_source,en.wikipedia.org,en.wikipedia.org,us-x-iran-permanent-peace-deal-by,US x Iran permanent peace deal by...?,Trump ties any Iran peace deal to Abraham Accords,72.0,16.0,-56.0,June 15,2026-05-25 12:00:00+00,https://en.wikipedia.org/wiki/2026_Iran_war_ceasefire,en.wikipedia.org is not a news outlet
non_news_source,Wikipedia,en.wikipedia.org,us-x-iran-permanent-peace-deal-by,US x Iran permanent peace deal by...?,Trump expresses frustration over stalled talks and shutdown of further negotiations by Iran,37.0,26.0,-11.0,June 30,2026-06-01 12:00:00+00,https://en.wikipedia.org/wiki/2026_Iran_war_ceasefire,en.wikipedia.org is not a news outlet
non_news_source,Wikipedia,en.wikipedia.org,us-x-iran-permanent-peace-deal-by,US x Iran permanent peace deal by...?,Reports indicate US and Iran are close to finalizing peace framework,27.0,50.0,23.0,June 15,2026-05-24 12:00:00+00,https://en.wikipedia.org/wiki/2025%E2%80%932026_Iran%E2%80%93United_States_negotiations,en.wikipedia.org is not a news outlet
non_news_source,Wikipedia,en.wikipedia.org,us-x-iran-permanent-peace-deal-by,US x Iran permanent peace deal by...?,Trump calls US-Iran negotiation process 'very boring' as talks stall,12.0,7.0,-5.0,June 7,2026-06-01 12:00:00+00,https://en.wikipedia.org/wiki/2026_Iran_war_ceasefire,en.wikipedia.org is not a news outlet
non_news_source,Wikipedia,en.wikipedia.org,us-x-iran-permanent-peace-deal-by,US x Iran permanent peace deal by...?,Iran suspends nuclear talks indefinitely after Israeli attacks on Beirut,19.0,6.0,-13.0,June 15,2026-06-01 12:00:00+00,https://en.wikipedia.org/wiki/2025%E2%80%932026_Iran%E2%80%93United_States_negotiations,en.wikipedia.org is not a news outlet
non_news_source,Wikipedia,en.wikipedia.org,claude-mythos-released-by,Claude Mythos released by…?,Anthropic Expands Claude Mythos Access to 150 Organizations Globally,9.0,18.0,9.0,June 15,2026-06-02 12:00:00+00,https://en.wikipedia.org/wiki/Claude_(language_model),en.wikipedia.org is not a news outlet
non_news_source,Wikipedia,en.wikipedia.org,peru-presidential-election-winner,Peru Presidential Election Winner,Keiko Fujimori officially announces 2026 presidential candidacy,51.0,51.0,0.0,Keiko Fujimori,2025-12-30 12:00:00+00,https://en.wikipedia.org/wiki/Keiko_Fujimori,en.wikipedia.org is not a news outlet
non_news_source,en.wikipedia.org,en.wikipedia.org,trump-announces-us-x-iran-ceasefire-over-byptptpt-20260607232555290,Trump announces US x Iran ceasefire over by...?,Trump warns Iran to reopen Strait of Hormuz amid ceasefire talks,12.0,18.0,6.0,June 30,2026-06-09 12:00:00+00,https://en.wikipedia.org/wiki/2026_Iran_war_ceasefire,en.wikipedia.org is not a news outlet
non_news_source,en.wikipedia.org,en.wikipedia.org,starmer-out-in-2025,Starmer out by...?,Starmer sacks Peter Mandelson over Epstein ties,50.0,55.0,5.0,December 31,2025-09-20 12:00:00+00,https://en.wikipedia.org/wiki/2026_Labour_Party_leadership_crisis,en.wikipedia.org is not a news outlet
non_news_source,Wikipedia – Keir Starmer,en.wikipedia.org,starmer-out-in-2025,Starmer out by...?,"Defra announces sweeping animal‑welfare reforms, including bans on hen cages and pig crates",30.0,36.0,6.0,June 30,2025-12-05 12:00:00+00,https://en.wikipedia.org/wiki/Keir_Starmer,en.wikipedia.org is not a news outlet
non_news_source,Wikipedia,en.wikipedia.org,starmer-out-in-2025,Starmer out by...?,Keir Starmer visits China to promote trade and diplomatic relations,53.0,51.0,-2.0,December 31,2026-01-30 12:00:00+00,https://en.wikipedia.org/wiki/2026_visit_by_Keir_Starmer_to_China,en.wikipedia.org is not a news outlet
non_news_source,Wikipedia,en.wikipedia.org,starmer-out-in-2025,Starmer out by...?,Starmer says Mandelson repeatedly lied about Epstein ties at PMQs,26.0,49.0,23.0,June 30,2026-02-02 12:00:00+00,https://en.wikipedia.org/wiki/Keir_Starmer,en.wikipedia.org is not a news outlet
non_news_source,Wikipedia – Keir Starmer,en.wikipedia.org,starmer-out-in-2025,Starmer out by...?,Starmer’s chief of staff Morgan McSweeney resigns,6.0,3.0,-3.0,June 15,2026-02-08 12:00:00+00,https://en.wikipedia.org/wiki/Keir_Starmer,en.wikipedia.org is not a news outlet
non_news_source,Wikipedia – Keir Starmer,en.wikipedia.org,starmer-out-in-2025,Starmer out by...?,YouGov poll: 51 % view Starmer as as sleazy as Boris Johnson,36.0,42.0,6.0,June 30,2026-02-15 12:00:00+00,https://en.wikipedia.org/wiki/Keir_Starmer,en.wikipedia.org is not a news outlet
non_news_source,Wikipedia,en.wikipedia.org,starmer-out-in-2025,Starmer out by...?,Labour suffers heavy losses in local elections triggering leadership crisis,50.0,7.0,-43.0,June 15,2026-05-08 12:00:00+00,https://en.wikipedia.org/wiki/2026_United_Kingdom_government_crisis,en.wikipedia.org is not a news outlet
non_news_source,Wikipedia – Keir Starmer,en.wikipedia.org,starmer-out-in-2025,Starmer out by...?,YouGov/Times poll finds 51 % view Starmer as as sleazy as Boris Johnson,55.0,84.0,29.0,December 31,2026-05-20 12:00:00+00,https://en.wikipedia.org/wiki/Keir_Starmer,en.wikipedia.org is not a news outlet
non_news_source,Wikipedia,en.wikipedia.org,starmer-out-in-2025,Starmer out by...?,Starmer faces intensified internal rebellion with over 95 Labour MPs demanding resignation,72.0,74.0,2.0,December 31,2026-05-27 12:00:00+00,https://en.wikipedia.org/wiki/2026_United_Kingdom_government_crisis,en.wikipedia.org is not a news outlet
non_news_source,en.wikipedia.org,en.wikipedia.org,starmer-out-in-2025,Starmer out by...?,Defence Secretary John Healey quits over military‑spending row,1.0,0.0,-1.0,June 15,2026-06-11 12:00:00+00,https://en.wikipedia.org/wiki/2026_Labour_Party_leadership_crisis,en.wikipedia.org is not a news outlet
non_news_source,Wikipedia,en.wikipedia.org,starmer-out-in-2025,Starmer out by...?,John Healey and Al Carns resign over defence spending dispute,79.0,84.0,5.0,December 31,2026-06-11 12:00:00+00,https://en.wikipedia.org/wiki/Premiership_of_Keir_Starmer,en.wikipedia.org is not a news outlet
non_news_source,en.wikipedia.org,en.wikipedia.org,starmer-out-in-2025,Starmer out by...?,Defence Secretary John Healey resigns amid spending dispute,74.0,78.0,4.0,October 31,2026-06-11 12:00:00+00,https://en.wikipedia.org/wiki/2026_Labour_Party_leadership_crisis,en.wikipedia.org is not a news outlet
non_news_source,Wikipedia,en.wikipedia.org,colombia-presidential-election,Colombia Presidential Election,Assassination of presidential hopeful Miguel Uribe Turbay shocks Colombia,50.0,,0.0,,2025-10-13 12:00:00+00,https://en.wikipedia.org/wiki/2026_Colombian_presidential_election,en.wikipedia.org is not a news outlet
non_news_source,Wikipedia,en.wikipedia.org,colombia-presidential-election,Colombia Presidential Election,Paloma Valencia wins Democratic Center primary with over 3 million votes,9.0,23.0,14.0,Paloma Valencia,2026-03-08 12:00:00+00,https://en.wikipedia.org/wiki/2026_Democratic_Centre_presidential_primaries,en.wikipedia.org is not a news outlet
non_news_source,Wikipedia,en.wikipedia.org,colombia-presidential-election,Colombia Presidential Election,Paloma Valencia wins center-right primary with significant majority,1.0,0.0,-1.0,Claudia López (IND),2026-03-08 12:00:00+00,https://en.wikipedia.org/wiki/2026_Colombian_presidential_election,en.wikipedia.org is not a news outlet
non_news_source,Wikipedia,en.wikipedia.org,colombia-presidential-election,Colombia Presidential Election,Poll Shows Abelardo de la Espriella Growing in Strength for Runoff Scenarios,55.0,71.0,16.0,Abelardo de la Espriella,2026-05-24 12:00:00+00,https://en.wikipedia.org/wiki/2026_Colombian_presidential_election,en.wikipedia.org is not a news outlet
non_news_source,Wikipedia,en.wikipedia.org,colombia-presidential-election,Colombia Presidential Election,"Abelardo de la Espriella wins first round, setting runoff with Iván Cepeda",,,0.0,,2026-05-31 12:00:00+00,https://en.wikipedia.org/wiki/2026_Colombian_presidential_election,en.wikipedia.org is not a news outlet
non_news_source,Wikipedia,en.wikipedia.org,colombia-presidential-election,Colombia Presidential Election,CNE Suspends AtlasIntel Polls Over Methodology Concerns,40.0,43.0,3.0,Iván Cepeda Castro,2026-05-19 12:00:00+00,https://en.wikipedia.org/wiki/2026_Colombian_presidential_election,en.wikipedia.org is not a news outlet
non_news_source,Wikipedia,en.wikipedia.org,us-iran-final-nuclear-deal-by-20260621201254412,US-Iran Final Nuclear Deal by…?,President Trump accuses Iran of violating ceasefire by drone attacks in Strait of Hormuz,5.0,4.0,-1.0,July 31,2026-06-26 12:00:00+00,https://en.wikipedia.org/wiki/2025%E2%80%932026_Iran%E2%80%93United_States_negotiations,en.wikipedia.org is not a news outlet
non_news_source,Wikipedia,en.wikipedia.org,democratic-presidential-nominee-2028,Democratic Presidential Nominee 2028,James Talarico announces candidacy for 2026 U.S. Senate election in Texas,1.0,2.0,1.0,James Talarico,2025-09-09 12:00:00+00,https://en.wikipedia.org/wiki/James_Talarico,en.wikipedia.org is not a news outlet
non_news_source,Wikipedia,en.wikipedia.org,democratic-presidential-nominee-2028,Democratic Presidential Nominee 2028,James Talarico announces 2026 Texas Senate candidacy,1.0,2.0,1.0,James Talarico,2026-03-05 12:00:00+00,https://en.wikipedia.org/wiki/James_Talarico,en.wikipedia.org is not a news outlet
non_news_source,Wikipedia,en.wikipedia.org,democratic-presidential-nominee-2028,Democratic Presidential Nominee 2028,Gavin Newsom's podcast 'This Is Gavin Newsom' gains popularity,24.0,26.0,2.0,Gavin Newsom,2026-04-02 12:00:00+00,https://en.wikipedia.org/wiki/This_Is_Gavin_Newsom,en.wikipedia.org is not a news outlet
non_news_source,Wikipedia,en.wikipedia.org,democratic-presidential-nominee-2028,Democratic Presidential Nominee 2028,Joe Biden hints at 2028 run but only as Gavin Newsom's vice president,24.0,26.0,2.0,Gavin Newsom,2026-06-11 12:00:00+00,https://en.wikipedia.org/wiki/2028_United_States_presidential_election,en.wikipedia.org is not a news outlet
non_news_source,Wikipedia,en.wikipedia.org,presidential-election-winner-2028,Presidential Election Winner 2028,Mike Collins enters 2026 Georgia Senate race challenging Jon Ossoff,3.0,3.0,0.0,Jon Ossoff,2025-08-08 12:00:00+00,https://en.wikipedia.org/wiki/2026_United_States_Senate_election_in_Georgia,en.wikipedia.org is not a news outlet
non_news_source,Wikipedia,en.wikipedia.org,presidential-election-winner-2028,Presidential Election Winner 2028,California Gov. Newsom cuts ties with AIPAC,10.0,19.0,9.0,Gavin Newsom,2025-10-05 12:00:00+00,https://en.wikipedia.org/wiki/Gavin_Newsom,en.wikipedia.org is not a news outlet
non_news_source,Wikipedia,en.wikipedia.org,presidential-election-winner-2028,Presidential Election Winner 2028,Alexandria Ocasio-Cortez commits not to fund weapons for Israel,7.0,5.0,-2.0,Alexandria Ocasio-Cortez,2026-02-14 12:00:00+00,https://en.wikipedia.org/wiki/Alexandria_Ocasio-Cortez,en.wikipedia.org is not a news outlet
non_news_source,Wikipedia,en.wikipedia.org,presidential-election-winner-2028,Presidential Election Winner 2028,Gov. Newsom says some are talking about Israel as an apartheid state,22.0,23.0,1.0,Gavin Newsom,2026-02-20 12:00:00+00,https://en.wikipedia.org/wiki/Gavin_Newsom,en.wikipedia.org is not a news outlet
non_news_source,Wikipedia,en.wikipedia.org,presidential-election-winner-2028,Presidential Election Winner 2028,Donald Trump Declares Tucker Carlson is 'Not MAGA' After Public Clashes,2.0,2.0,0.0,Tucker Carlson,2026-03-05 12:00:00+00,https://en.wikipedia.org/wiki/Tucker_Carlson,en.wikipedia.org is not a news outlet
non_news_source,Wikipedia,en.wikipedia.org,presidential-election-winner-2028,Presidential Election Winner 2028,"California primary election results advance Xavier Becerra and Steve Hilton, Newsom ineligible",17.0,14.0,-3.0,Gavin Newsom,2026-06-02 12:00:00+00,https://en.wikipedia.org/wiki/2026_California_gubernatorial_election,en.wikipedia.org is not a news outlet
non_news_source,Wikipedia,en.wikipedia.org,us-announces-blockade-on-iran-byptptpt-20260622191049039,US announces blockade on Iran by...?,Iranian Parliament Speaker Claims Blockade Halted Oil Exports,32.0,32.0,0.0,December 31,2026-06-30 12:00:00+00,https://en.wikipedia.org/wiki/2026_United_States_naval_blockade_of_Iran,en.wikipedia.org is not a news outlet
non_news_source,Wikipedia,en.wikipedia.org,republican-presidential-nominee-2028,Republican Presidential Nominee 2028,Tucker Carlson maintains low but steady nomination odds,5.0,6.0,1.0,Tucker Carlson,2025-07-11 12:00:00+00,https://en.wikipedia.org/wiki/2028_United_States_presidential_election,en.wikipedia.org is not a news outlet
non_news_source,Wikipedia,en.wikipedia.org,republican-presidential-nominee-2028,Republican Presidential Nominee 2028,Donald Trump Jr. and Donald Trump see sharp declines in nomination odds,35.0,3.0,-32.0,Donald Trump Jr.,2025-07-11 12:00:00+00,https://en.wikipedia.org/wiki/2028_United_States_presidential_election,en.wikipedia.org is not a news outlet
non_news_source,Wikipedia,en.wikipedia.org,republican-presidential-nominee-2028,Republican Presidential Nominee 2028,"Trump Jr. tops poll for 2028 GOP nomination on Julyâ¯18,â¯2025",50.0,35.0,-15.0,Donald Trump Jr.,2025-07-18 12:00:00+00,https://en.wikipedia.org/wiki/Donald_Trump_Jr.,en.wikipedia.org is not a news outlet
non_news_source,Wikipedia,en.wikipedia.org,republican-presidential-nominee-2028,Republican Presidential Nominee 2028,Florida investigation alleges chiefâofâstaff moneyâlaundering scheme tied to DeSantis,50.0,4.0,-46.0,Ron DeSantis,2025-08-03 12:00:00+00,https://en.wikipedia.org/wiki/Ron_DeSantis,en.wikipedia.org is not a news outlet
non_news_source,Wikipedia,en.wikipedia.org,republican-presidential-nominee-2028,Republican Presidential Nominee 2028,Tucker Carlson hosts controversial Holocaust denial interview on podcast,5.0,4.0,-1.0,Tucker Carlson,2025-09-02 12:00:00+00,https://en.wikipedia.org/wiki/Tucker_Carlson,en.wikipedia.org is not a news outlet
non_news_source,Wikipedia,en.wikipedia.org,republican-presidential-nominee-2028,Republican Presidential Nominee 2028,"Glenn Youngkin leaves office as Virginia governor, ending 2022-2026 term",50.0,1.0,-49.0,Glenn Youngkin,2025-11-04 12:00:00+00,https://en.wikipedia.org/wiki/Glenn_Youngkin,en.wikipedia.org is not a news outlet
non_news_source,Wikipedia,en.wikipedia.org,republican-presidential-nominee-2028,Republican Presidential Nominee 2028,Rubio backs U.S. strikes on Iranâs nuclear facilities,14.0,8.0,-6.0,Marco Rubio,2025-12-02 12:00:00+00,https://en.wikipedia.org/wiki/Marco_Rubio,en.wikipedia.org is not a news outlet
non_news_source,Wikipedia,en.wikipedia.org,republican-presidential-nominee-2028,Republican Presidential Nominee 2028,Tucker Carlson faces backlash for controversial statements on Islam and Israel,4.0,3.0,-1.0,Tucker Carlson,2025-12-18 12:00:00+00,https://en.wikipedia.org/wiki/Tucker_Carlson,en.wikipedia.org is not a news outlet
non_news_source,Wikipedia,en.wikipedia.org,republican-presidential-nominee-2028,Republican Presidential Nominee 2028,Tucker Carlson calls attacks on Muslim Americans âdisgustingâ and later defends Sharia law,5.0,6.0,1.0,Tucker Carlson,2025-12-20 12:00:00+00,https://en.wikipedia.org/wiki/Tucker_Carlson,en.wikipedia.org is not a news outlet
non_news_source,Wikipedia,en.wikipedia.org,republican-presidential-nominee-2028,Republican Presidential Nominee 2028,Donald Trump criticizes Tucker Carlson as 'not MAGA',4.0,3.0,-1.0,Tucker Carlson,2026-03-05 12:00:00+00,https://en.wikipedia.org/wiki/Tucker_Carlson,en.wikipedia.org is not a news outlet
non_news_source,Wikipedia,en.wikipedia.org,republican-presidential-nominee-2028,Republican Presidential Nominee 2028,Marco Rubio mediates ceasefire between India and Pakistan,8.0,16.0,8.0,Marco Rubio,2026-03-24 12:00:00+00,https://en.wikipedia.org/wiki/Marco_Rubio,en.wikipedia.org is not a news outlet
non_news_source,Wikipedia (Age and health),en.wikipedia.org,republican-presidential-nominee-2028,Republican Presidential Nominee 2028,Poll finds majority of Americans think Donald Trump is not mentally fit for presidency,15.0,3.0,-12.0,Donald Trump,2026-05-15 12:00:00+00,https://en.wikipedia.org/wiki/Age_and_health_concerns_about_Donald_Trump,en.wikipedia.org is not a news outlet
non_news_source,Wikipedia,en.wikipedia.org,brazil-presidential-election,Brazil Presidential Election,Lula announces re-election bid for a fourth presidential term,43.0,59.0,16.0,Luiz InÃ¡cio Lula da Silva,2025-10-23 12:00:00+00,https://en.wikipedia.org/wiki/2026_Brazilian_general_election,en.wikipedia.org is not a news outlet
non_news_source,Wikipedia,en.wikipedia.org,brazil-presidential-election,Brazil Presidential Election,President Lula announces re-election campaign for fourth term,55.0,56.0,1.0,Luiz InÃ¡cio Lula da Silva,2025-10-25 12:00:00+00,https://en.wikipedia.org/wiki/2026_Brazilian_general_election,en.wikipedia.org is not a news outlet
non_news_source,Wikipedia,en.wikipedia.org,brazil-presidential-election,Brazil Presidential Election,Lula announces re-election campaign for fourth presidential term,55.0,60.0,5.0,Luiz InÃ¡cio Lula da Silva,2025-10-30 12:00:00+00,https://en.wikipedia.org/wiki/2026_Brazilian_general_election,en.wikipedia.org is not a news outlet
non_news_source,Wikipedia,en.wikipedia.org,brazil-presidential-election,Brazil Presidential Election,Jair Bolsonaro sentenced to 27 years in prison for coup attempt,36.0,2.0,-34.0,Jair Bolsonaro,2025-11-18 12:00:00+00,https://en.wikipedia.org/wiki/2026_Brazilian_general_election,en.wikipedia.org is not a news outlet
non_news_source,Wikipedia,en.wikipedia.org,brazil-presidential-election,Brazil Presidential Election,FlÃ¡vio Bolsonaro announces presidential candidacy with father's endorsement,16.0,27.0,11.0,FlÃ¡vio Bolsonaro,2026-02-01 12:00:00+00,https://en.wikipedia.org/wiki/Fl%C3%A1vio_Bolsonaro,en.wikipedia.org is not a news outlet
non_news_source,Wikipedia,en.wikipedia.org,brazil-presidential-election,Brazil Presidential Election,ParanÃ¡ Pesquisas Poll Shows Lula Leading FlÃ¡vio Bolsonaro in First Round,43.0,40.0,-3.0,Luiz InÃ¡cio Lula da Silva,2026-03-28 12:00:00+00,https://en.wikipedia.org/wiki/Opinion_polling_for_the_2026_Brazilian_presidential_election,en.wikipedia.org is not a news outlet
non_news_source,en.wikipedia.org,en.wikipedia.org,brazil-presidential-election,Brazil Presidential Election,Governor Ronaldo Caiado resigns to launch presidential bid,5.0,3.0,-2.0,Ronaldo Caiado,2026-03-31 12:00:00+00,https://en.wikipedia.org/wiki/2026_Goi%C3%A1s_general_election,en.wikipedia.org is not a news outlet
non_news_source,Wikipedia,en.wikipedia.org,brazil-presidential-election,Brazil Presidential Election,Romeu Zema advocates for child labor legalization in Brazil,1.0,5.0,4.0,Romeu Zema,2026-05-01 12:00:00+00,https://en.wikipedia.org/wiki/Romeu_Zema,en.wikipedia.org is not a news outlet
non_news_source,Al Jazeera,en.wikipedia.org,brazil-presidential-election,Brazil Presidential Election,Michelle Bolsonaroâs socialâmedia video boosts her market visibility,0.0,5.0,5.0,Michelle Bolsonaro,2026-05-20 12:00:00+00,https://en.wikipedia.org/wiki/Michelle_Bolsonaro,en.wikipedia.org is not a news outlet
non_news_source,Wikipedia,en.wikipedia.org,brazil-presidential-election,Brazil Presidential Election,FlÃ¡vio Bolsonaro becomes ineligible due to conviction in coup investigation,45.0,32.0,-13.0,FlÃ¡vio Bolsonaro,2026-06-16 12:00:00+00,https://en.wikipedia.org/wiki/2026_Brazilian_general_election,en.wikipedia.org is not a news outlet
non_news_source,The Guardian,en.wikipedia.org,clacton-by-election-winner-20260707143521303,Clacton by-election Winner,Treasury Confirms Acceptance of Nigel Farage's Resignation,93.0,90.0,-3.0,Nigel Farage,2026-07-08 12:00:00+00,https://en.wikipedia.org/wiki/Clacton_(constituency),en.wikipedia.org is not a news outlet
non_news_source,Wikipedia,en.wikipedia.org,israeli-parliament-dissolved-by-october-31,Israeli parliament dissolved by...?,Gadi Eisenkot announces resignation from Knesset over leadership election differences,50.0,40.0,-10.0,June 30,2026-03-12 12:00:00+00,https://en.wikipedia.org/wiki/2026_Israeli_legislative_election,en.wikipedia.org is not a news outlet
non_news_source,Wikipedia,en.wikipedia.org,israeli-parliament-dissolved-by-october-31,Israeli parliament dissolved by...?,Standing Together leaders launch new joint Arab-Jewish political party,65.0,34.0,-31.0,July 15,2026-06-16 12:00:00+00,https://en.wikipedia.org/wiki/2026_Israeli_legislative_election,en.wikipedia.org is not a news outlet
non_news_source,Wikipedia,en.wikipedia.org,israeli-parliament-dissolved-by-october-31,Israeli parliament dissolved by...?,Yoaz Hendel and Chili Tropper announce joint campaign for upcoming election,13.0,7.0,-6.0,July 15,2026-07-07 12:00:00+00,https://en.wikipedia.org/wiki/2026_Israeli_legislative_election,en.wikipedia.org is not a news outlet
non_news_source,Wikipedia,en.wikipedia.org,israeli-parliament-dissolved-by-october-31,Israeli parliament dissolved by...?,"Knesset set to dissolve on July 17, confirming early election timeline",90.0,97.0,7.0,July 31,2026-07-13 12:00:00+00,https://en.wikipedia.org/wiki/2026_Israeli_legislative_election,en.wikipedia.org is not a news outlet
non_news_source,Wikipedia,en.wikipedia.org,who-will-be-the-next-prime-minister-of-israel-after-the-next-election,Who will be the next Prime Minister of Israel after the next election?,Netanyahu formally requests pardon from President Herzog amid legal investigations,49.0,54.0,5.0,Benjamin Netanyahu,2025-11-30 12:00:00+00,https://en.wikipedia.org/wiki/Benjamin_Netanyahu,en.wikipedia.org is not a news outlet
non_news_source,Wikipedia,en.wikipedia.org,who-will-be-the-next-prime-minister-of-israel-after-the-next-election,Who will be the next Prime Minister of Israel after the next election?,Yoaz Hendel announces new political party The Reservists,0.0,1.0,1.0,Yoaz Hendel,2025-12-01 12:00:00+00,https://en.wikipedia.org/wiki/The_Reservists,en.wikipedia.org is not a news outlet
non_news_source,Wikipedia,en.wikipedia.org,who-will-be-the-next-prime-minister-of-israel-after-the-next-election,Who will be the next Prime Minister of Israel after the next election?,Benjamin Netanyahu releases document defending his record on October 7 attacks,51.0,55.0,4.0,Benjamin Netanyahu,2025-12-06 12:00:00+00,https://en.wikipedia.org/wiki/2026_Israeli_legislative_election,en.wikipedia.org is not a news outlet
non_news_source,Wikipedia,en.wikipedia.org,who-will-be-the-next-prime-minister-of-israel-after-the-next-election,Who will be the next Prime Minister of Israel after the next election?,Naftali Bennett forms new party 'Bennett 2026' to contest upcoming election,36.0,38.0,2.0,Naftali Bennett,2025-12-30 12:00:00+00,https://en.wikipedia.org/wiki/Bennett_2026,en.wikipedia.org is not a news outlet
non_news_source,Wikipedia,en.wikipedia.org,who-will-be-the-next-prime-minister-of-israel-after-the-next-election,Who will be the next Prime Minister of Israel after the next election?,"Benny Gantz and Gadi Eizenkot leave Israeli war cabinet, calling for new elections",49.0,1.0,-48.0,Benny Gantz,2026-01-09 12:00:00+00,https://en.wikipedia.org/wiki/Benny_Gantz,en.wikipedia.org is not a news outlet
non_news_source,Wikipedia,en.wikipedia.org,who-will-be-the-next-prime-minister-of-israel-after-the-next-election,Who will be the next Prime Minister of Israel after the next election?,Yoaz Hendel announces formation of The Reservists party,1.0,1.0,0.0,Yoaz Hendel,2026-01-12 12:00:00+00,https://en.wikipedia.org/wiki/The_Reservists,en.wikipedia.org is not a news outlet
non_news_source,Wikipedia,en.wikipedia.org,who-will-be-the-next-prime-minister-of-israel-after-the-next-election,Who will be the next Prime Minister of Israel after the next election?,Otzma Yehudit party leaves government over Gaza ceasefire agreement,49.0,1.0,-48.0,Itamar Ben Gvir,2026-01-19 12:00:00+00,https://en.wikipedia.org/wiki/2026_Israeli_legislative_election,en.wikipedia.org is not a news outlet
non_news_source,Wikipedia,en.wikipedia.org,who-will-be-the-next-prime-minister-of-israel-after-the-next-election,Who will be the next Prime Minister of Israel after the next election?,Benjamin Netanyahu launches major air campaign against Iran,,,0.0,Benjamin Netanyahu,2026-02-06 12:00:00+00,https://en.wikipedia.org/wiki/Benjamin_Netanyahu,en.wikipedia.org is not a news outlet
non_news_source,Wikipedia,en.wikipedia.org,who-will-be-the-next-prime-minister-of-israel-after-the-next-election,Who will be the next Prime Minister of Israel after the next election?,Israel and US launch major air campaign against Iran,52.0,55.0,3.0,Benjamin Netanyahu,2026-02-08 12:00:00+00,https://en.wikipedia.org/wiki/Benjamin_Netanyahu,en.wikipedia.org is not a news outlet
non_news_source,Wikipedia,en.wikipedia.org,who-will-be-the-next-prime-minister-of-israel-after-the-next-election,Who will be the next Prime Minister of Israel after the next election?,Naftali Bennett forms alliance 'Together' with Yair Lapid for 2026 election,24.0,41.0,17.0,Naftali Bennett,2026-04-26 12:00:00+00,https://en.wikipedia.org/wiki/Bennett_2026,en.wikipedia.org is not a news outlet
non_news_source,Wikipedia,en.wikipedia.org,who-will-be-the-next-prime-minister-of-israel-after-the-next-election,Who will be the next Prime Minister of Israel after the next election?,Gilad Erdan and Yuli Edelstein Reach Initial Agreements on New Right-Wing Party,0.0,1.0,1.0,Gilad Erdan,2026-05-12 12:00:00+00,https://en.wikipedia.org/wiki/2026_Israeli_legislative_election,en.wikipedia.org is not a news outlet
non_news_source,Wikipedia,en.wikipedia.org,who-will-be-the-next-prime-minister-of-israel-after-the-next-election,Who will be the next Prime Minister of Israel after the next election?,Yoaz Hendel launches The Reservists party focusing on universal conscription,0.0,1.0,1.0,Yoaz Hendel,2026-05-18 12:00:00+00,https://en.wikipedia.org/wiki/The_Reservists_(political_party),en.wikipedia.org is not a news outlet
non_news_source,Wikipedia,en.wikipedia.org,who-will-be-the-next-prime-minister-of-israel-after-the-next-election,Who will be the next Prime Minister of Israel after the next election?,Poland Imposes Entry Ban on National Security Minister Itamar Ben-Gvir,1.0,1.0,0.0,Itamar Ben Gvir,2026-05-21 12:00:00+00,https://en.wikipedia.org/wiki/Itamar_Ben-Gvir,en.wikipedia.org is not a news outlet
non_news_source,Wikipedia,en.wikipedia.org,who-will-be-the-next-prime-minister-of-israel-after-the-next-election,Who will be the next Prime Minister of Israel after the next election?,Gilad Erdan considers forming new right-wing party ahead of elections,0.0,1.0,1.0,Gilad Erdan,2026-06-14 12:00:00+00,https://en.wikipedia.org/wiki/2026_Israeli_legislative_election,en.wikipedia.org is not a news outlet
non_news_source,Wikipedia,en.wikipedia.org,will-the-us-confirm-that-aliens-exist-before-2027,Will the US confirm that aliens exist by...?,President Trump orders federal agencies to declassify UFO and alien files,19.0,19.0,0.0,December 31,2026-03-04 12:00:00+00,https://en.wikipedia.org/wiki/United_States_UFO_files,en.wikipedia.org is not a news outlet
non_news_source,en.wikipedia.org,en.wikipedia.org,will-the-us-confirm-that-aliens-exist-before-2027,Will the US confirm that aliens exist by...?,GOP Rep. Luna introduces bill for full UAP record disclosure,12.0,7.0,-5.0,September 30,2026-04-26 12:00:00+00,https://en.wikipedia.org/wiki/United_States_UFO_files,en.wikipedia.org is not a news outlet
non_news_source,Wikipedia,en.wikipedia.org,will-the-us-confirm-that-aliens-exist-before-2027,Will the US confirm that aliens exist by...?,"Scientific community reviews released UFO files, finds no evidence of alien technology",5.0,2.0,-3.0,June 30,2026-05-15 12:00:00+00,https://en.wikipedia.org/wiki/United_States_UAP_files,en.wikipedia.org is not a news outlet
non_news_source,Wikipedia,en.wikipedia.org,will-the-us-confirm-that-aliens-exist-before-2027,Will the US confirm that aliens exist by...?,Pentagon spokesperson announces more UFO documents are being processed for release,3.0,2.0,-1.0,May 31,2026-05-18 12:00:00+00,https://en.wikipedia.org/wiki/United_States_UFO_files,en.wikipedia.org is not a news outlet
non_news_source,Wikipedia,en.wikipedia.org,will-the-us-confirm-that-aliens-exist-before-2027,Will the US confirm that aliens exist by...?,Pentagon spokesperson confirms more UFO documents are being processed for release,6.0,1.0,-5.0,June 30,2026-05-18 12:00:00+00,https://en.wikipedia.org/wiki/United_States_UFO_files,en.wikipedia.org is not a news outlet
non_news_source,Wikipedia (U.S. UFO files),en.wikipedia.org,will-the-us-confirm-that-aliens-exist-before-2027,Will the US confirm that aliens exist by...?,Pentagon says more UFO documents are being processed for release,19.0,21.0,2.0,December 31,2026-05-18 12:00:00+00,https://en.wikipedia.org/wiki/United_States_UFO_files,en.wikipedia.org is not a news outlet
non_news_source,Wikipedia,en.wikipedia.org,will-the-us-confirm-that-aliens-exist-before-2027,Will the US confirm that aliens exist by...?,Whistleblower David Grusch holds press conference claiming government knowledge of alien life,5.0,1.0,-4.0,June 30,2026-06-09 12:00:00+00,https://en.wikipedia.org/wiki/David_Grusch_UFO_whistleblower_claims,en.wikipedia.org is not a news outlet
non_news_source,en.wikipedia.org,en.wikipedia.org,israel-and-indonesia-normalize-relations-by,Israel and Indonesia normalize relations by...?,Indonesian President Prabowo Subianto states willingness to normalize relations with Israel only if Israel recognizes a Palestinian state,34.0,22.0,-12.0,"June 30, 2026",2025-05-28 12:00:00+00,https://en.wikipedia.org/wiki/Indonesia%E2%80%93Israel_relations,en.wikipedia.org is not a news outlet
non_news_source,en.wikipedia.org,en.wikipedia.org,israel-and-indonesia-normalize-relations-by,Israel and Indonesia normalize relations by...?,"Indonesiaâs OECD accession process requires diplomatic relations with Israel, but Indonesia maintains distance",32.0,27.0,-5.0,"December 31, 2026",2025-05-28 12:00:00+00,https://en.wikipedia.org/wiki/Indonesia%E2%80%93Israel_relations,en.wikipedia.org is not a news outlet
non_news_source,en.wikipedia.org,en.wikipedia.org,israel-and-indonesia-normalize-relations-by,Israel and Indonesia normalize relations by...?,"Reports emerge of Prabowoâs planned visit to Israel, later denied by Indonesian Foreign Minister Sugiono",22.0,18.0,-4.0,"June 30, 2026",2025-10-13 12:00:00+00,https://en.wikipedia.org/wiki/Indonesia%E2%80%93Israel_relations,en.wikipedia.org is not a news outlet
non_news_source,en.wikipedia.org,en.wikipedia.org,israel-and-indonesia-normalize-relations-by,Israel and Indonesia normalize relations by...?,"Indonesian hosting of the World Artistic Gymnastics Championships excludes Israeli athletes, reflecting political sensitivities",14.0,14.0,0.0,"June 30, 2026",2025-10-22 12:00:00+00,https://en.wikipedia.org/wiki/Indonesia%E2%80%93Israel_relations,en.wikipedia.org is not a news outlet
non_news_source,en.wikipedia.org,en.wikipedia.org,israel-and-indonesia-normalize-relations-by,Israel and Indonesia normalize relations by...?,Ongoing reports of quiet trade and cooperation persist but no formal diplomatic ties established,,,0.0,"December 31, 2026",2025-11-11 12:00:00+00,https://en.wikipedia.org/wiki/Indonesia%E2%80%93Israel_relations,en.wikipedia.org is not a news outlet
non_news_source,en.wikipedia.org,en.wikipedia.org,israel-and-indonesia-normalize-relations-by,Israel and Indonesia normalize relations by...?,"Indonesia reaffirms support for Palestine as Israel joins Gaza peace board, with no policy shift toward Israel",14.0,6.0,-8.0,"June 30, 2026",2026-02-13 12:00:00+00,https://en.wikipedia.org/wiki/Indonesia%E2%80%93Israel_relations,en.wikipedia.org is not a news outlet
non_news_source,en.wikipedia.org,en.wikipedia.org,israel-and-indonesia-normalize-relations-by,Israel and Indonesia normalize relations by...?,Indonesian troops prepare for Gaza peacekeeping mission but avoid Israeli-controlled areas to prevent recognition of Israel,6.0,3.0,-3.0,"June 30, 2026",2026-02-27 12:00:00+00,https://en.wikipedia.org/wiki/Indonesia%E2%80%93Israel_relations,en.wikipedia.org is not a news outlet
non_news_source,en.wikipedia.org,en.wikipedia.org,israel-and-indonesia-normalize-relations-by,Israel and Indonesia normalize relations by...?,Market briefly rallies on speculation of incremental diplomatic progress between Indonesia and Israel,3.0,16.0,13.0,"June 30, 2026",2026-03-04 12:00:00+00,https://en.wikipedia.org/wiki/Indonesia%E2%80%93Israel_relations,en.wikipedia.org is not a news outlet
non_news_source,en.wikipedia.org,en.wikipedia.org,israel-and-indonesia-normalize-relations-by,Israel and Indonesia normalize relations by...?,Market falls sharply as no concrete diplomatic announcements materialize,16.0,8.0,-8.0,"June 30, 2026",2026-03-06 12:00:00+00,https://en.wikipedia.org/wiki/Indonesia%E2%80%93Israel_relations,en.wikipedia.org is not a news outlet
non_news_source,Wikipedia,en.wikipedia.org,what-will-happen-before-gta-vi,What will happen before GTA VI?,China Launches Large-Scale Military Drills in Taiwan Strait,19.0,52.0,33.0,China invades Taiwan ,2025-12-08 12:00:00+00,https://en.wikipedia.org/wiki/Fourth_Taiwan_Strait_Crisis,en.wikipedia.org is not a news outlet
non_news_source,Wikipedia,en.wikipedia.org,which-party-will-win-the-house-in-2026,Which party will win the House in 2026?,Matt Klein Announces Democratic Nomination for Minnesota 2nd District,71.0,75.0,4.0,Democratic Party,2025-08-18 12:00:00+00,https://en.wikipedia.org/wiki/Matt_Klein,en.wikipedia.org is not a news outlet
non_news_source,Wikipedia,en.wikipedia.org,which-party-will-win-the-house-in-2026,Which party will win the House in 2026?,Joe Gruters unanimously elected Chairman of the Republican National Committee,30.0,30.0,0.0,Republican Party,2025-08-22 12:00:00+00,https://en.wikipedia.org/wiki/Republican_National_Committee,en.wikipedia.org is not a news outlet
non_news_source,Wikipedia,en.wikipedia.org,which-party-will-win-the-house-in-2026,Which party will win the House in 2026?,Democrat James Walkinshaw wins Virginia special House election,69.0,71.0,2.0,Democratic Party,2025-09-09 12:00:00+00,https://en.wikipedia.org/wiki/2025_United_States_House_of_Representatives_elections,en.wikipedia.org is not a news outlet
non_news_source,Wikipedia,en.wikipedia.org,which-party-will-win-the-house-in-2026,Which party will win the House in 2026?,Virginia General Assembly begins redistricting process for 2026 elections,62.0,70.0,8.0,,2025-10-23 12:00:00+00,https://en.wikipedia.org/wiki/2026_United_States_House_of_Representatives_elections,en.wikipedia.org is not a news outlet
non_news_source,Wikipedia,en.wikipedia.org,which-party-will-win-the-house-in-2026,Which party will win the House in 2026?,Virginia Supreme Court blocks Democraticâfavored redistricting map,71.0,68.0,-3.0,Republican Party,2025-10-23 12:00:00+00,https://en.wikipedia.org/wiki/2026_United_States_House_of_Representatives_elections,en.wikipedia.org is not a news outlet
non_news_source,Wikipedia,en.wikipedia.org,which-party-will-win-the-house-in-2026,Which party will win the House in 2026?,Supreme Court allows Texas to use new congressional map for 2026 elections,25.0,30.0,5.0,Republican Party,2025-11-21 12:00:00+00,https://en.wikipedia.org/wiki/2026_United_States_House_of_Representatives_elections_in_Texas,en.wikipedia.org is not a news outlet
non_news_source,Wikipedia,en.wikipedia.org,which-party-will-win-the-house-in-2026,Which party will win the House in 2026?,Supreme Court blocks lower court ruling on New York congressional district lines,19.0,16.0,-3.0,Republican Party,2026-03-02 12:00:00+00,https://en.wikipedia.org/wiki/2026_United_States_House_of_Representatives_elections_in_New_York,en.wikipedia.org is not a news outlet
non_news_source,Wikipedia,en.wikipedia.org,which-party-will-win-the-house-in-2026,Which party will win the House in 2026?,National Republican Congressional Committee releases target seat list,14.0,16.0,2.0,Republican Party,2026-03-17 12:00:00+00,https://en.wikipedia.org/wiki/2026_United_States_House_of_Representatives_election_ratings,en.wikipedia.org is not a news outlet
non_news_source,Wikipedia,en.wikipedia.org,which-party-will-win-the-house-in-2026,Which party will win the House in 2026?,Democratic Congressional Campaign Committee updates target seat list for 2026 House races,85.0,88.0,3.0,Democratic Party,2026-04-02 12:00:00+00,https://en.wikipedia.org/wiki/2026_United_States_House_of_Representatives_election_ratings,en.wikipedia.org is not a news outlet
non_news_source,Wikipedia,en.wikipedia.org,which-party-will-win-the-house-in-2026,Which party will win the House in 2026?,Eric Swalwell resigns from Congress amid sexual misconduct allegations,85.0,84.0,-1.0,Democratic Party,2026-04-12 12:00:00+00,https://en.wikipedia.org/wiki/2026_United_States_House_of_Representatives_elections_in_California,en.wikipedia.org is not a news outlet
non_news_source,Wikipedia,en.wikipedia.org,which-party-will-win-the-house-in-2026,Which party will win the House in 2026?,Democratic Congressman Eric Swalwell resigns amid misconduct allegations,86.0,85.0,-1.0,Democratic Party,2026-04-14 12:00:00+00,https://en.wikipedia.org/wiki/2026_United_States_House_of_Representatives_elections_in_California,en.wikipedia.org is not a news outlet
non_news_source,Wikipedia,en.wikipedia.org,which-party-will-win-the-house-in-2026,Which party will win the House in 2026?,"Democrats win key special elections and gubernatorial races in 2025, boosting midterm outlook",79.0,81.0,2.0,Democratic Party,2026-05-20 12:00:00+00,https://en.wikipedia.org/wiki/2026_United_States_elections,en.wikipedia.org is not a news outlet
non_news_source,Wikipedia,en.wikipedia.org,which-party-will-win-the-house-in-2026,Which party will win the House in 2026?,Democrats threaten retaliation with redistricting in blue states,79.0,82.0,3.0,Democratic Party,2026-05-26 12:00:00+00,https://en.wikipedia.org/wiki/2026_United_States_House_of_Representatives_elections,en.wikipedia.org is not a news outlet
non_news_source,Wikipedia,en.wikipedia.org,which-party-will-win-the-house-in-2026,Which party will win the House in 2026?,Federal prosecutors accuse California of obstructing voter roll audit amid election fraud investigations,82.0,81.0,-1.0,,2026-06-15 12:00:00+00,https://en.wikipedia.org/wiki/2026_United_States_elections,en.wikipedia.org is not a news outlet
non_news_source,Wikipedia,en.wikipedia.org,which-party-will-win-the-house-in-2026,Which party will win the House in 2026?,New York House candidates debate ahead of primary,83.0,81.0,-2.0,Democratic Party,2026-06-17 12:00:00+00,https://en.wikipedia.org/wiki/2026_United_States_House_of_Representatives_elections_in_New_York,en.wikipedia.org is not a news outlet
non_news_source,Wikipedia,en.wikipedia.org,which-party-will-win-the-house-in-2026,Which party will win the House in 2026?,Progressive Challenger Brad Lander Defeats Incumbent Dan Goldman in New York Primary,81.0,82.0,1.0,Democratic Party,2026-06-24 12:00:00+00,https://en.wikipedia.org/wiki/2026_United_States_House_of_Representatives_elections_in_New_York,en.wikipedia.org is not a news outlet
non_news_source,Wikipedia,en.wikipedia.org,which-party-will-win-the-house-in-2026,Which party will win the House in 2026?,New Polls Show Democrats Maintaining Solid Lead in Generic Congressional Ballot,83.0,84.0,1.0,Democratic Party,2026-06-29 12:00:00+00,https://en.wikipedia.org/wiki/2026_United_States_elections,en.wikipedia.org is not a news outlet
non_news_source,Wikipedia,en.wikipedia.org,which-party-will-win-the-house-in-2026,Which party will win the House in 2026?,Cygnal National Survey Tracks Likely 2026 General Election Voters,17.0,17.0,0.0,Republican Party,2026-07-08 12:00:00+00,https://en.wikipedia.org/wiki/2026_United_States_elections,en.wikipedia.org is not a news outlet
non_news_source,Wikipedia,en.wikipedia.org,which-party-will-win-the-house-in-2026,Which party will win the House in 2026?,Cygnal National Survey Tracks Likely 2026 General Election Voters,84.0,84.0,0.0,Democratic Party,2026-07-08 12:00:00+00,https://en.wikipedia.org/wiki/2026_United_States_elections,en.wikipedia.org is not a news outlet
non_news_source,Wikipedia,en.wikipedia.org,us-iran-final-nuclear-deal-by-20260621201254412,US-Iran Final Nuclear Deal by…?,"Next round of US-Iran negotiations scheduled in Burgenstock, Switzerland",48.0,46.0,-2.0,December 31,2026-06-28 12:00:00+00,https://en.wikipedia.org/wiki/2025%E2%80%932026_Iran%E2%80%93United_States_negotiations,en.wikipedia.org is not a news outlet
non_news_source,Wikipedia,en.wikipedia.org,kharg-island-no-longer-under-iranian-control-by-march-31,Kharg Island no longer under Iranian control by...?,U.S. Airstrikes Destroy Over 90 Iranian Military Sites on Kharg Island,12.0,12.0,0.0,June 30,2026-05-03 12:00:00+00,https://en.wikipedia.org/wiki/2026_Kharg_Island_attack,en.wikipedia.org is not a news outlet
non_news_source,Wikipedia,en.wikipedia.org,kharg-island-no-longer-under-iranian-control-by-march-31,Kharg Island no longer under Iranian control by...?,U.S. conducts large bombing raid on Kharg Island targeting Iranian military sites,11.0,9.0,-2.0,June 30,2026-05-13 12:00:00+00,https://en.wikipedia.org/wiki/2026_Kharg_Island_attack,en.wikipedia.org is not a news outlet
non_news_source,Wikipedia,en.wikipedia.org,kharg-island-no-longer-under-iranian-control-by-march-31,Kharg Island no longer under Iranian control by...?,US military states capability to take Kharg Island but no current plans,3.0,3.0,0.0,June 30,2026-06-11 12:00:00+00,https://en.wikipedia.org/wiki/2026_Kharg_Island_attack,en.wikipedia.org is not a news outlet
non_news_source,Wikipedia,en.wikipedia.org,kharg-island-no-longer-under-iranian-control-by-march-31,Kharg Island no longer under Iranian control by...?,"US Air Force bombs over 90 Iranian military sites on Kharg Island, sparing oil infrastructure",9.0,7.0,-2.0,August 31,2026-06-13 12:00:00+00,https://en.wikipedia.org/wiki/2026_Kharg_Island_attack,en.wikipedia.org is not a news outlet
non_news_source,Wikipedia,en.wikipedia.org,kharg-island-no-longer-under-iranian-control-by-march-31,Kharg Island no longer under Iranian control by...?,US-Iran Memorandum of Understanding Reached to End War and Lift Blockade,2.0,2.0,0.0,July 31,2026-06-18 12:00:00+00,https://en.wikipedia.org/wiki/2026_Strait_of_Hormuz_campaign,en.wikipedia.org is not a news outlet
non_news_source,Wikipedia,en.wikipedia.org,kharg-island-no-longer-under-iranian-control-by-march-31,Kharg Island no longer under Iranian control by...?,No confirmed change in control of Kharg Island by U.S. forces,3.0,2.0,-1.0,August 31,2026-07-05 12:00:00+00,https://en.wikipedia.org/wiki/2026_Kharg_Island_attack,en.wikipedia.org is not a news outlet
non_news_source,Wikipedia,en.wikipedia.org,israel-withdraws-from-lebanon-by,Israel withdraws from Lebanon by...?,Israeli Prime Minister Netanyahu announces continued occupation of southern Lebanon,10.0,7.0,-3.0,June 30,2026-06-15 12:00:00+00,https://en.wikipedia.org/wiki/Israeli_occupation_of_Southern_Lebanon_(2026),en.wikipedia.org is not a news outlet
non_news_source,Wikipedia,en.wikipedia.org,will-any-country-leave-nato-in-2025,Will any country leave NATO by...?,President Trump calls NATO a 'paper tiger' and floats U.S. withdrawal,4.0,2.0,-2.0,"June 30, 2026",2026-03-29 12:00:00+00,https://en.wikipedia.org/wiki/Withdrawal_from_NATO,en.wikipedia.org is not a news outlet
non_news_source,Wikipedia,en.wikipedia.org,will-any-country-leave-nato-in-2025,Will any country leave NATO by...?,President Trump calls NATO a 'paper tiger' and floats U.S. withdrawal again,11.0,13.0,2.0,"December 31, 2026",2026-04-06 12:00:00+00,https://en.wikipedia.org/wiki/Withdrawal_from_NATO,en.wikipedia.org is not a news outlet
non_news_source,Wikipedia,en.wikipedia.org,will-any-country-leave-nato-in-2025,Will any country leave NATO by...?,No NATO member submits formal withdrawal notice by mid-2026,6.0,5.0,-1.0,"December 31, 2026",2026-06-10 12:00:00+00,https://en.wikipedia.org/wiki/Withdrawal_from_NATO,en.wikipedia.org is not a news outlet
non_news_source,en.wikipedia.org,en.wikipedia.org,will-any-country-leave-nato-in-2025,Will any country leave NATO by...?,No formal NATO withdrawal notices issued by any member state,5.0,5.0,0.0,"December 31, 2026",2026-06-18 12:00:00+00,https://en.wikipedia.org/wiki/Withdrawal_from_NATO,en.wikipedia.org is not a news outlet
non_news_source,Wikipedia,en.wikipedia.org,will-any-country-leave-nato-in-2025,Will any country leave NATO by...?,No NATO member submits formal withdrawal notice by market deadline,1.0,0.0,-1.0,"June 30, 2026",2026-06-22 12:00:00+00,https://en.wikipedia.org/wiki/Withdrawal_from_NATO,en.wikipedia.org is not a news outlet
non_news_source,Wikipedia,en.wikipedia.org,next-uk-prime-minister-in-2026-122,Next UK Prime Minister in 2026?,Josh Simons resigns as MP to trigger Makerfield by-election for Andy Burnham,7.0,10.0,3.0,Andy Burnham,2026-05-14 12:00:00+00,https://en.wikipedia.org/wiki/2026_Labour_Party_leadership_election_(UK),en.wikipedia.org is not a news outlet
non_news_source,Wikipedia,en.wikipedia.org,will-ukraine-recapture-crimean-territory-by-june-30-2026,Will Ukraine recapture Crimean territory by...?,Ukraine Launches Multi-Target Strikes on Russian Military Facilities and Bridges in Crimea,16.0,10.0,-6.0,December 31,2026-06-11 12:00:00+00,https://en.wikipedia.org/wiki/Russian_occupation_of_Crimea,en.wikipedia.org is not a news outlet
non_news_source,Wikipedia,en.wikipedia.org,us-x-russia-military-clash-by,US x Russia military clash by...?,US suspends intelligence sharing with Ukraine amid shifting policy,14.0,10.0,-4.0,"December 31, 2026",2026-01-25 12:00:00+00,https://en.wikipedia.org/wiki/Timeline_of_the_Russian_invasion_of_Ukraine_(1_January_2025_%E2%80%93_31_May_2025),en.wikipedia.org is not a news outlet
non_news_source,Wikipedia,en.wikipedia.org,us-x-russia-military-clash-by,US x Russia military clash by...?,"US, Ukraine, and Russia hold trilateral talks in Geneva amid ongoing war",7.0,5.0,-2.0,"December 31, 2026",2026-02-17 12:00:00+00,https://en.wikipedia.org/wiki/2026_United_States%E2%80%93Ukraine%E2%80%93Russia_meetings_in_Geneva,en.wikipedia.org is not a news outlet
non_news_source,Wikipedia,en.wikipedia.org,us-x-russia-military-clash-by,US x Russia military clash by...?,"US, Ukraine, and Russia hold trilateral peace talks in Geneva",4.0,3.0,-1.0,"June 30, 2026",2026-02-17 12:00:00+00,https://en.wikipedia.org/wiki/2026_United_States%E2%80%93Ukraine%E2%80%93Russia_meetings_in_Geneva,en.wikipedia.org is not a news outlet
non_news_source,Wikipedia,en.wikipedia.org,us-x-russia-military-clash-by,US x Russia military clash by...?,Ukrainian forces strike key Russian military facilities amid ongoing war,11.0,15.0,4.0,"December 31, 2026",2026-03-21 12:00:00+00,https://en.wikipedia.org/wiki/Timeline_of_the_Russo-Ukrainian_war_(1_January_2026_%E2%80%93_present),en.wikipedia.org is not a news outlet
non_news_source,en.wikipedia.org,en.wikipedia.org,netanyahu-out-before-2027,Netanyahu out by...?,Israel recognises Somaliland as an independent state,53.0,49.0,-4.0,June 30,2025-12-05 12:00:00+00,https://en.wikipedia.org/wiki/Benjamin_Netanyahu,en.wikipedia.org is not a news outlet
non_news_source,Wikipedia (Netanyahu page),en.wikipedia.org,netanyahu-out-before-2027,Netanyahu out by...?,Israel becomes first country to recognize Somaliland,54.0,56.0,2.0,December 31,2025-12-12 12:00:00+00,https://en.wikipedia.org/wiki/Benjamin_Netanyahu,en.wikipedia.org is not a news outlet
non_news_source,Wikipedia,en.wikipedia.org,netanyahu-out-before-2027,Netanyahu out by...?,Netanyahu formally requests pardon from President Herzog amid corruption trial,61.0,57.0,-4.0,December 31,2026-01-30 12:00:00+00,https://en.wikipedia.org/wiki/Trial_of_Benjamin_Netanyahu,en.wikipedia.org is not a news outlet
non_news_source,en.wikipedia.org,en.wikipedia.org,netanyahu-out-before-2027,Netanyahu out by...?,Israelâs Attorney General summons Netanyahu over classifiedâdocument leak probe,50.0,1.0,-49.0,June 30,2026-02-01 12:00:00+00,https://en.wikipedia.org/wiki/Benjamin_Netanyahu,en.wikipedia.org is not a news outlet
non_news_source,en.wikipedia.org,en.wikipedia.org,netanyahu-out-before-2027,Netanyahu out by...?,"Netanyahu responds to State Comptroller investigation, shifting blame to rivals",49.0,39.0,-10.0,December 31,2026-02-06 12:00:00+00,https://en.wikipedia.org/wiki/2026_Israeli_legislative_election,en.wikipedia.org is not a news outlet
non_news_source,en.wikipedia.org,en.wikipedia.org,netanyahu-out-before-2027,Netanyahu out by...?,Attorney General summons Netanyahu over classifiedâdocument leak investigation,33.0,38.0,5.0,June 30,2026-02-10 12:00:00+00,https://en.wikipedia.org/wiki/Benjamin_Netanyahu,en.wikipedia.org is not a news outlet
non_news_source,Wikipedia,en.wikipedia.org,netanyahu-out-before-2027,Netanyahu out by...?,Israel and United States launch major military offensive against Iran,47.0,43.0,-4.0,December 31,2026-02-15 12:00:00+00,https://en.wikipedia.org/wiki/Benjamin_Netanyahu,en.wikipedia.org is not a news outlet
non_news_source,Wikipedia,en.wikipedia.org,netanyahu-out-before-2027,Netanyahu out by...?,Netanyahu launches major air campaign against Iran with US,40.0,36.0,-4.0,December 31,2026-02-28 12:00:00+00,https://en.wikipedia.org/wiki/Benjamin_Netanyahu,en.wikipedia.org is not a news outlet
non_news_source,en.wikipedia.org,en.wikipedia.org,netanyahu-out-before-2027,Netanyahu out by...?,Israel opens major air campaign against Iran,50.0,18.0,-32.0,June 30,2026-02-28 12:00:00+00,https://en.wikipedia.org/wiki/Benjamin_Netanyahu,en.wikipedia.org is not a news outlet
non_news_source,Wikipedia,en.wikipedia.org,netanyahu-out-before-2027,Netanyahu out by...?,Netanyahu defends military actions and criticizes political rivals,36.0,46.0,10.0,December 31,2026-04-06 12:00:00+00,https://en.wikipedia.org/wiki/Benjamin_Netanyahu,en.wikipedia.org is not a news outlet
non_news_source,Wikipedia,en.wikipedia.org,netanyahu-out-before-2027,Netanyahu out by...?,Likud members Erdan and Edelstein reach initial agreements on new party,49.0,57.0,8.0,December 31,2026-05-24 12:00:00+00,https://en.wikipedia.org/wiki/2026_Israeli_legislative_election,en.wikipedia.org is not a news outlet
non_news_source,Wikipedia,en.wikipedia.org,netanyahu-out-before-2027,Netanyahu out by...?,Likud party faces internal challenges as key members consider new party formation,53.0,64.0,11.0,December 31,2026-06-17 12:00:00+00,https://en.wikipedia.org/wiki/2026_Israeli_legislative_election,en.wikipedia.org is not a news outlet
non_news_source,Wikipedia,en.wikipedia.org,netanyahu-out-before-2027,Netanyahu out by...?,Netanyahu Completes Testimony in Long-Running Corruption Trial,55.0,48.0,-7.0,December 31,2026-06-24 12:00:00+00,https://en.wikipedia.org/wiki/Trial_of_Benjamin_Netanyahu,en.wikipedia.org is not a news outlet
non_news_source,en.wikipedia.org,en.wikipedia.org,nato-x-russia-military-clash-in-2025,NATO x Russia military clash by...?,NATO launches Operation Eastern Sentry to protect eastern borders,14.0,10.0,-4.0,December 31,2026-02-01 12:00:00+00,https://en.wikipedia.org/wiki/2025_Russian_drone_incursion_into_Poland,en.wikipedia.org is not a news outlet
non_news_source,Wikipedia,en.wikipedia.org,nato-x-russia-military-clash-in-2025,NATO x Russia military clash by...?,UK Ministry of Defence reports dangerous Russian interception of RAF surveillance aircraft,21.0,22.0,1.0,December 31,2026-04-24 12:00:00+00,https://en.wikipedia.org/wiki/Russia%E2%80%93NATO_relations,en.wikipedia.org is not a news outlet
non_news_source,Wikipedia,en.wikipedia.org,largest-company-end-of-december-2026,Largest Company end of December 2026?,Saudi Aramco Market Capitalization Reflects Lower Valuation in Late 2025,45.0,2.0,-43.0,Saudi Aramco,2025-11-12 12:00:00+00,https://en.wikipedia.org/wiki/Saudi_Aramco,en.wikipedia.org is not a news outlet
non_news_source,Wikipedia,en.wikipedia.org,largest-company-end-of-december-2026,Largest Company end of December 2026?,SpaceX Acquires xAI in All-Stock Deal to Consolidate Musk's AI and Space Ambitions,,,0.0,SpaceX,2026-02-02 12:00:00+00,https://en.wikipedia.org/wiki/SpaceX,en.wikipedia.org is not a news outlet
non_news_source,OilPrice.com via Wikipedia,en.wikipedia.org,largest-company-end-of-december-2026,Largest Company end of December 2026?,Saudi Aramco Signs 20-Year US LNG Deal in Geopolitical Shift,2.0,1.0,-1.0,Saudi Aramco,2026-02-23 12:00:00+00,https://en.wikipedia.org/wiki/Saudi_Aramco,en.wikipedia.org is not a news outlet
non_news_source,Wikipedia,en.wikipedia.org,largest-company-end-of-december-2026,Largest Company end of December 2026?,Nvidia to acquire Israeli AIâinfrastructure startup Illumex,63.0,68.0,5.0,NVIDIA,2026-02-24 12:00:00+00,https://en.wikipedia.org/wiki/Nvidia,en.wikipedia.org is not a news outlet
non_news_source,Wikipedia,en.wikipedia.org,largest-company-end-of-december-2026,Largest Company end of December 2026?,NVIDIA invests $2 billion in AI cloud company Nebius,57.0,67.0,10.0,NVIDIA,2026-03-11 12:00:00+00,https://en.wikipedia.org/wiki/Nvidia,en.wikipedia.org is not a news outlet
non_news_source,Wikipedia,en.wikipedia.org,largest-company-end-of-december-2026,Largest Company end of December 2026?,Alphabet announces $80 billion equity offering to fund AI expansion,16.0,14.0,-2.0,Alphabet,2026-05-20 12:00:00+00,https://en.wikipedia.org/wiki/Alphabet_Inc.,en.wikipedia.org is not a news outlet
non_news_source,Wikipedia,en.wikipedia.org,largest-company-end-of-december-2026,Largest Company end of December 2026?,Alphabet announces $80 billion equity offering to fund AI infrastructure expansion,14.0,11.0,-3.0,Alphabet,2026-06-24 12:00:00+00,https://en.wikipedia.org/wiki/Alphabet_Inc.,en.wikipedia.org is not a news outlet
non_news_source,Wikipedia,en.wikipedia.org,highest-grossing-movie-in-2026,Highest grossing movie in 2026?,"Wicked: For Good Tickets Go on Sale, Breaking Presale Records",22.0,0.0,-22.0,Wicked: For Good,2025-11-12 12:00:00+00,https://en.wikipedia.org/wiki/Wicked:_For_Good,en.wikipedia.org is not a news outlet
non_news_source,Wikipedia,en.wikipedia.org,iran-agrees-to-surrender-enriched-uranium-stockpile-by,Iran agrees to surrender enriched uranium stockpile by...?,Iran and US announce temporary two-week ceasefire amid nuclear talks,53.0,33.0,-20.0,December 31,2026-04-07 12:00:00+00,https://en.wikipedia.org/wiki/2025%E2%80%932026_Iran%E2%80%93United_States_negotiations,en.wikipedia.org is not a news outlet
non_news_source,Wikipedia,en.wikipedia.org,iran-agrees-to-surrender-enriched-uranium-stockpile-by,Iran agrees to surrender enriched uranium stockpile by...?,"Iran rejects US nuclear deal proposal, plans counteroffer via Oman",38.0,28.0,-10.0,December 31,2026-06-09 12:00:00+00,https://en.wikipedia.org/wiki/2025%E2%80%932026_Iran%E2%80%93United_States_negotiations,en.wikipedia.org is not a news outlet
non_news_source,Wikipedia,en.wikipedia.org,will-russia-capture-kostyantynivka-by,Will Russia capture Kostyantynivka by...?,Ukraine launches counteroffensive disrupting Russian plans in southern front,89.0,89.0,0.0,"December 31, 2026",2026-02-15 12:00:00+00,https://en.wikipedia.org/wiki/2026_Ukrainian_counteroffensive,en.wikipedia.org is not a news outlet
non_news_source,Wikipedia,en.wikipedia.org,will-russia-capture-kostyantynivka-by,Will Russia capture Kostyantynivka by...?,Ukrainian forces repel Russian assaults in Kostyantynivka in March,51.0,20.0,-31.0,"May 31, 2026",2026-03-05 12:00:00+00,https://en.wikipedia.org/wiki/Battle_of_Kostiantynivka,en.wikipedia.org is not a news outlet
non_news_source,Wikipedia,en.wikipedia.org,will-russia-capture-kostyantynivka-by,Will Russia capture Kostyantynivka by...?,Ukrainian forces repel Russian assaults on Kostyantynivka throughout March,61.0,50.0,-11.0,"June 30, 2026",2026-03-15 12:00:00+00,https://en.wikipedia.org/wiki/Battle_of_Kostiantynivka,en.wikipedia.org is not a news outlet
non_news_source,Wikipedia,en.wikipedia.org,will-russia-capture-kostyantynivka-by,Will Russia capture Kostyantynivka by...?,Ukrainian forces maintain control over central Kostyantynivka and repel Russian assaults,51.0,2.0,-49.0,"May 31, 2026",2026-04-30 12:00:00+00,https://en.wikipedia.org/wiki/Battle_of_Kostiantynivka,en.wikipedia.org is not a news outlet
non_news_source,en.wikipedia.org,en.wikipedia.org,will-russia-capture-kostyantynivka-by,Will Russia capture Kostyantynivka by...?,Ukrainian officials confirm Russian seizure of Kostyantynivka zinc plant,60.0,47.0,-13.0,"June 30, 2026",2026-04-30 12:00:00+00,https://en.wikipedia.org/wiki/Battle_of_Kostiantynivka,en.wikipedia.org is not a news outlet
non_news_source,en.wikipedia.org,en.wikipedia.org,will-russia-capture-kostyantynivka-by,Will Russia capture Kostyantynivka by...?,Ukrainian observer warns Russia could take Kostiantynivka by end of summer,85.0,83.0,-2.0,"December 31, 2026",2026-06-10 12:00:00+00,https://en.wikipedia.org/wiki/Battle_of_Kostiantynivka,en.wikipedia.org is not a news outlet
non_news_source,Wikipedia,en.wikipedia.org,ukraine-election-called-in-2025,Ukraine election called by...?,Zelenskyy says ready to not run again after war's conclusion,30.0,42.0,12.0,,2025-11-21 12:00:00+00,https://en.wikipedia.org/wiki/2024_Ukrainian_presidential_election,en.wikipedia.org is not a news outlet
non_news_source,Wikipedia,en.wikipedia.org,ukraine-election-called-in-2025,Ukraine election called by...?,Parliament reaffirms elections cannot be held during martial law,49.0,39.0,-10.0,"June 30, 2026",2025-11-26 12:00:00+00,https://en.wikipedia.org/wiki/2024_Ukrainian_presidential_election,en.wikipedia.org is not a news outlet
non_news_source,Wikipedia,en.wikipedia.org,ukraine-election-called-in-2025,Ukraine election called by...?,"Verkhovna Rada reaffirms no elections during martial law, pledges election after war",29.0,20.0,-9.0,"June 30, 2026",2026-01-11 12:00:00+00,https://en.wikipedia.org/wiki/Next_Ukrainian_parliamentary_election,en.wikipedia.org is not a news outlet
non_news_source,Wikipedia,en.wikipedia.org,ukraine-election-called-in-2025,Ukraine election called by...?,"Verkhovna Rada reaffirms no elections during martial law, pledges post-war presidential election",22.0,19.0,-3.0,"June 30, 2026",2026-02-26 12:00:00+00,https://en.wikipedia.org/wiki/Next_Ukrainian_parliamentary_election,en.wikipedia.org is not a news outlet
non_news_source,Wikipedia,en.wikipedia.org,ukraine-election-called-in-2025,Ukraine election called by...?,"Ukrainian law bans elections during martial law, which remains extended until May 2026",17.0,11.0,-6.0,"June 30, 2026",2026-03-10 12:00:00+00,https://en.wikipedia.org/wiki/2024_Ukrainian_presidential_election,en.wikipedia.org is not a news outlet
non_news_source,Wikipedia,en.wikipedia.org,ukraine-election-called-in-2025,Ukraine election called by...?,"Martial law extended in Ukraine until August 2, 2026",9.0,6.0,-3.0,"June 30, 2026",2026-03-31 12:00:00+00,https://en.wikipedia.org/wiki/Next_Ukrainian_presidential_election,en.wikipedia.org is not a news outlet
non_news_source,en.wikipedia.org,en.wikipedia.org,ukraine-election-called-in-2025,Ukraine election called by...?,"Martial law extended in Ukraine until August 2, 2026, blocking elections",8.0,4.0,-4.0,"June 30, 2026",2026-04-22 12:00:00+00,https://en.wikipedia.org/wiki/Next_Ukrainian_presidential_election,en.wikipedia.org is not a news outlet
non_news_source,en.wikipedia.org,en.wikipedia.org,ukraine-election-called-in-2025,Ukraine election called by...?,"Martial law extended in Ukraine until August 2, 2026",10.0,4.0,-6.0,"June 30, 2026",2026-04-26 12:00:00+00,https://en.wikipedia.org/wiki/Next_Ukrainian_presidential_election,en.wikipedia.org is not a news outlet
non_news_source,en.wikipedia.org,en.wikipedia.org,ukraine-election-called-in-2025,Ukraine election called by...?,"Ukrainian parliament extends martial law until August 2, 2026",28.0,19.0,-9.0,,2026-05-01 12:00:00+00,https://en.wikipedia.org/wiki/Next_Ukrainian_presidential_election,en.wikipedia.org is not a news outlet
non_news_source,en.wikipedia.org,en.wikipedia.org,ukraine-election-called-in-2025,Ukraine election called by...?,"Parliament extends martial law until August 2, 2026, legally barring elections",4.0,3.0,-1.0,"June 30, 2026",2026-05-01 12:00:00+00,https://en.wikipedia.org/wiki/Next_Ukrainian_presidential_election,en.wikipedia.org is not a news outlet
non_news_source,en.wikipedia.org,en.wikipedia.org,ukraine-election-called-in-2025,Ukraine election called by...?,No official election date announced as martial law extended to August 2026,12.0,4.0,-8.0,"June 30, 2026",2026-05-06 12:00:00+00,https://en.wikipedia.org/wiki/Next_Ukrainian_presidential_election,en.wikipedia.org is not a news outlet
non_news_source,en.wikipedia.org,en.wikipedia.org,ukraine-election-called-in-2025,Ukraine election called by...?,"Martial law in Ukraine extended until August 2, 2026, barring elections",28.0,13.0,-15.0,"December 31, 2026",2026-05-11 12:00:00+00,https://en.wikipedia.org/wiki/Next_Ukrainian_presidential_election,en.wikipedia.org is not a news outlet
non_news_source,en.wikipedia.org,en.wikipedia.org,ukraine-election-called-in-2025,Ukraine election called by...?,"Martial law extended in Ukraine until August 2, 2026, blocking elections",46.0,12.0,-34.0,"August 31, 2026",2026-05-14 12:00:00+00,https://en.wikipedia.org/wiki/Next_Ukrainian_presidential_election,en.wikipedia.org is not a news outlet
non_news_source,en.wikipedia.org,en.wikipedia.org,ukraine-election-called-in-2025,Ukraine election called by...?,"Martial law in Ukraine extended until August 2, 2026, blocking elections",28.0,13.0,-15.0,"December 31, 2026",2026-05-15 12:00:00+00,https://en.wikipedia.org/wiki/Next_Ukrainian_presidential_election,en.wikipedia.org is not a news outlet
non_news_source,en.wikipedia.org,en.wikipedia.org,ukraine-election-called-in-2025,Ukraine election called by...?,"Martial law extended until August 2, 2026, blocking elections",4.0,3.0,-1.0,"June 30, 2026",2026-05-16 12:00:00+00,https://en.wikipedia.org/wiki/Next_Ukrainian_presidential_election,en.wikipedia.org is not a news outlet
non_news_source,Wikipedia,en.wikipedia.org,ukraine-election-called-in-2025,Ukraine election called by...?,Ukraine's parliament reaffirms no elections during martial law,16.0,17.0,1.0,"December 31, 2026",2026-05-23 12:00:00+00,https://en.wikipedia.org/wiki/Next_Ukrainian_presidential_election,en.wikipedia.org is not a news outlet
non_news_source,en.wikipedia.org,en.wikipedia.org,ukraine-election-called-in-2025,Ukraine election called by...?,Ukrainian parliament forms working group to draft election law under martial law,16.0,14.0,-2.0,"December 31, 2026",2026-05-25 12:00:00+00,https://en.wikipedia.org/wiki/Next_Ukrainian_presidential_election,en.wikipedia.org is not a news outlet
non_news_source,en.wikipedia.org,en.wikipedia.org,ukraine-election-called-in-2025,Ukraine election called by...?,"Ukrainian parliament extends martial law until August 2, 2026, barring elections",17.0,16.0,-1.0,"December 31, 2026",2026-05-30 12:00:00+00,https://en.wikipedia.org/wiki/Next_Ukrainian_presidential_election,en.wikipedia.org is not a news outlet
non_news_source,en.wikipedia.org,en.wikipedia.org,ukraine-election-called-in-2025,Ukraine election called by...?,Ukrainian parliament extends martial law prohibiting elections until at least August 2026,18.0,17.0,-1.0,"December 31, 2026",2026-06-02 12:00:00+00,https://en.wikipedia.org/wiki/Martial_law_in_Ukraine,en.wikipedia.org is not a news outlet
non_news_source,en.wikipedia.org,en.wikipedia.org,ukraine-election-called-in-2025,Ukraine election called by...?,"Zelenskyy attends NATO summit, reinforcing active presidency amid no election plans",2.0,1.0,-1.0,"June 30, 2026",2026-06-16 12:00:00+00,https://en.wikipedia.org/wiki/Volodymyr_Zelenskyy,en.wikipedia.org is not a news outlet
non_news_source,Wikipedia,en.wikipedia.org,ukraine-election-called-in-2025,Ukraine election called by...?,"Russian President Putin signs decree scheduling Russian legislative elections for September 20, 2026",18.0,17.0,-1.0,,2026-06-16 12:00:00+00,https://en.wikipedia.org/wiki/2026_Russian_legislative_election,en.wikipedia.org is not a news outlet
non_news_source,Wikipedia,en.wikipedia.org,ukraine-election-called-in-2025,Ukraine election called by...?,Public opinion surveys confirm majority opposition to wartime elections,,,0.0,,2026-07-06 12:00:00+00,https://en.wikipedia.org/wiki/Next_Ukrainian_parliamentary_election,en.wikipedia.org is not a news outlet
non_news_source,Wikipedia,en.wikipedia.org,berlin-state-election-winner,Berlin State Election Winner,"Berlin election scheduled for September 20, 2026",50.0,50.0,0.0,,2025-12-02 12:00:00+00,https://en.wikipedia.org/wiki/2026_Berlin_state_election,en.wikipedia.org is not a news outlet
non_news_source,Wikipedia,en.wikipedia.org,berlin-state-election-winner,Berlin State Election Winner,Federal Constitutional Court rejects BSW recount appeal after 2025 election,50.0,1.0,-49.0,BSW,2025-12-04 12:00:00+00,https://en.wikipedia.org/wiki/2025_German_federal_election,en.wikipedia.org is not a news outlet
non_news_source,Wikipedia,en.wikipedia.org,berlin-state-election-winner,Berlin State Election Winner,CDU and SPD begin negotiations for grand coalition in Berlin,59.0,58.0,-1.0,CDU,2026-01-09 12:00:00+00,https://en.wikipedia.org/wiki/2026_Berlin_state_election,en.wikipedia.org is not a news outlet
non_news_source,Wikipedia,en.wikipedia.org,berlin-state-election-winner,Berlin State Election Winner,CDU and SPD begin negotiations for grand coalition after Berlin election results,56.0,60.0,4.0,CDU,2026-02-01 12:00:00+00,https://en.wikipedia.org/wiki/2026_Berlin_state_election,en.wikipedia.org is not a news outlet
non_news_source,Wikipedia,en.wikipedia.org,berlin-state-election-winner,Berlin State Election Winner,SPD and CDU begin negotiations for grand coalition in Berlin,58.0,63.0,5.0,CDU,2026-03-01 12:00:00+00,https://en.wikipedia.org/wiki/2026_Berlin_state_election,en.wikipedia.org is not a news outlet
non_news_source,Wikipedia,en.wikipedia.org,berlin-state-election-winner,Berlin State Election Winner,CDU leader Kai Wegner approved as mayor of Berlin after coalition talks,59.0,72.0,13.0,CDU,2026-04-27 12:00:00+00,https://en.wikipedia.org/wiki/2026_Berlin_state_election,en.wikipedia.org is not a news outlet
non_news_source,Wikipedia,en.wikipedia.org,berlin-state-election-winner,Berlin State Election Winner,CDU's Kai Wegner approval as mayor after coalition talks,53.0,55.0,2.0,CDU,2026-04-28 12:00:00+00,https://en.wikipedia.org/wiki/2026_Berlin_state_election,en.wikipedia.org is not a news outlet
non_news_source,Wikipedia,en.wikipedia.org,who-will-close-warner-bros-acquisition,Who will close Warner Bros. acquisition?,Paramount Skydance enhances bid with breakup fee coverage and ticking fee incentives,30.0,36.0,6.0,Paramount,2026-02-10 12:00:00+00,https://en.wikipedia.org/wiki/Warner_Bros._Discovery,en.wikipedia.org is not a news outlet
non_news_source,en.wikipedia.org,en.wikipedia.org,who-will-close-warner-bros-acquisition,Who will close Warner Bros. acquisition?,EU completes phaseâ1 review of ParamountâWarnerâ¯Bros. deal,12.0,13.0,1.0,"None by June 30, 2027",2026-04-29 12:00:00+00,https://en.wikipedia.org/wiki/Proposed_acquisition_of_Warner_Bros._Discovery_by_Paramount_Skydance,en.wikipedia.org is not a news outlet
non_news_source,Wikipedia,en.wikipedia.org,who-will-close-warner-bros-acquisition,Who will close Warner Bros. acquisition?,European antitrust regulators complete phase 1 review of Paramount-Warner Bros. Discovery deal,74.0,84.0,10.0,Paramount,2026-04-29 12:00:00+00,https://en.wikipedia.org/wiki/Proposed_acquisition_of_Warner_Bros._Discovery,en.wikipedia.org is not a news outlet
non_news_source,Wikipedia,en.wikipedia.org,who-will-close-warner-bros-acquisition,Who will close Warner Bros. acquisition?,European Union expected to approve Paramount-Warner Bros. deal by early July,81.0,83.0,2.0,Paramount,2026-06-29 12:00:00+00,https://en.wikipedia.org/wiki/Proposed_acquisition_of_Warner_Bros._Discovery_by_Paramount_Skydance,en.wikipedia.org is not a news outlet
non_news_source,Wikipedia,en.wikipedia.org,who-will-close-warner-bros-acquisition,Who will close Warner Bros. acquisition?,"Paramount offers remedies to address EU competition concerns, delays deal approval to July 22",83.0,83.0,0.0,Paramount,2026-07-01 12:00:00+00,https://en.wikipedia.org/wiki/Proposed_acquisition_of_Warner_Bros._Discovery_by_Paramount_Skydance,en.wikipedia.org is not a news outlet
non_news_source,Wikipedia,es.wikipedia.org,what-will-happen-before-gta-vi,What will happen before GTA VI?,Playboi Carti performs new song 'POP OUT' at Wireless Festival,42.0,55.0,13.0,New Playboi Carti Album ,2025-07-07 12:00:00+00,https://es.wikipedia.org/wiki/Playboi_Carti,es.wikipedia.org is not a news outlet
non_news_source,István Kapitány,fr.wikipedia.org,next-prime-minister-of-hungary,Next Prime Minister of Hungary,István Kapitány appointed economic advisor to Péter Magyar and the Tisza Party ahead of the 2026 Hungarian parliamentary elections,1.0,5.0,4.0,István Kapitány,2026-01-15 12:00:00+00,https://fr.wikipedia.org/wiki/Istv%C3%A1n_Kapit%C3%A1ny,fr.wikipedia.org is not a news outlet
non_news_source,István Kapitány,fr.wikipedia.org,next-prime-minister-of-hungary,Next Prime Minister of Hungary,Media scrutiny highlights Kapitány’s controversial past with Shell’s operations in Nigeria and environmental criticisms,5.0,3.0,-2.0,István Kapitány,2026-02-11 12:00:00+00,https://fr.wikipedia.org/wiki/Istv%C3%A1n_Kapit%C3%A1ny,fr.wikipedia.org is not a news outlet
non_news_source,István Kapitány,fr.wikipedia.org,next-prime-minister-of-hungary,Next Prime Minister of Hungary,Péter Magyar announces Kapitány will serve as Minister of Economy and Energetics in the prospective Tisza government,1.0,0.0,-1.0,István Kapitány,2026-03-20 12:00:00+00,https://fr.wikipedia.org/wiki/Istv%C3%A1n_Kapit%C3%A1ny,fr.wikipedia.org is not a news outlet
non_news_source,István Kapitány,fr.wikipedia.org,next-prime-minister-of-hungary,Next Prime Minister of Hungary,"Hungarian parliamentary elections held; Tisza Party wins but Péter Magyar confirmed as Prime Minister, not Kapitány",0.0,0.0,0.0,István Kapitány,2026-04-12 12:00:00+00,https://fr.wikipedia.org/wiki/Istv%C3%A1n_Kapit%C3%A1ny,fr.wikipedia.org is not a news outlet
non_news_source,Interfax,interfax.com,ukraine-election-called-in-2025,Ukraine election called by...?,Parliament extends martial law until Febâ¯3â¯2026,52.0,65.0,13.0,"December 31, 2026",2025-12-24 12:00:00+00,https://interfax.com/newsroom/top-stories/114619/,interfax.com is not a news outlet
non_news_source,La Croix,la-croix.com,next-french-presidential-election,Next French Presidential Election,Bruno Retailleau holds first campaign meeting in Paris to build momentum,3.0,3.0,0.0,Bruno Retailleau,2026-06-20 12:00:00+00,https://www.la-croix.com/politique/presidentielle-2027-bruno-retailleau-lance-sa-campagne-et-espere-creer-une-dynamique-20260618,la-croix.com is not a news outlet
non_news_source,Istvan Kapitany,linkedin.com,next-prime-minister-of-hungary,Next Prime Minister of Hungary,István Kapitány appointed economic advisor to Péter Magyar and the Tisza Party ahead of the 2026 Hungarian parliamentary elections,1.0,5.0,4.0,István Kapitány,2026-01-15 12:00:00+00,https://www.linkedin.com/in/istvankapitany,linkedin.com is not a news outlet
non_news_source,Istvan Kapitany,linkedin.com,next-prime-minister-of-hungary,Next Prime Minister of Hungary,Media scrutiny highlights Kapitány’s controversial past with Shell’s operations in Nigeria and environmental criticisms,5.0,3.0,-2.0,István Kapitány,2026-02-11 12:00:00+00,https://www.linkedin.com/in/istvankapitany,linkedin.com is not a news outlet
non_news_source,Istvan Kapitany,linkedin.com,next-prime-minister-of-hungary,Next Prime Minister of Hungary,Péter Magyar announces Kapitány will serve as Minister of Economy and Energetics in the prospective Tisza government,1.0,0.0,-1.0,István Kapitány,2026-03-20 12:00:00+00,https://www.linkedin.com/in/istvankapitany,linkedin.com is not a news outlet
non_news_source,Istvan Kapitany,linkedin.com,next-prime-minister-of-hungary,Next Prime Minister of Hungary,"Hungarian parliamentary elections held; Tisza Party wins but Péter Magyar confirmed as Prime Minister, not Kapitány",0.0,0.0,0.0,István Kapitány,2026-04-12 12:00:00+00,https://www.linkedin.com/in/istvankapitany,linkedin.com is not a news outlet
non_news_source,Kurt Stowers LinkedIn,linkedin.com,fed-decision-in-july-181,Fed Decision in July?,Federal Reserve Releases 2026 Bank Stress Test Results Showing Capital Resilience,76.0,82.0,6.0,No change,2026-06-24 12:00:00+00,https://www.linkedin.com/posts/kurt-stowers-9481235_federal-reserve-board-announces-that-results-activity-7475866442400247808-65Ft,linkedin.com is not a news outlet
non_news_source,Or Shushan LinkedIn,linkedin.com,fed-decision-in-july-181,Fed Decision in July?,Bank of America Revises Outlook to Predict Three Federal Reserve Rate Hikes in 2026,23.0,17.0,-6.0,25 bps increase,2026-06-24 12:00:00+00,https://www.linkedin.com/posts/or-shushan-114328179_httpsskncbbacomp22031-activity-7475665803078631425-urD0,linkedin.com is not a news outlet
non_news_source,linkedin.com,linkedin.com,will-any-country-leave-nato-in-2025,Will any country leave NATO by...?,NATO concludes large-scale Freedom Shield 2026 exercise in Lithuania,6.0,5.0,-1.0,"December 31, 2026",2026-06-26 12:00:00+00,https://www.linkedin.com/posts/nato-allied-joint-force-command-brunssum-jfcbs_wearenato-strongertogether-activity-7476245971438383104-nbKq,linkedin.com is not a news outlet
non_news_source,linkedin.com,linkedin.com,will-ukraine-recapture-crimean-territory-by-june-30-2026,Will Ukraine recapture Crimean territory by...?,Russian Military Command Prohibits Military Cargo Traffic on Main Highway to Crimea Due to Ukrainian Strikes,16.0,10.0,-6.0,December 31,2026-06-09 12:00:00+00,https://www.linkedin.com/posts/institute-for-the-study-of-war_russian-offensive-campaign-assessment-june-activity-7470295158002008065-BsM0?utm_source=social_share_send&utm_medium=member_desktop_web&rcm=ACoAAGpgOE4BZnMOCWdsY7SAQFirdPdPzRd47ws,linkedin.com is not a news outlet
non_news_source,The Dispatch,linkedin.com,nato-x-russia-military-clash-in-2025,NATO x Russia military clash by...?,French NATO fighter jet shoots down drone over Latvian airspace,18.0,20.0,2.0,December 31,2026-06-06 12:00:00+00,https://www.linkedin.com/posts/cde-news_french-jet-shoots-down-drone-in-latvian-airspace-activity-7469703554153410560-KoSW,linkedin.com is not a news outlet
non_news_source,LinkedIn Post by R V.,linkedin.com,israel-x-hamas-ceasefire-phase-ii-by-october-31,Israel x Hamas Ceasefire Phase II by...?,Israel prepares for pivotal security meeting ahead of Netanyahu's US visit,50.0,73.0,23.0,June 30,2025-12-25 12:00:00+00,https://www.linkedin.com/posts/r-v-13ba5b41_israel-is-preparing-for-a-pivotal-security-activity-7409809331992469504-da5y,linkedin.com is not a news outlet
non_news_source,linkedin.com,linkedin.com,israel-x-hamas-ceasefire-phase-ii-by-october-31,Israel x Hamas Ceasefire Phase II by...?,Human rights groups highlight Palestinian detainees' plight amid ceasefire,63.0,34.0,-29.0,June 30,2026-01-07 12:00:00+00,https://www.linkedin.com/posts/dr-stephen-cumbers-93471841_it-has-been-over-a-year-since-dr-hussam-activity-7414760213943308288-Bsoa,linkedin.com is not a news outlet
non_news_source,linkedin.com,linkedin.com,israel-x-hamas-ceasefire-phase-ii-by-october-31,Israel x Hamas Ceasefire Phase II by...?,Spain and Greece reaffirm support for full implementation of Gaza peace plan,33.0,66.0,33.0,June 30,2026-01-13 12:00:00+00,https://www.linkedin.com/posts/jokpeme-joseph-omode-486556232_spain-and-greece-reaffirm-support-for-full-activity-7416750404786515968-9l34,linkedin.com is not a news outlet
non_news_source,linkedin.com,linkedin.com,israel-x-hamas-ceasefire-phase-ii-by-october-31,Israel x Hamas Ceasefire Phase II by...?,Israel Defense Forces strike Hezbollah operatives amid ceasefire fragility,61.0,71.0,10.0,June 30,2026-01-27 12:00:00+00,https://www.linkedin.com/posts/frederic-eger_the-impact-of-israeli-strikes-on-hezbollahs-activity-7419861256121188352-EO_F,linkedin.com is not a news outlet
non_news_source,linkedin.com,linkedin.com,israel-x-hamas-ceasefire-phase-ii-by-october-31,Israel x Hamas Ceasefire Phase II by...?,Israel confirms no Turkish or Qatari troops will enter Gaza; retains security control,59.0,57.0,-2.0,June 30,2026-02-02 12:00:00+00,https://www.linkedin.com/posts/the-david-institute_israelsecurity-middleeastanalysis-defensestrategy-activity-7424192066378887168-2GjT,linkedin.com is not a news outlet
non_news_source,linkedin.com,linkedin.com,israel-x-hamas-ceasefire-phase-ii-by-october-31,Israel x Hamas Ceasefire Phase II by...?,Israel issues ultimatum to Hamas to surrender weapons before peace talks,42.0,31.0,-11.0,June 30,2026-02-17 12:00:00+00,https://www.linkedin.com/posts/risetopeace_israel-aide-yossi-fuchs-has-delivered-a-blunt-activity-7429584516257853440-6uA6,linkedin.com is not a news outlet
non_news_source,linkedin.com,linkedin.com,israel-x-hamas-ceasefire-phase-ii-by-october-31,Israel x Hamas Ceasefire Phase II by...?,Gaza reconstruction efforts proceed amid unresolved security and governance issues,33.0,25.0,-8.0,June 30,2026-02-27 12:00:00+00,https://www.linkedin.com/posts/yonatn-kraaijenhagen-51514a11_gaza-after-100-days-reconstruction-without-activity-7419276633154494464--ZEU,linkedin.com is not a news outlet
non_news_source,Aleks Tangen LinkedIn,linkedin.com,will-russia-capture-kostyantynivka-by,Will Russia capture Kostyantynivka by...?,Ukrainian missile strikes target Russian military plant producing drone components,72.0,74.0,2.0,"December 31, 2026",2026-06-09 12:00:00+00,https://www.linkedin.com/in/aleks-tangen-15b150135,linkedin.com is not a news outlet
non_news_source,General David H. Petraeus,linkedin.com,will-russia-capture-kostyantynivka-by,Will Russia capture Kostyantynivka by...?,Ukraine intensifies long-range strikes disrupting Russian logistics and operations,82.0,86.0,4.0,"December 31, 2026",2026-07-01 12:00:00+00,https://www.linkedin.com/posts/davidpetraeus_ukraine-russia-linkedintopvoices-activity-7478413080058732545-l4_n,linkedin.com is not a news outlet
non_news_source,linkedin.com,linkedin.com,will-russia-capture-kostyantynivka-by,Will Russia capture Kostyantynivka by...?,Russian spring-summer 2026 offensive fails to achieve significant gains,35.0,32.0,-3.0,"July 31, 2026",2026-07-01 12:00:00+00,https://www.linkedin.com/posts/institute-for-the-study-of-war_russian-offensive-campaign-assessment-july-activity-7478278166059495424-UN3o,linkedin.com is not a news outlet
non_news_source,linkedin.com,linkedin.com,ukraine-election-called-in-2025,Ukraine election called by...?,Expert dialogue in Kyiv emphasizes democratic resilience despite war,40.0,45.0,5.0,"June 30, 2026",2025-12-17 12:00:00+00,https://www.linkedin.com/posts/yuliya-shypilova-77322588_democracy-elections-ukraine-activity-7406918510930460673-msAF,linkedin.com is not a news outlet
non_news_source,Liubov Velychko LinkedIn post,linkedin.com,ukraine-election-called-in-2025,Ukraine election called by...?,Analysis highlights legal and logistical barriers to 2025 Ukrainian presidential elections,39.0,50.0,11.0,"June 30, 2026",2025-12-22 12:00:00+00,https://www.linkedin.com/posts/v-press_elections-ukraine-russia-activity-7408883144830918656-dRsO,linkedin.com is not a news outlet
non_news_source,LiveNOW from FOX,livenowfox.com,presidential-election-winner-2028,Presidential Election Winner 2028,Kamala Harris leads in Yale Youth Poll with 43% favorability among potential 2028 voters,3.0,5.0,2.0,Kamala Harris,2026-04-14 12:00:00+00,https://www.livenowfox.com/news/kamala-harris-presidential-run-polls-vance-carlson,livenowfox.com is not a news outlet
non_news_source,NFTENEX,nftenex.com,claude-mythos-released-by,Claude Mythos released by…?,NFTENEX reports Anthropic's Claude Mythos leak exposes 'step change' AI model,45.0,70.0,25.0,,2026-03-27 12:00:00+00,https://nftenex.com/anthropic-claude-mythos-leaked/,nftenex.com is not a news outlet
non_news_source,OnTheFlix,ontheflix.com,highest-grossing-movie-in-2026,Highest grossing movie in 2026?,Spider-Man: Brand New Day trailer and marketing ramp up ahead of July 31 release,67.0,77.0,10.0,Spider-Man: Brand New Day,2026-07-04 12:00:00+00,https://ontheflix.com/2026/03/18/spider-man-brand-new-day-new-movie-trailer-release-date-synopsis-revealed/,ontheflix.com is not a news outlet
non_news_source,Reddit r/worldnews,reddit.com,will-russia-capture-kostyantynivka-by,Will Russia capture Kostyantynivka by...?,Russian FPV drone destroys Marine Brigade vehicle near Kostyantynivka,58.0,65.0,7.0,"September 30, 2026",2026-04-04 12:00:00+00,https://www.reddit.com/r/worldnews/comments/1t2a795/fighting_reaches_outskirts_of_kostiantynivka_a/,reddit.com is not a news outlet
non_news_source,Axios via Twitter,twitter.com,israel-withdraws-from-lebanon-by,Israel withdraws from Lebanon by...?,US official says Israeli withdrawal from first pilot zone in southern Lebanon imminent,16.0,1.0,-15.0,July 31,2026-07-09 12:00:00+00,https://twitter.com/BarakRavid/status/1545123456789,twitter.com is not a news outlet
non_news_source,Vox,vox.com,democratic-presidential-nominee-2028,Democratic Presidential Nominee 2028,Media profiles tout Georgia Senator Jon Ossoff as potential 2028 unity candidate,7.0,9.0,2.0,Jon Ossoff,2026-06-15 12:00:00+00,https://www.vox.com/politics/494715/jon-ossoff-2028-democrats-excited-2026,vox.com is not a news outlet
non_news_source,Vox,vox.com,who-will-be-the-next-prime-minister-of-israel-after-the-next-election,Who will be the next Prime Minister of Israel after the next election?,Benny Gantz resigns from Israelâs emergency government over Gaza war dispute,1.0,0.0,-1.0,Benny Gantz,2026-06-01 12:00:00+00,https://www.vox.com/world-politics/354572/israel-benny-gantz-resigns-netanyahu-war-cabinet,vox.com is not a news outlet
non_news_source,Vox,vox.com,who-will-be-the-next-prime-minister-of-israel-after-the-next-election,Who will be the next Prime Minister of Israel after the next election?,Benny Gantz resigns from Israelâs war cabinet over Gaza policy dispute,3.0,1.0,-2.0,Benny Gantz,2026-06-09 12:00:00+00,https://www.vox.com/world-politics/354572/israel-benny-gantz-resigns-netanyahu-war-cabinet,vox.com is not a news outlet
non_news_source,X,x.com,fed-decision-in-july-181,Fed Decision in July?,DOJ Drops Criminal Probe Into Fed Chair Jerome Powell,84.0,85.0,1.0,No change,2026-04-24 12:00:00+00,https://x.com/USAttyPirro/status/2047679907312935664,x.com is not a news outlet
non_news_source,X (Twitter),x.com,clacton-by-election-winner-20260707143521303,Clacton by-election Winner,"Tony Mack declines to run in Clacton by-election, calls Farage's move cynical",37.0,0.0,-37.0,Tony Mack,2026-07-07 12:00:00+00,https://x.com/freddimbleby/status/2074836662136287682,x.com is not a news outlet
non_news_source,X (Twitter),x.com,clacton-by-election-winner-20260707143521303,Clacton by-election Winner,"Tony Mack, former Reform candidate, announces he will not stand in by-election",37.0,0.0,-37.0,Tony Mack,2026-07-08 12:00:00+00,https://x.com/freddimbleby/status/2074836662136287682,x.com is not a news outlet
syndicator,Axios,freemalaysiatoday.com,us-announces-new-iran-agreementceasefire-extension-by,US announces new Iran agreement/ceasefire extension by...?,Axios reports proposed US-Iran deal involves 60-day ceasefire extension with Strait of Hormuz reopening,71.0,70.0,-1.0,,2026-05-24 12:00:00+00,https://www.freemalaysiatoday.com/category/highlight/2026/05/24/axios-says-proposed-us-iran-deal-involves-60-day-ceasefire-extension,freemalaysiatoday.com is a content aggregator/syndicator carrying wire copy
syndicator,Reuters via MarketScreener,in.marketscreener.com,brazil-presidential-election,Brazil Presidential Election,Poll shows Lula and Flávio Bolsonaro tied at 41% each in run-off,53.0,45.0,-8.0,Luiz Inácio Lula da Silva,2026-03-11 12:00:00+00,https://in.marketscreener.com/news/lula-flavio-bolsonaro-seen-tied-41-41-in-brazil-s-presidential-election-run-off-genial-quaest-po-ce7e5fdcd18df322,in.marketscreener.com is a content aggregator/syndicator carrying wire copy
syndicator,Reuters via MarketScreener,in.marketscreener.com,brazil-presidential-election,Brazil Presidential Election,Poll shows Lula and Flávio Bolsonaro tied at 41% in runoff,16.0,25.0,9.0,Flávio Bolsonaro,2026-03-11 12:00:00+00,https://in.marketscreener.com/news/lula-flavio-bolsonaro-seen-tied-41-41-in-brazil-s-presidential-election-run-off-genial-quaest-po-ce7e5fdcd18df322,in.marketscreener.com is a content aggregator/syndicator carrying wire copy
syndicator,Reuters via MarketScreener,in.marketscreener.com,brazil-presidential-election,Brazil Presidential Election,Poll shows Lula and FlÃ¡vio Bolsonaro tied at 41% in runoff scenario,28.0,28.0,0.0,FlÃ¡vio Bolsonaro,2026-06-03 12:00:00+00,https://in.marketscreener.com/news/lula-flavio-bolsonaro-seen-tied-41-41-in-brazil-s-presidential-election-run-off-genial-quaest-po-ce7e5fdcd18df322,in.marketscreener.com is a content aggregator/syndicator carrying wire copy
syndicator,Reuters,in.marketscreener.com,brazil-presidential-election,Brazil Presidential Election,Poll shows Lula and FlÃ¡vio Bolsonaro tied ahead of election,28.0,34.0,6.0,FlÃ¡vio Bolsonaro,2026-06-15 12:00:00+00,https://in.marketscreener.com/news/lula-flavio-bolsonaro-seen-tied-41-41-in-brazil-s-presidential-election-run-off-genial-quaest-po-ce7e5fdcd18df322,in.marketscreener.com is a content aggregator/syndicator carrying wire copy
syndicator,Reuters,internazionale.it,colombia-presidential-election,Colombia Presidential Election,Colombia’s ELN rebels and FARC dissidents announce ceasefire for presidential election,,,0.0,,2026-05-20 12:00:00+00,https://www.internazionale.it/ultime-notizie-reuters/2026/05/21/colombia-s-eln-rebels-farc-dissidents-announce-ceasefire-for-presidential-election,internazionale.it is a content aggregator/syndicator carrying wire copy
syndicator,NPR,krcu.org,brazil-presidential-election,Brazil Presidential Election,"Former President Jair Bolsonaro hospitalized with pneumonia, raising health concerns",7.0,5.0,-2.0,Renan Santos,2025-11-14 12:00:00+00,https://www.krcu.org/2026-03-14/brazils-ex-president-bolsonaro-is-in-intensive-care-with-pneumonia-hospital-says,"krcu.org is an NPR member station, not npr.org"
syndicator,Reuters,uk.marketscreener.com,brazil-presidential-election,Brazil Presidential Election,Poll shows Lula and Flávio Bolsonaro tied in Brazil election runoff,16.0,30.0,14.0,Flávio Bolsonaro,2026-02-25 12:00:00+00,https://uk.marketscreener.com/news/lula-flavio-bolsonaro-tied-in-brazil-run-off-poll-shows-ce7e5cdbdf88f222,uk.marketscreener.com is a content aggregator/syndicator carrying wire copy
syndicator,Reuters,uk.marketscreener.com,brazil-presidential-election,Brazil Presidential Election,Datafolha poll shows Lula and FlÃ¡vio Bolsonaro deadâheat in runoff scenario,53.0,45.0,-8.0,Luiz InÃ¡cio Lula da Silva,2026-03-07 12:00:00+00,https://uk.marketscreener.com/news/flavio-bolsonaro-draws-even-with-lula-in-brazil-election-matchup-datafolha-shows-ce7e5fd9d881f323,uk.marketscreener.com is a content aggregator/syndicator carrying wire copy
syndicator,Reuters via US News,usnews.com,brazil-presidential-election,Brazil Presidential Election,CNT/MDA poll shows Lula narrowly ahead of Flávio Bolsonaro in runoff,40.0,43.0,3.0,Luiz Inácio Lula da Silva,2026-04-14 12:00:00+00,https://www.usnews.com/news/world/articles/2026-04-14/lula-seen-ahead-of-flavio-bolsonaro-in-brazil-election-second-round-cnt-mda-poll-shows,usnews.com is a content aggregator/syndicator carrying wire copy
syndicator,AP,usnews.com,presidential-election-winner-2028,Presidential Election Winner 2028,Pete Buttigieg briefly separated from children after false police report,2.0,2.0,0.0,Pete Buttigieg,2026-06-26 12:00:00+00,https://www.usnews.com/news/politics/articles/2026-06-26/buttigieg-was-briefly-separated-from-his-children-after-police-say-he-was-target-of-false-report,usnews.com is a content aggregator/syndicator carrying wire copy
syndicator,Reuters,usnews.com,republican-presidential-nominee-2028,Republican Presidential Nominee 2028,President Trump endorses Vance-Rubio 2028 presidential ticket as unbeatable,30.0,30.0,0.0,J.D. Vance,2026-06-03 12:00:00+00,https://www.usnews.com/news/politics/articles/2026-06-03/trump-says-vance-and-rubio-teaming-up-for-2028-run-would-be-unbeatable,usnews.com is a content aggregator/syndicator carrying wire copy
syndicator,NPR,ypradio.org,peru-presidential-election-winner,Peru Presidential Election Winner,Peru's electoral board confirms June 7 presidential runoff between Fujimori and Sánchez,32.0,63.0,31.0,,2026-05-15 12:00:00+00,https://www.ypradio.org/npr-news/2026-05-17/perus-electoral-board-confirms-june-7-presidential-runoff,"ypradio.org is an NPR member station, not npr.org"
wrong_outlet,Reuters,939thegame.com,brazil-presidential-election,Brazil Presidential Election,Lula announces government bill to cut working hours without reducing salaries,44.0,46.0,2.0,Luiz Inácio Lula da Silva,2026-04-08 12:00:00+00,https://939thegame.com/2026/04/08/brazil-government-to-propose-bill-cutting-working-hours-this-week-says-lula/,Claimed 'Reuters' but URL goes to 939thegame.com
wrong_outlet,ABC News,abc.net.au,starmer-out-in-2025,Starmer out by...?,Labour Party Conference exposes government turmoil and leadership doubts,37.0,40.0,3.0,June 30,2025-10-01 12:00:00+00,https://www.abc.net.au/news/2025-10-01/will-keir-starmer-latest-uk-prime-minister-to-be-ousted/105837812,"abc.net.au is Australian Broadcasting Corp, not American ABC News"
wrong_outlet,ABC News,abc.net.au,starmer-out-in-2025,Starmer out by...?,Wes Streeting announces leadership challenge against Keir Starmer,64.0,68.0,4.0,June 30,2026-05-17 12:00:00+00,https://www.abc.net.au/news/2026-05-17/wes-streeting-confirms-will-stand-contest-against-keir-starmer/106688750,"abc.net.au is Australian Broadcasting Corp, not American ABC News"
wrong_outlet,ABC News,abc.net.au,starmer-out-in-2025,Starmer out by...?,Wes Streeting confirms he will stand in any Labour leadership contest against Starmer,51.0,59.0,8.0,October 31,2026-05-17 12:00:00+00,https://www.abc.net.au/news/2026-05-17/wes-streeting-confirms-will-stand-contest-against-keir-starmer/106688750,"abc.net.au is Australian Broadcasting Corp, not American ABC News"
wrong_outlet,ABC News,abc.net.au,us-iran-final-nuclear-deal-by-20260621201254412,US-Iran Final Nuclear Deal by…?,Trump again claims Iran will allow U.N. nuclear inspections,0.0,0.0,0.0,June 30,2026-06-26 12:00:00+00,https://www.abc.net.au/news/2026-06-26/donald-trump-iran-jcpoa-deal,"abc.net.au is Australian Broadcasting Corp, not American ABC News"
wrong_outlet,ABC News,abc.net.au,putin-out-before-2027,"Putin out as President of Russia by December 31, 2026?",Putin signals no change in Russia's stance on Ukraine despite sanctions deadline,19.0,21.0,2.0,"December 31, 2026",2025-08-02 12:00:00+00,https://www.abc.net.au/news/2025-08-02/putin-facing-trump-deadline-signals-no-change-in-russia-s-stance/105604462,"abc.net.au is Australian Broadcasting Corp, not American ABC News"
wrong_outlet,ABC News,abc.net.au,will-the-us-confirm-that-aliens-exist-before-2027,Will the US confirm that aliens exist by...?,White House launches alien-themed website focusing on immigration enforcement,9.0,8.0,-1.0,September 30,2026-05-27 12:00:00+00,https://www.abc.net.au/news/2026-05-29/white-house-launches-alien-themed-ice-immigration-arrest-website/106736520,"abc.net.au is Australian Broadcasting Corp, not American ABC News"
wrong_outlet,ABC News,abc.net.au,netanyahu-out-before-2027,Netanyahu out by...?,US senators urge Netanyahu to change course in Gaza war amid starvation fears,53.0,51.0,-2.0,December 31,2025-07-30 12:00:00+00,https://www.abc.net.au/news/2025-07-30/israel-pm-netanyahu-backer-do-not-believe-gaza-claims/105592566,"abc.net.au is Australian Broadcasting Corp, not American ABC News"
wrong_outlet,ABC News,abc.net.au,how-many-fed-rate-cuts-in-2026,How many Fed rate cuts in 2026?,"Iran war drives oil price surge, increasing inflationary pressures",,,0.0,0 (0 bps),2026-03-12 12:00:00+00,https://www.abc.net.au/news/2026-03-16/iran-war-oil-price-interest-rate-inflation/106457068,"abc.net.au is Australian Broadcasting Corp, not American ABC News"
wrong_outlet,CNN,abc17news.com,republican-presidential-nominee-2028,Republican Presidential Nominee 2028,Tulsi Gabbard resigns as Director of National Intelligence citing husband's cancer,2.0,1.0,-1.0,Tulsi Gabbard,2026-05-22 12:00:00+00,https://abc17news.com/politics/2026/05/22/tulsi-gabbard-is-resigning-as-director-of-national-intelligence-2/,Claimed 'CNN' but URL goes to abc17news.com
wrong_outlet,Los Angeles Times,abc7.com,los-angeles-mayoral-election-117,Los Angeles Mayoral Election,Austin Beutner announces candidacy for Los Angeles mayor,,50.0,0.0,Austin Beutner,2025-10-09 12:00:00+00,https://abc7.com/post/former-lausd-superintendent-austin-beutner-launches-campaign-unseat-mayor-karen-bass/17998628/,Claimed 'Los Angeles Times' but URL goes to abc7.com
wrong_outlet,ABC News,abcnews.com,fed-decision-in-june-825,Fed Decision in June?,Treasury secretary warns Trump that DOJ probe is a distraction,57.0,98.0,41.0,No change,2026-01-12 12:00:00+00,https://abcnews.com/Politics/treasury-secretary-bessent-happy-investigation-powell-conveyed-concerns/story?id=129161482,Claimed 'ABC News' but URL goes to abcnews.com
wrong_outlet,ABC News,abcnews.com,presidential-election-winner-2028,Presidential Election Winner 2028,Tucker Carlson makes incendiary election‑integrity claims; Fox pulls his show,50.0,1.0,-49.0,Tucker Carlson,2025-09-18 12:00:00+00,https://www.abcnews.com/tv/tucker-carlson-controversy,Claimed 'ABC News' but URL goes to abcnews.com
wrong_outlet,ABC News,abcnews.com,republican-presidential-nominee-2028,Republican Presidential Nominee 2028,Donald Trump Jr. criticizes JD Vance’s family news as political stunt,35.0,3.0,-32.0,Donald Trump Jr.,2025-08-02 12:00:00+00,https://abcnews.com/Politics/vice-president-vance-people-attack-wife-eat/story?id=128628416,Claimed 'ABC News' but URL goes to abcnews.com
wrong_outlet,ABC News,abcnews.com,republican-presidential-nominee-2028,Republican Presidential Nominee 2028,"Donald Trump defers 2028 talk, backs JD Vance’s family news",15.0,3.0,-12.0,Donald Trump,2025-08-02 12:00:00+00,https://abcnews.com/Politics/donald-trump-comments-on-vance-family/story?id=129423567,Claimed 'ABC News' but URL goes to abcnews.com
wrong_outlet,ABC News,abcnews.com,republican-presidential-nominee-2028,Republican Presidential Nominee 2028,Poll shows overwhelming Republican opposition to taking Greenland by force,4.0,2.0,-2.0,Donald Trump,2026-01-13 12:00:00+00,https://abcnews.com/Politics/us-voters-widely-opposed-taking-greenland-military-force/story?id=129280864,Claimed 'ABC News' but URL goes to abcnews.com
wrong_outlet,ABC News,abcnews.com,us-announces-new-iran-agreementceasefire-extension-by,US announces new Iran agreement/ceasefire extension by...?,Trump to announce Iran peace deal framework shortly,44.0,79.0,35.0,May 24,2026-05-23 12:00:00+00,https://abcnews.com/International/live-updates/iran-live-updates-saudi-arabia-uae-condemn-fresh/?id=133061203,Claimed 'ABC News' but URL goes to abcnews.com
wrong_outlet,ABC News,abcnews.com,us-announces-new-iran-agreementceasefire-extension-by,US announces new Iran agreement/ceasefire extension by...?,Trump announces 60-day ceasefire extension and Strait of Hormuz reopening,10.0,1.0,-9.0,May 25,2026-05-25 12:00:00+00,https://abcnews.com/International/live-updates/iran-live-updates-peace-deal-work-progress-rubio/?id=133278077,Claimed 'ABC News' but URL goes to abcnews.com
wrong_outlet,ABC News,abcnews.com,democratic-presidential-nominee-2028,Democratic Presidential Nominee 2028,"Gavin Newsom speaks at Center for American Progress Ideas Conference, reinforcing national profile",25.0,25.0,0.0,Gavin Newsom,2026-05-19 12:00:00+00,https://abcnews.com/Politics/gavin-newsom-department-justice-investigating-wife/story?id=133899236,Claimed 'ABC News' but URL goes to abcnews.com
wrong_outlet,ABC News,abcnews.com,democratic-presidential-nominee-2028,Democratic Presidential Nominee 2028,Kamala Harris faces donor skepticism and calls for fresh Democratic candidates,9.0,7.0,-2.0,Kamala Harris,2026-06-08 12:00:00+00,https://abcnews.com/Politics/kamala-harris-eyes-2028-comeback-former-allies-fresh/story?id=133522340,Claimed 'ABC News' but URL goes to abcnews.com
wrong_outlet,ABC News,abcnews.com,democratic-presidential-nominee-2028,Democratic Presidential Nominee 2028,Kamala Harris' 2028 Ambitions Face Blow as Former Backers Seek Fresh Faces,8.0,7.0,-1.0,Kamala Harris,2026-06-10 12:00:00+00,https://abcnews.com/Politics/kamala-harris-eyes-2028-comeback-former-allies-fresh/story?id=133522340,Claimed 'ABC News' but URL goes to abcnews.com
wrong_outlet,ABC News,abcnews.com,presidential-election-winner-2028,Presidential Election Winner 2028,Turning Point USA endorses JD Vance for 2028 presidency,19.0,32.0,13.0,JD Vance,2025-08-21 12:00:00+00,https://abcnews.com/Politics/turning-point-set-boost-jd-vance-president-key/story?id=128634073,Claimed 'ABC News' but URL goes to abcnews.com
wrong_outlet,ABC News,abcnews.com,presidential-election-winner-2028,Presidential Election Winner 2028,Republican donors plot to boost Marco Rubio for 2028 presidential run,7.0,10.0,3.0,Marco Rubio,2026-03-16 12:00:00+00,https://abcnews.com/Politics/gop-donors-plot-shadow-draft-rubio-2028-effort/story?id=131013014,Claimed 'ABC News' but URL goes to abcnews.com
wrong_outlet,ABC News,abcnews.com,presidential-election-winner-2028,Presidential Election Winner 2028,Kamala Harris considers 2028 presidential bid amid mixed support,3.0,5.0,2.0,Kamala Harris,2026-05-21 12:00:00+00,https://abcnews.com/Politics/kamala-harris-eyes-2028-comeback-former-allies-fresh/story?id=133522340,Claimed 'ABC News' but URL goes to abcnews.com
wrong_outlet,ABC News,abcnews.com,republican-presidential-nominee-2028,Republican Presidential Nominee 2028,Turning Point USA endorses JD Vance for 2028 presidential run,39.0,55.0,16.0,J.D. Vance,2025-12-21 12:00:00+00,https://abcnews.com/Politics/turning-point-set-boost-jd-vance-president-key/story?id=128634073,Claimed 'ABC News' but URL goes to abcnews.com
wrong_outlet,ABC News,abcnews.com,will-any-country-leave-nato-in-2025,Will any country leave NATO by...?,President Trump announces 10% tariffs on eight NATO allies over Greenland dispute,6.0,5.0,-1.0,"June 30, 2026",2025-12-06 12:00:00+00,https://abcnews.com/Politics/trump-announces-tariffs-nato-allies-opposing-us-control/story?id=129310383,Claimed 'ABC News' but URL goes to abcnews.com
wrong_outlet,ABC News,abcnews.com,will-any-country-leave-nato-in-2025,Will any country leave NATO by...?,Trump backs off Greenland tariff threat after NATO framework deal,2.0,4.0,2.0,"June 30, 2026",2026-01-04 12:00:00+00,https://abcnews.com/Business/dow-closes-580-points-after-trump-backs-off/story?id=129421850,Claimed 'ABC News' but URL goes to abcnews.com
wrong_outlet,AP News,abcnews.go.com,nobel-peace-prize-winner-2026-139,Nobel Peace Prize Winner 2026,"Venezuelan opposition leader María Corina Machado meets Trump, presents Nobel medal",7.0,10.0,3.0,Donald Trump,2026-05-07 12:00:00+00,https://abcnews.go.com/US/trump-meet-venezuelan-opposition-leader-mara-corina-machado/story?id=129234741,Claimed 'AP News' but URL goes to abcnews.go.com
wrong_outlet,AP News,abcnews.go.com,netanyahu-out-before-2027,Netanyahu out by...?,Netanyahu joins Trump-led Board of Peace overseeing Gaza ceasefire,3.0,1.0,-2.0,May 31,2026-05-01 12:00:00+00,https://abcnews.go.com/International/live-updates/israel-gaza-live-updates-idf-claims-killing-2/?id=128903869,Claimed 'AP News' but URL goes to abcnews.go.com
wrong_outlet,AP News,abcnews.go.com,will-russia-capture-kostyantynivka-by,Will Russia capture Kostyantynivka by...?,Russia launches large-scale drone and missile attack on Ukraine amid peace talks,95.0,91.0,-4.0,"December 31, 2026",2026-01-09 12:00:00+00,https://abcnews.go.com/International/russia-hits-ukraine-energy-targets-hundreds-drones-missiles/story?id=129805309,Claimed 'AP News' but URL goes to abcnews.go.com
wrong_outlet,AP News,abcnews.go.com,will-russia-capture-kostyantynivka-by,Will Russia capture Kostyantynivka by...?,Russian strikes on Ukraineâs energy grid continue amid peace talks,32.0,34.0,2.0,"June 30, 2026",2026-05-10 12:00:00+00,https://abcnews.go.com/International/russia-hits-ukraine-energy-targets-hundreds-drones-missiles/story?id=129805309,Claimed 'AP News' but URL goes to abcnews.go.com
wrong_outlet,Adapt Institute,adaptinstitute.org,will-russia-capture-kostyantynivka-by,Will Russia capture Kostyantynivka by...?,"Ukraine regains 400â¯sqâ¯mi in February, first net gain since 2024",51.0,5.0,-46.0,"May 31, 2026",2026-02-15 12:00:00+00,https://www.adaptinstitute.org/the-ukrainian-counteroffensive-is-proving-successful-does-this-indicate-a-new-dynamic-on-the-front/19/03/2026/,Claimed 'Adapt Institute' but URL goes to adaptinstitute.org
wrong_outlet,Adapt Institute,adaptinstitute.org,will-russia-capture-kostyantynivka-by,Will Russia capture Kostyantynivka by...?,Ukrainian counteroffensive liberates territory near Kostyantynivka,89.0,87.0,-2.0,"December 31, 2026",2026-02-19 12:00:00+00,https://www.adaptinstitute.org/the-ukrainian-counteroffensive-is-proving-successful-does-this-indicate-a-new-dynamic-on-the-front/19/03/2026/,Claimed 'Adapt Institute' but URL goes to adaptinstitute.org
wrong_outlet,agenciapi.co,agenciapi.co,colombia-presidential-election,Colombia Presidential Election,Abelardo de la Espriella announces lawsuit against Netflix,37.0,38.0,1.0,Abelardo de la Espriella,2026-02-27 12:00:00+00,https://www.agenciapi.co/video/entretenimiento/abelardo-de-la-espriella-anuncia-demanda-contra-netflix,Claimed 'agenciapi.co' but URL goes to agenciapi.co
wrong_outlet,Reuters,al-monitor.com,israeli-parliament-dissolved-by-october-31,Israeli parliament dissolved by...?,"Israeli parliament confirms election date for October 27, 2026",89.0,97.0,8.0,July 31,2026-07-12 12:00:00+00,https://www.al-monitor.com/originals/2026/07/israels-election-will-be-held-october-27-coalition-head-says,Claimed 'Reuters' but URL goes to al-monitor.com
wrong_outlet,Alâ¯Jazeera (via Reuters),aljazeera.com,iran-agrees-to-surrender-enriched-uranium-stockpile-by,Iran agrees to surrender enriched uranium stockpile by...?,Supreme Leader Khamenei orders Iranâs enriched uranium not to leave the country,63.0,58.0,-5.0,December 31,2026-05-22 12:00:00+00,https://www.aljazeera.com/news/2026/5/22/irans-enriched-uranium-stockpile-can-it-be-safely-transferred,Claimed 'Alâ¯Jazeera (via Reuters)' but URL goes to aljazeera.com
wrong_outlet,ap.org,ap.org,ohio-governor-republican-primary-winner,Ohio Governor Republican Primary Winner,"Casey Putsch announces gubernatorial campaign emphasizing anti-establishment, working-class message but faces overwhelming financial disadvantage against billionaire Vivek",50.0,23.0,-27.0,Casey Putsch,2025-12-24 12:00:00+00,https://www.ap.org/news-highlights/elections/2026/ohio-gop-primary-for-governor-shows-potential-headwinds-for-ramaswamy-as-he-looks-to-fall-campaign/,Claimed 'ap.org' but URL goes to ap.org
wrong_outlet,ap.org,ap.org,ohio-governor-republican-primary-winner,Ohio Governor Republican Primary Winner,Ramaswamy announces withdrawal from Instagram and X due to online attacks;,16.0,13.0,-3.0,Casey Putsch,2026-01-20 12:00:00+00,https://www.ap.org/news-highlights/elections/2026/ohio-gop-primary-for-governor-shows-potential-headwinds-for-ramaswamy-as-he-looks-to-fall-campaign/,Claimed 'ap.org' but URL goes to ap.org
wrong_outlet,ap.org,ap.org,ohio-governor-republican-primary-winner,Ohio Governor Republican Primary Winner,Putsch’s provocative YouTube videos and public criticism of GOP establishment and Ramaswamy’s heritage gain some conservative attention but fail to translate into significant,7.0,10.0,3.0,Casey Putsch,2026-02-10 12:00:00+00,https://www.ap.org/news-highlights/elections/2026/ohio-gop-primary-for-governor-shows-potential-headwinds-for-ramaswamy-as-he-looks-to-fall-campaign/,Claimed 'ap.org' but URL goes to ap.org
wrong_outlet,ap.org,ap.org,ohio-governor-republican-primary-winner,Ohio Governor Republican Primary Winner,"Putsch posts a widely condemned video firing a rifle while using racist slurs against Ramaswamy, drawing accusations of threats and xenophobia, further damaging his campaign",2.0,1.0,-1.0,Casey Putsch,2026-04-17 12:00:00+00,https://www.ap.org/news-highlights/elections/2026/ohio-gop-primary-for-governor-shows-potential-headwinds-for-ramaswamy-as-he-looks-to-fall-campaign/,Claimed 'ap.org' but URL goes to ap.org
wrong_outlet,Associated Press,ap.org,presidential-election-winner-2028,Presidential Election Winner 2028,California Governor Gavin Newsom participates in global climate conference in Brazil,10.0,,0.0,Gavin Newsom,2025-11-21 12:00:00+00,https://www.ap.org/news-highlights/best-of-the-week/honorable-mention/2025/ap-lands-exclusive-interview-with-california-gov-gavin-newsom-in-brazil-culmination-of-years-long-effort/,Claimed 'Associated Press' but URL goes to ap.org
wrong_outlet,Associated Press,ap.org,which-party-will-win-the-house-in-2026,Which party will win the House in 2026?,Texas passes redistricting bill adding Republicanâfavored seats,86.0,74.0,-12.0,Republican Party,2026-02-24 12:00:00+00,https://www.ap.org/news-highlights/elections/2026/redistricting-is-rampant-ahead-of-the-us-house-midterm-elections-what-states-are-taking-action/,Claimed 'Associated Press' but URL goes to ap.org
wrong_outlet,The Guardian,apnews.com,starmer-out-in-2025,Starmer out by...?,Guardian reveals Mandelson failed security vetting for US ambassador post,57.0,27.0,-30.0,,2025-09-15 12:00:00+00,https://apnews.com/article/mandelson-epstein-starmer-security-resignation-6eb6ed59845c9ebac87607a7f6b09829,Claimed 'The Guardian' but URL goes to apnews.com
wrong_outlet,The Guardian,apnews.com,starmer-out-in-2025,Starmer out by...?,Mandelson fails security vetting as Starmer leadership crisis deepens,28.0,35.0,7.0,December 31,2025-11-11 12:00:00+00,https://apnews.com/article/mandelson-epstein-starmer-security-resignation-6eb6ed59845c9ebac87607a7f6b09829,Claimed 'The Guardian' but URL goes to apnews.com
wrong_outlet,ABC News,apnews.com,will-russia-capture-kostyantynivka-by,Will Russia capture Kostyantynivka by...?,Ukraine air force reports Russian drone and missile attacks across 29 locations,56.0,56.0,0.0,"September 30, 2026",2026-05-19 12:00:00+00,https://apnews.com/article/russia-ukraine-war-peace-talks-zelenskyy-abu-dhabi-cfc323e160c058891604be05ca8c56f9,Claimed 'ABC News' but URL goes to apnews.com
wrong_outlet,USA Today,atlantatribune.com,democratic-presidential-nominee-2028,Democratic Presidential Nominee 2028,Kamala Harris campaigns to flip Tennessee congressional seat,4.0,5.0,1.0,Kamala Harris,2025-11-18 12:00:00+00,https://atlantatribune.com/2025/11/25/kamala-harris-hits-campaign-trail-to-flip-tennessee-congressional-seat/,Claimed 'USA Today' but URL goes to atlantatribune.com
wrong_outlet,Axios,breitbart.com,republican-presidential-nominee-2028,Republican Presidential Nominee 2028,Ron DeSantis staffer fired for pro-DeSantis video featuring Nazi symbol,50.0,4.0,-46.0,Ron DeSantis,2025-07-25 12:00:00+00,https://www.breitbart.com/2024-election/2023/07/26/desantis-staffer-who-reportedly-made-ad-featuring-nazi-symbol-fired-from-campaign/,Claimed 'Axios' but URL goes to breitbart.com
wrong_outlet,Capital.com,capital.com,largest-company-end-of-december-2026,Largest Company end of December 2026?,NVIDIA reports strong AI-driven revenue growth in Q3 fiscal 2026,50.0,61.0,11.0,NVIDIA,2025-11-15 12:00:00+00,https://capital.com/en-int/analysis/nvidia-nvda-stock-forecast,Claimed 'Capital.com' but URL goes to capital.com
wrong_outlet,Bloomberg,capitalbrief.com,largest-company-end-of-december-2026,Largest Company end of December 2026?,SpaceX lowers IPO valuation target to $1.8 trillion as debut nears,5.0,5.0,0.0,SpaceX,2026-05-29 12:00:00+00,https://www.capitalbrief.com/briefing/spacex-lowers-ipo-valuation-target-as-debut-nears-8a7376be-8211-4975-bf54-743bb11bfaf1/,Claimed 'Bloomberg' but URL goes to capitalbrief.com
wrong_outlet,Capitalism Institute,capitalisminstitute.org,democratic-presidential-nominee-2028,Democratic Presidential Nominee 2028,Alexandria Ocasio-Cortez adopts media avoidance amid 2028 speculation,16.0,12.0,-4.0,Alexandria Ocasio-Cortez,2026-04-26 12:00:00+00,https://capitalisminstitute.org/aoc-adopts-a-careful-media-strategy-as-2028-presidential-speculation-intensifies/,Claimed 'Capitalism Institute' but URL goes to capitalisminstitute.org
wrong_outlet,Capital XTRA,capitalxtra.com,what-will-happen-before-gta-vi,What will happen before GTA VI?,Rihanna announces pregnancy and ongoing work on new album 'R9',58.0,75.0,17.0,New Rihanna Album,2025-05-02 12:00:00+00,https://www.capitalxtra.com/news/rihanna-new-album-r9/,Claimed 'Capital XTRA' but URL goes to capitalxtra.com
wrong_outlet,Capital XTRA,capitalxtra.com,what-will-happen-before-gta-vi,What will happen before GTA VI?,Rihanna announces pregnancy and promises new album will not be delayed,58.0,76.0,18.0,New Rihanna Album,2025-05-20 12:00:00+00,https://www.capitalxtra.com/news/rihanna-new-album-r9/,Claimed 'Capital XTRA' but URL goes to capitalxtra.com
wrong_outlet,Reuters,clubofmozambique.com,brazil-presidential-election,Brazil Presidential Election,Datafolha poll shows Lula and FlÃ¡vio Bolsonaro statistically tied in runoff,25.0,28.0,3.0,FlÃ¡vio Bolsonaro,2026-03-11 12:00:00+00,https://clubofmozambique.com/news/lula-and-flavio-bolsonaro-even-in-brazil-election-second-round-datafolha-poll-shows/,Claimed 'Reuters' but URL goes to clubofmozambique.com
wrong_outlet,Reuters,clubofmozambique.com,brazil-presidential-election,Brazil Presidential Election,Datafolha poll shows FlÃ¡vio Bolsonaro slightly ahead of Lula in runoff,16.0,25.0,9.0,FlÃ¡vio Bolsonaro,2026-03-23 12:00:00+00,https://clubofmozambique.com/news/lula-and-flavio-bolsonaro-even-in-brazil-election-second-round-datafolha-poll-shows/,Claimed 'Reuters' but URL goes to clubofmozambique.com
wrong_outlet,BBC,cnn.com,starmer-out-in-2025,Starmer out by...?,"Three junior ministers resign, intensifying rebellion",55.0,53.0,-2.0,December 31,2025-11-20 12:00:00+00,https://www.cnn.com/2026/05/12/world/live-news/uk-keir-starmer-labour,Claimed 'BBC' but URL goes to cnn.com
wrong_outlet,CNN Brasil,cnnbrasil.com.br,brazil-presidential-election,Brazil Presidential Election,Finance Minister Fernando Haddad rules out 2026 presidential run,5.0,2.0,-3.0,Fernando Haddad,2026-04-24 12:00:00+00,https://www.cnnbrasil.com.br/eleicoes/haddad-descarta-ser-candidato-em-2026-quer-discutir-projeto-de-pais/,Claimed 'CNN Brasil' but URL goes to cnnbrasil.com.br
wrong_outlet,CNN Brasil,cnnbrasil.com.br,brazil-presidential-election,Brazil Presidential Election,Michelle Bolsonaro signals possible Senate run amid internal party disputes,4.0,1.0,-3.0,Michelle Bolsonaro,2026-07-07 12:00:00+00,https://www.cnnbrasil.com.br/politica/michelle-nega-querer-ser-presidente-quero-ser-primeira-dama/,Claimed 'CNN Brasil' but URL goes to cnnbrasil.com.br
wrong_outlet,Coingape,coingape.com,how-many-fed-rate-cuts-in-2026,How many Fed rate cuts in 2026?,Federal Reserve announces second 25 bps rate cut of 2025,36.0,25.0,-11.0,2 (50 bps),2025-10-29 12:00:00+00,https://coingape.com/fomc-meeting-federal-reserve-lowers-interest-rates-by-25-bps-in-second-cut-of-the-year/,Claimed 'Coingape' but URL goes to coingape.com
wrong_outlet,CoinGape,coingape.com,how-many-fed-rate-cuts-in-2026,How many Fed rate cuts in 2026?,Markets await Federal Reserve decision amid high inflation and cooling job market,14.0,10.0,-4.0,1 (25 bps),2026-01-27 12:00:00+00,https://coingape.com/fomc-meeting-tomorrow-will-federal-reserve-lower-interest-rates/,Claimed 'CoinGape' but URL goes to coingape.com
wrong_outlet,CoinGape,coingape.com,how-many-fed-rate-cuts-in-2026,How many Fed rate cuts in 2026?,"FOMC holds rates steady, Powell press conference influences market expectations",9.0,18.0,9.0,1 (25 bps),2026-03-18 12:00:00+00,https://coingape.com/fomc-minutes-signal-fed-largely-divided-over-rate-cuts-bitcoin-falls/,Claimed 'CoinGape' but URL goes to coingape.com
wrong_outlet,Cointelegraph,cointelegraph.com,what-will-happen-before-gta-vi,What will happen before GTA VI?,Ericâ¯Trump says Bitcoin will reach $1â¯million in the coming years,13.0,49.0,36.0,Bitcoin hits $1m,2025-11-16 12:00:00+00,https://cointelegraph.com/news/no-question-bitcoin-1m-eric-trump-btc-asia-2025,Claimed 'Cointelegraph' but URL goes to cointelegraph.com
wrong_outlet,Cointelegraph,cointelegraph.com,what-will-happen-before-gta-vi,What will happen before GTA VI?,Eric Trump predicts Bitcoin will hit $1â¯million,19.0,49.0,30.0,Bitcoin hits $1m,2025-11-22 12:00:00+00,https://cointelegraph.com/news/no-question-bitcoin-1m-eric-trump-btc-asia-2025,Claimed 'Cointelegraph' but URL goes to cointelegraph.com
wrong_outlet,Collapse News,collapse.news,iran-agrees-to-surrender-enriched-uranium-stockpile-by,Iran agrees to surrender enriched uranium stockpile by...?,Iran nuclear negotiating team shake-up signals hardliner takeover,44.0,38.0,-6.0,December 31,2026-04-27 12:00:00+00,https://www.collapse.news/2026-04-27-iran-nuclear-hardliner-talks.html,Claimed 'Collapse News' but URL goes to collapse.news
wrong_outlet,CompaniesMarketCap,companiesmarketcap.com,largest-company-end-of-december-2026,Largest Company end of December 2026?,"NVIDIA market cap reaches $5.296 trillion, world's largest company",67.0,69.0,2.0,NVIDIA,2026-06-05 12:00:00+00,https://companiesmarketcap.com/nvidia/marketcap/,Claimed 'CompaniesMarketCap' but URL goes to companiesmarketcap.com
wrong_outlet,CompaniesMarketCap,companiesmarketcap.com,largest-company-end-of-december-2026,Largest Company end of December 2026?,Nvidia maintains position as world's most valuable company with $4.967 trillion market cap,,68.0,0.0,NVIDIA,2026-06-06 12:00:00+00,https://companiesmarketcap.com/nvidia/marketcap/,Claimed 'CompaniesMarketCap' but URL goes to companiesmarketcap.com
wrong_outlet,CompaniesMarketCap,companiesmarketcap.com,largest-company-end-of-december-2026,Largest Company end of December 2026?,"NVIDIA market cap surpasses $5 trillion, becoming world's most valuable company",63.0,67.0,4.0,NVIDIA,2026-06-09 12:00:00+00,https://companiesmarketcap.com/nvidia/marketcap/,Claimed 'CompaniesMarketCap' but URL goes to companiesmarketcap.com
wrong_outlet,CompaniesMarketCap,companiesmarketcap.com,largest-company-end-of-december-2026,Largest Company end of December 2026?,"NVIDIA market cap reaches $4.956 trillion, world's largest company",70.0,71.0,1.0,NVIDIA,2026-06-15 12:00:00+00,https://companiesmarketcap.com/nvidia/marketcap/,Claimed 'CompaniesMarketCap' but URL goes to companiesmarketcap.com
wrong_outlet,CompaniesMarketCap,companiesmarketcap.com,largest-company-end-of-december-2026,Largest Company end of December 2026?,"NVIDIA market cap exceeds $5 trillion, reaffirming position as largest company",68.0,70.0,2.0,NVIDIA,2026-06-17 12:00:00+00,https://companiesmarketcap.com/nvidia/marketcap/,Claimed 'CompaniesMarketCap' but URL goes to companiesmarketcap.com
wrong_outlet,Bloomberg,cryptobriefing.com,kharg-island-no-longer-under-iranian-control-by-march-31,Kharg Island no longer under Iranian control by...?,US naval blockade halts tanker loadings at Kharg Island,9.0,4.0,-5.0,June 30,2026-05-08 12:00:00+00,https://cryptobriefing.com/kharg-island-empty-us-blockade/,Claimed 'Bloomberg' but URL goes to cryptobriefing.com
wrong_outlet,Climate Shift Index: Ocean,csi.climatecentral.org,where-will-2026-rank-among-the-hottest-years-on-record,Where will 2026 rank among the hottest years on record?,Climate Shift Index highlights significant ocean warming in mid-2026,53.0,60.0,7.0,2,2026-06-29 12:00:00+00,https://csi.climatecentral.org/ocean,Claimed 'Climate Shift Index: Ocean' but URL goes to csi.climatecentral.org
wrong_outlet,Axios,defirate.com,republican-presidential-nominee-2028,Republican Presidential Nominee 2028,Marco Rubio surges in 2028 GOP nomination prediction markets after Trump comments,12.0,26.0,14.0,Marco Rubio,2026-06-05 12:00:00+00,https://defirate.com/news/rubio-closes-on-vance-2028-gop-nomination-race-tightens/,Claimed 'Axios' but URL goes to defirate.com
wrong_outlet,Associated Press,desertsun.com,california-governor-election-2026,California Governor Election Winner,Donald Trump endorses Republican Steve Hilton for California governor,6.0,14.0,8.0,Steve Hilton,2026-04-06 12:00:00+00,https://www.desertsun.com/story/news/california/2026/04/06/trump-endorses-republican-steve-hilton-for-california-governor/89486695007/,Claimed 'Associated Press' but URL goes to desertsun.com
wrong_outlet,APA News,en.apa.az,iran-agrees-to-surrender-enriched-uranium-stockpile-by,Iran agrees to surrender enriched uranium stockpile by...?,US Defense Secretary warns Iran to surrender uranium or face seizure,42.0,24.0,-18.0,June 30,2026-04-08 12:00:00+00,https://en.apa.az/tag/enriched%20uranium,Claimed 'APA News' but URL goes to en.apa.az
wrong_outlet,APA News,en.apa.az,iran-agrees-to-surrender-enriched-uranium-stockpile-by,Iran agrees to surrender enriched uranium stockpile by...?,"Iran denies agreeing to send enriched uranium abroad, calls it 'sacred'",75.0,39.0,-36.0,December 31,2026-04-18 12:00:00+00,https://en.apa.az/tag/enriched%20uranium,Claimed 'APA News' but URL goes to en.apa.az
wrong_outlet,APA,en.apa.az,us-announces-blockade-on-iran-byptptpt-20260622191049039,US announces blockade on Iran by...?,Trump Announces Iran Agrees to Permanent Nuclear Inspections,24.0,31.0,7.0,December 31,2026-06-23 12:00:00+00,https://en.apa.az/tag/naval%20blockade,"en.apa.az is Azerbaijan Press Agency, not Associated Press"
wrong_outlet,APA,en.apa.az,iran-agrees-to-surrender-enriched-uranium-stockpile-by,Iran agrees to surrender enriched uranium stockpile by...?,Iran denies agreeing to send enriched uranium abroad,47.0,25.0,-22.0,,2026-04-10 12:00:00+00,https://en.apa.az/tag/enriched%20uranium,"en.apa.az is Azerbaijan Press Agency, not Associated Press"
wrong_outlet,Politico,en.hespress.com,presidential-election-winner-2028,Presidential Election Winner 2028,Rubio says offensive stage of Iran war is 'over',5.0,9.0,4.0,Marco Rubio,2025-10-14 12:00:00+00,https://en.hespress.com/tag/marco-rubio,Claimed 'Politico' but URL goes to en.hespress.com
wrong_outlet,Associated Press,english.aawsat.com,iran-agrees-to-surrender-enriched-uranium-stockpile-by,Iran agrees to surrender enriched uranium stockpile by...?,IAEA reports inability to verify Iran's uranium enrichment suspension,10.0,1.0,-9.0,June 30,2026-06-10 12:00:00+00,https://english.aawsat.com/world/5245513-iaea-says-unable-verify-whether-iran-has-suspended-all-uranium-enrichment,Claimed 'Associated Press' but URL goes to english.aawsat.com
wrong_outlet,USA Today,eu.app.com,which-party-will-win-the-house-in-2026,Which party will win the House in 2026?,May primaries and runoffs signal competitive 2026 midterm House races,81.0,81.0,0.0,,2026-05-01 12:00:00+00,https://eu.app.com/story/news/politics/elections/2026/05/01/midterm-elections-may-2026/89747635007/,Claimed 'USA Today' but URL goes to eu.app.com
wrong_outlet,USA TODAY,eu.augustachronicle.com,democratic-presidential-nominee-2028,Democratic Presidential Nominee 2028,Alexandria Ocasio-Cortez Leads 2028 Democratic Presidential Primary Poll,8.0,10.0,2.0,Alexandria Ocasio-Cortez,2026-05-12 12:00:00+00,https://eu.augustachronicle.com/story/news/politics/2026/05/12/aoc-rubio-lead-2028-presidential-primary-poll/90048662007/,Claimed 'USA TODAY' but URL goes to eu.augustachronicle.com
wrong_outlet,USA Today,eu.eveningtribune.com,presidential-election-winner-2028,Presidential Election Winner 2028,AOC and Marco Rubio Lead New 2028 Presidential Primary Poll,14.0,14.0,0.0,Marco Rubio,2026-05-12 12:00:00+00,https://eu.eveningtribune.com/story/news/politics/2026/05/12/aoc-rubio-lead-2028-presidential-primary-poll/90048662007/,Claimed 'USA Today' but URL goes to eu.eveningtribune.com
wrong_outlet,USA Today,eu.geneseorepublic.com,california-governor-election-2026,California Governor Election Winner,San Francisco's former mayor Willie Brown endorses Tom Steyer for governor,20.0,28.0,8.0,Tom Steyer,2026-05-05 12:00:00+00,https://eu.geneseorepublic.com/story/news/california/2026/05/05/san-franciscos-former-mayor-willie-brown-endorses-tom-steyer-for-california/89952051007/,Claimed 'USA Today' but URL goes to eu.geneseorepublic.com
wrong_outlet,USA Today,eu.heraldmailmedia.com,democratic-presidential-nominee-2028,Democratic Presidential Nominee 2028,Kamala Harris endorses Karen Bass in Los Angeles mayoral race,8.0,10.0,2.0,Kamala Harris,2026-05-04 12:00:00+00,https://eu.heraldmailmedia.com/story/news/california/2026/05/04/kamala-harris-endorses-karen-bass-in-la-mayor-race/89928768007/,Claimed 'USA Today' but URL goes to eu.heraldmailmedia.com
wrong_outlet,USA Today,eu.ithacajournal.com,democratic-presidential-nominee-2028,Democratic Presidential Nominee 2028,Jon Ossoff publicly denies 2028 presidential run amid rising speculation,7.0,12.0,5.0,Jon Ossoff,2026-06-30 12:00:00+00,https://eu.ithacajournal.com/story/news/politics/elections/2026/06/30/will-jon-ossoff-run-for-president-in-2028-why-he-says-its-a-strong-no/90735750007/,Claimed 'USA Today' but URL goes to eu.ithacajournal.com
wrong_outlet,eu.mansfieldnewsjournal.com,eu.mansfieldnewsjournal.com,ohio-governor-republican-primary-winner,Ohio Governor Republican Primary Winner,"Casey Putsch announces gubernatorial campaign emphasizing anti-establishment, working-class message but faces overwhelming financial disadvantage against billionaire Vivek",50.0,23.0,-27.0,Casey Putsch,2025-12-24 12:00:00+00,https://eu.mansfieldnewsjournal.com/story/news/2026/04/14/republican-gubernatorial-hopeful-casey-putsch-coming-to-ontario/89576556007/,Claimed 'eu.mansfieldnewsjournal.com' but URL goes to eu.mansfieldnewsjournal.com
wrong_outlet,eu.mansfieldnewsjournal.com,eu.mansfieldnewsjournal.com,ohio-governor-republican-primary-winner,Ohio Governor Republican Primary Winner,Ramaswamy announces withdrawal from Instagram and X due to online attacks;,16.0,13.0,-3.0,Casey Putsch,2026-01-20 12:00:00+00,https://eu.mansfieldnewsjournal.com/story/news/2026/04/14/republican-gubernatorial-hopeful-casey-putsch-coming-to-ontario/89576556007/,Claimed 'eu.mansfieldnewsjournal.com' but URL goes to eu.mansfieldnewsjournal.com
wrong_outlet,eu.mansfieldnewsjournal.com,eu.mansfieldnewsjournal.com,ohio-governor-republican-primary-winner,Ohio Governor Republican Primary Winner,Putsch’s provocative YouTube videos and public criticism of GOP establishment and Ramaswamy’s heritage gain some conservative attention but fail to translate into significant,7.0,10.0,3.0,Casey Putsch,2026-02-10 12:00:00+00,https://eu.mansfieldnewsjournal.com/story/news/2026/04/14/republican-gubernatorial-hopeful-casey-putsch-coming-to-ontario/89576556007/,Claimed 'eu.mansfieldnewsjournal.com' but URL goes to eu.mansfieldnewsjournal.com
wrong_outlet,eu.mansfieldnewsjournal.com,eu.mansfieldnewsjournal.com,ohio-governor-republican-primary-winner,Ohio Governor Republican Primary Winner,"Putsch posts a widely condemned video firing a rifle while using racist slurs against Ramaswamy, drawing accusations of threats and xenophobia, further damaging his campaign",2.0,1.0,-1.0,Casey Putsch,2026-04-17 12:00:00+00,https://eu.mansfieldnewsjournal.com/story/news/2026/04/14/republican-gubernatorial-hopeful-casey-putsch-coming-to-ontario/89576556007/,Claimed 'eu.mansfieldnewsjournal.com' but URL goes to eu.mansfieldnewsjournal.com
wrong_outlet,USA Today,eu.vvdailypress.com,los-angeles-mayoral-election-117,Los Angeles Mayoral Election,Mayoral forum canceled after Bass and Raman withdraw,,,0.0,,2026-05-11 12:00:00+00,https://eu.vvdailypress.com/story/news/california/2026/05/12/los-angeles-mayor-forum-canceled-weeks-before-election/90043447007/,Claimed 'USA Today' but URL goes to eu.vvdailypress.com
wrong_outlet,euromaidanpress.com,euromaidanpress.com,will-russia-capture-kostyantynivka-by,Will Russia capture Kostyantynivka by...?,"Russians briefly seize Kostyantynivka after dam explosion, then retreat",57.0,68.0,11.0,"September 30, 2026",2026-03-06 12:00:00+00,https://euromaidanpress.com/2026/03/06/kostyantynivka-holds/,Claimed 'euromaidanpress.com' but URL goes to euromaidanpress.com
wrong_outlet,Final Weapon,finalweapon.net,highest-grossing-movie-in-2026,Highest grossing movie in 2026?,"The Super Mario Galaxy Movie Official Trailer Released, Rosalina and Bowser Jr. Castings Revealed",50.0,23.0,-27.0,The Super Mario Galaxy Movie,2025-11-12 12:00:00+00,https://finalweapon.net/2025/11/12/the-super-mario-galaxy-movie-official-trailer-released-rosalina-and-bowser-jr-castings-revealed/,Claimed 'Final Weapon' but URL goes to finalweapon.net
wrong_outlet,EUROPAPRESS,fotos.europapress.es,colombia-presidential-election,Colombia Presidential Election,Vicky Dávila Attends Funeral Chamber for Assassinated Senator Miguel Uribe Turbay,50.0,28.0,-22.0,Vicky Dávila (IND),2025-08-11 12:00:00+00,https://fotos.europapress.es/fotonoticia/f7264307,Claimed 'EUROPAPRESS' but URL goes to fotos.europapress.es
wrong_outlet,Europapress,fotos.europapress.es,colombia-presidential-election,Colombia Presidential Election,Assassination of conservative candidate Miguel Uribe Turbay shocks Colombian opposition,50.0,50.0,0.0,Abelardo de la Espriella,2025-08-11 12:00:00+00,https://fotos.europapress.es/fotonoticia/f7264307,Claimed 'Europapress' but URL goes to fotos.europapress.es
wrong_outlet,Europapress,fotos.europapress.es,colombia-presidential-election,Colombia Presidential Election,Assassination of presidential candidate Miguel Uribe Turbay,,,0.0,David Luna Sánchez (IND),2025-08-11 12:00:00+00,https://fotos.europapress.es/fotonoticia/f7264307,Claimed 'Europapress' but URL goes to fotos.europapress.es
wrong_outlet,GeorgiaPress.com,georgiapress.com,democratic-presidential-nominee-2028,Democratic Presidential Nominee 2028,Georgia Democrats push for 2028 convention amid Ossoff's presidential run downplay,50.0,4.0,-46.0,Jon Ossoff,2025-07-24 12:00:00+00,https://www.georgiapress.com/news/elections/georgia-dems-push-for-28-convention-ossoff-downplays-presidential-buzz/article_f62e092b-5b93-4770-9784-7eba272f6f6c.html,Claimed 'GeorgiaPress.com' but URL goes to georgiapress.com
wrong_outlet,Reuters,goldsea.com,which-party-will-win-the-house-in-2026,Which party will win the House in 2026?,Democratic leader Hakeem Jeffries vows to win House majority and counter GOP redistricting,80.0,83.0,3.0,Democratic Party,2026-05-11 12:00:00+00,https://goldsea.com/article_details/jeffries-vows-dems-will-win-house-majority-in-2026-and-bury-republicans-in-2028-redistricting,Claimed 'Reuters' but URL goes to goldsea.com
wrong_outlet,The Guardian,gov.ca.gov,presidential-election-winner-2028,Presidential Election Winner 2028,Gov. Newsom declares May 2026 Mental Health Awareness Month,16.0,16.0,0.0,Gavin Newsom,2025-11-15 12:00:00+00,https://www.gov.ca.gov/2025/12/29/heres-everything-so-far-governor-newsom-got-done-in-the-year-that-would-not-end/,Claimed 'The Guardian' but URL goes to gov.ca.gov
wrong_outlet,Howland Capital,howlandcapital.com,how-many-fed-rate-cuts-in-2026,How many Fed rate cuts in 2026?,"Fed ends 2025 with three rate cuts, markets price two more in 2026",36.0,28.0,-8.0,2 (50 bps),2025-12-31 12:00:00+00,https://howlandcapital.com/insights/federal-reserve-rate-cuts-2026-what-bull-steepening-means-for-bond-investors/,Claimed 'Howland Capital' but URL goes to howlandcapital.com
wrong_outlet,IntaCapitalSwiss SA,intacapitalswiss.com,how-many-fed-rate-cuts-in-2026,How many Fed rate cuts in 2026?,Federal Reserve cuts interest rates by 25 basis points in October 2025,26.0,14.0,-12.0,1 (25 bps),2025-10-28 12:00:00+00,https://intacapitalswiss.com/the-federal-reserve-cuts-key-benchmark-interest-rates/,Claimed 'IntaCapitalSwiss SA' but URL goes to intacapitalswiss.com
wrong_outlet,Intraprise Solutions,intraprise.com,how-many-fed-rate-cuts-in-2026,How many Fed rate cuts in 2026?,"Federal Reserve cuts rates by 25 bps in December 2025, final cut of the year",7.0,11.0,4.0,1 (25 bps),2025-12-03 12:00:00+00,https://intraprise.com/knowledge-exchange/isi_level1_1765393620000.1827/,Claimed 'Intraprise Solutions' but URL goes to intraprise.com
wrong_outlet,Intraprise Solutions,intraprise.com,how-many-fed-rate-cuts-in-2026,How many Fed rate cuts in 2026?,"Federal Reserve cuts rates by 25 bps in December 2025, final cut of the year",,,0.0,2 (50 bps),2025-12-15 12:00:00+00,https://intraprise.com/knowledge-exchange/isi_level1_1765393620000.1827/,Claimed 'Intraprise Solutions' but URL goes to intraprise.com
wrong_outlet,Intraprise Solutions,intraprise.com,how-many-fed-rate-cuts-in-2026,How many Fed rate cuts in 2026?,Federal Reserve cuts interest rates by 25 basis points in December 2025,11.0,7.0,-4.0,1 (25 bps),2025-12-17 12:00:00+00,https://intraprise.com/knowledge-exchange/isi_level1_1765393620000.1827/,Claimed 'Intraprise Solutions' but URL goes to intraprise.com
wrong_outlet,Reuters/Ipsos,ipsos.com,which-party-will-win-the-house-in-2026,Which party will win the House in 2026?,Silver Bulletin generic ballot average slides to Dâ¯+6.2,84.0,82.0,-2.0,Democratic Party,2026-06-27 12:00:00+00,https://www.ipsos.com/en-us/reutersipsos-june-2026-poll-0,Claimed 'Reuters/Ipsos' but URL goes to ipsos.com
wrong_outlet,The Japan Times,japantimes.co.jp,will-any-country-leave-nato-in-2025,Will any country leave NATO by...?,"Hungarian opposition wins snap election, ending OrbÃ¡nâs term",11.0,5.0,-6.0,"December 31, 2026",2026-04-26 12:00:00+00,https://www.japantimes.co.jp/commentary/2026/04/27/world/hungarys-new-nato-opportunities/,Claimed 'The Japan Times' but URL goes to japantimes.co.jp
wrong_outlet,kyapanel.com,kyapanel.com,how-many-fed-rate-cuts-in-2026,How many Fed rate cuts in 2026?,Federal Reserve cuts rates by 25 basis points in December 2025 meeting,36.0,22.0,-14.0,2 (50 bps),2025-12-10 12:00:00+00,https://kyapanel.com/article/federal-reserve-fomc-meeting-minutes-december-2025,Claimed 'kyapanel.com' but URL goes to kyapanel.com
wrong_outlet,kyiv.embaixadaportugal.mne.gov.pt,kyiv.embaixadaportugal.mne.gov.pt,ukraine-election-called-in-2025,Ukraine election called by...?,"Portuguese Embassy announces Ukrainian presidential elections scheduled for January 18, 2026",28.0,44.0,16.0,"June 30, 2026",2025-11-19 12:00:00+00,https://kyiv.embaixadaportugal.mne.gov.pt/en/the-embassy/news/presidential-elections-2026,Claimed 'kyiv.embaixadaportugal.mne.gov.pt' but URL goes to kyiv.embaixadaportugal.mne.gov.pt
wrong_outlet,CNN,madison365.com,democratic-presidential-nominee-2028,Democratic Presidential Nominee 2028,Kamala Harris hints at 2028 presidential run in CBS interview,39.0,6.0,-33.0,Kamala Harris,2025-08-01 12:00:00+00,https://madison365.com/kamala-harris-says-she-is-thinking-about-running-in-2028-presidential-election/,Claimed 'CNN' but URL goes to madison365.com
wrong_outlet,Madison365 (CNN),madison365.com,democratic-presidential-nominee-2028,Democratic Presidential Nominee 2028,Kamala Harris says she is âthinking aboutâ running in 2028 presidential election,8.0,6.0,-2.0,Kamala Harris,2026-05-25 12:00:00+00,https://madison365.com/kamala-harris-says-she-is-thinking-about-running-in-2028-presidential-election/,Claimed 'Madison365 (CNN)' but URL goes to madison365.com
wrong_outlet,CNN,madison365.com,democratic-presidential-nominee-2028,Democratic Presidential Nominee 2028,Kamala Harris hints at 2028 presidential run at National Action Network event,8.0,9.0,1.0,Kamala Harris,2026-06-05 12:00:00+00,https://madison365.com/kamala-harris-says-she-is-thinking-about-running-in-2028-presidential-election/,Claimed 'CNN' but URL goes to madison365.com
wrong_outlet,Reuters,mezha.net,will-russia-capture-kostyantynivka-by,Will Russia capture Kostyantynivka by...?,Russian troops infiltrate Kostyantynivka; fierce urban fighting continues,79.0,90.0,11.0,"December 31, 2026",2026-06-22 12:00:00+00,https://mezha.net/eng/bukvy/ff4279fc_russian_forces_enter/,Claimed 'Reuters' but URL goes to mezha.net
wrong_outlet,Axios,montco.today,democratic-presidential-nominee-2028,Democratic Presidential Nominee 2028,Josh Shapiro's rising profile linked to Philadelphia's 2028 DNC bid,4.0,5.0,1.0,Josh Shapiro,2026-03-03 12:00:00+00,https://montco.today/2026/03/josh-shapiro-potential-presidential-nomination/,Claimed 'Axios' but URL goes to montco.today
wrong_outlet,Naked Capitalism,nakedcapitalism.com,presidential-election-winner-2028,Presidential Election Winner 2028,Gavin Newsom gains attention with 'dark woke' social media tactics and centrist policies,10.0,16.0,6.0,Gavin Newsom,2025-09-01 12:00:00+00,https://www.nakedcapitalism.com/2025/09/gavin-newsom-dark-woke-trump-social-media-influencers.html,Claimed 'Naked Capitalism' but URL goes to nakedcapitalism.com
wrong_outlet,Reuters,nato.news-pravda.com,will-any-country-leave-nato-in-2025,Will any country leave NATO by...?,"US may accelerate European troop pullâback, plan to be presented in June",5.0,1.0,-4.0,"June 30, 2026",2026-05-30 12:00:00+00,https://nato.news-pravda.com/nato/2026/05/30/106153.html,Claimed 'Reuters' but URL goes to nato.news-pravda.com
wrong_outlet,NCB Capital Markets,ncbcapitalmarkets.com,us-x-iran-permanent-peace-deal-by,US x Iran permanent peace deal by...?,Iran seizes ships in Strait of Hormuz despite US ceasefire extension,46.0,34.0,-12.0,June 30,2026-04-22 12:00:00+00,https://ncbcapitalmarkets.com/research/latestnews/8015-iran-seizes-ships-in-strait-of-hormuz-despite-us-ceasefire-extension,Claimed 'NCB Capital Markets' but URL goes to ncbcapitalmarkets.com
wrong_outlet,CNN Business,newkerala.com,fed-decision-in-july-181,Fed Decision in July?,Senate Confirms Kevin Warsh as New Federal Reserve Chair,91.0,93.0,2.0,No change,2026-05-14 12:00:00+00,https://www.newkerala.com/news/a/us-kevin-warsh-confirmed-as-federal-reserve-chair-578.htm,Claimed 'CNN Business' but URL goes to newkerala.com
wrong_outlet,Bloomberg Government,news.bgov.com,which-party-will-win-the-house-in-2026,Which party will win the House in 2026?,Democrats Continue Special Election Winning Streak in Florida,85.0,87.0,2.0,Democratic Party,2026-03-25 12:00:00+00,https://news.bgov.com/bloomberg-government-news/democrats-try-to-turn-special-election-wins-into-house-majority,Claimed 'Bloomberg Government' but URL goes to news.bgov.com
wrong_outlet,BBC Brazil,news.ebc.net.tw,brazil-presidential-election,Brazil Presidential Election,"Severe rains cause deadly floods in Minas Gerais, state of Romeu Zema",2.0,3.0,1.0,Romeu Zema,2026-02-24 12:00:00+00,https://news.ebc.net.tw/news/world/539682,Claimed 'BBC Brazil' but URL goes to news.ebc.net.tw
wrong_outlet,Al Jazeera,newscord.org,iran-agrees-to-surrender-enriched-uranium-stockpile-by,Iran agrees to surrender enriched uranium stockpile by...?,Iranâs Bagheri Kani says uranium stockpile offâtable in talks,35.0,23.0,-12.0,July 31,2026-05-15 12:00:00+00,https://newscord.org/article/mojtaba-khamenei-orders-iran-to-keep-highly-enriched-uranium-inside-reuters-repo--Story_20260515_IranFMTransferofenric460dd10,Claimed 'Al Jazeera' but URL goes to newscord.org
wrong_outlet,BBC News,newsukraine.rbc.ua,us-x-russia-military-clash-by,US x Russia military clash by...?,Russian Warship Fires Warning Shots Near British Yacht in English Channel,6.0,6.0,0.0,"December 31, 2026",2026-06-16 12:00:00+00,https://newsukraine.rbc.ua/news/russian-warship-fires-warning-shots-at-british-1781627512.html,Claimed 'BBC News' but URL goes to newsukraine.rbc.ua
wrong_outlet,RBCâUkraine â Aprilâ¯7 article,newsukraine.rbc.ua,will-russia-capture-kostyantynivka-by,Will Russia capture Kostyantynivka by...?,Ukrainian commanderâinâchief says Russia has failed to capture Kostyantynivka for a year,50.0,61.0,11.0,"September 30, 2026",2026-04-07 12:00:00+00,https://newsukraine.rbc.ua/news/russia-has-failed-to-capture-kostiantynivka-1775553795.html,Claimed 'RBCâUkraine â Aprilâ¯7 article' but URL goes to newsukraine.rbc.ua
wrong_outlet,Reuters,nytimes.com,colombia-presidential-election,Colombia Presidential Election,"First‑round results send Espriella to runoff, Cepeda falls short of 50 % threshold",35.0,13.0,-22.0,Iván Cepeda Castro,2026-05-31 12:00:00+00,https://www.nytimes.com/2026/05/31/world/americas/colombia-election-president-candidates.html,Claimed 'Reuters' but URL goes to nytimes.com
wrong_outlet,ohiocapitaljournal.com,ohiocapitaljournal.com,ohio-governor-republican-primary-winner,Ohio Governor Republican Primary Winner,"Englewood insurance agent Philip Funderburg files campaign paperwork to run for governor – The Dispatch reported his official entry into the race, but the announcement was",10.0,5.0,-5.0,Philip Funderburg,2025-01-28 12:00:00+00,https://ohiocapitaljournal.com/2026/02/04/ohio-governors-race-set-to-become-most-expensive-in-state-history/,Claimed 'ohiocapitaljournal.com' but URL goes to ohiocapitaljournal.com
wrong_outlet,ohiocapitaljournal.com,ohiocapitaljournal.com,ohio-governor-republican-primary-winner,Ohio Governor Republican Primary Winner,"Ohio Capital Journal reports that Republican Philip Funderburg disclosed zero campaign funds, underscoring his lack of financing compared with multimillion‑dollar fundraising by",10.0,1.0,-9.0,Philip Funderburg,2025-02-04 12:00:00+00,https://ohiocapitaljournal.com/2026/02/04/ohio-governors-race-set-to-become-most-expensive-in-state-history/,Claimed 'ohiocapitaljournal.com' but URL goes to ohiocapitaljournal.com
wrong_outlet,ohiocapitaljournal.com,ohiocapitaljournal.com,ohio-governor-republican-primary-winner,Ohio Governor Republican Primary Winner,“Ohio Secretary of State’s office releases the list of conditionally qualified Republican gubernatorial candidates;,10.0,6.0,-4.0,Philip Funderburg,2025-03-15 12:00:00+00,https://ohiocapitaljournal.com/2026/02/04/ohio-governors-race-set-to-become-most-expensive-in-state-history/,Claimed 'ohiocapitaljournal.com' but URL goes to ohiocapitaljournal.com
wrong_outlet,ohiocapitaljournal.com,ohiocapitaljournal.com,ohio-governor-republican-primary-winner,Ohio Governor Republican Primary Winner,"The Dispatch publishes the official candidate list, confirming Funderburg’s ballot status but noting he remains a “little‑known contender” with no fundraising, keeping his market",1.0,0.0,-1.0,Philip Funderburg,2025-04-06 12:00:00+00,https://ohiocapitaljournal.com/2026/02/04/ohio-governors-race-set-to-become-most-expensive-in-state-history/,Claimed 'ohiocapitaljournal.com' but URL goes to ohiocapitaljournal.com
wrong_outlet,ohiocapitaljournal.com,ohiocapitaljournal.com,ohio-governor-republican-primary-winner,Ohio Governor Republican Primary Winner,"Englewood insurance agent Philip Funderburg files campaign paperwork to run for Ohio governor, a modest entry that was immediately outshone by higher‑profile candidates, pushing",50.0,10.0,-40.0,Philip Funderburg,2025-12-05 12:00:00+00,https://ohiocapitaljournal.com/2026/02/04/ohio-governors-race-set-to-become-most-expensive-in-state-history/,Claimed 'ohiocapitaljournal.com' but URL goes to ohiocapitaljournal.com
wrong_outlet,ohiocapitaljournal.com,ohiocapitaljournal.com,ohio-governor-republican-primary-winner,Ohio Governor Republican Primary Winner,"Casey Putsch announces gubernatorial campaign emphasizing anti-establishment, working-class message but faces overwhelming financial disadvantage against billionaire Vivek",50.0,23.0,-27.0,Casey Putsch,2025-12-24 12:00:00+00,https://ohiocapitaljournal.com/2020/10/05/i-just-dont-trust-the-system-any-more-voters-on-edge-as-election-nears/,Claimed 'ohiocapitaljournal.com' but URL goes to ohiocapitaljournal.com
wrong_outlet,ohiocapitaljournal.com,ohiocapitaljournal.com,ohio-governor-republican-primary-winner,Ohio Governor Republican Primary Winner,"The Ohio Dispatch published the official candidate list, confirming insurance‑agent Philip Funderburg had filed a campaign account and secured a spot on the 2026 Republican",50.0,10.0,-40.0,Philip Funderburg,2025-12-30 12:00:00+00,https://ohiocapitaljournal.com/2026/02/04/ohio-governors-race-set-to-become-most-expensive-in-state-history/,Claimed 'ohiocapitaljournal.com' but URL goes to ohiocapitaljournal.com
wrong_outlet,ohiocapitaljournal.com,ohiocapitaljournal.com,ohio-governor-republican-primary-winner,Ohio Governor Republican Primary Winner,“Official candidate list for the May 5 Republican primary released;,0.0,0.0,0.0,Philip Funderburg,2026-01-05 12:00:00+00,https://ohiocapitaljournal.com/2026/02/04/ohio-governors-race-set-to-become-most-expensive-in-state-history/,Claimed 'ohiocapitaljournal.com' but URL goes to ohiocapitaljournal.com
wrong_outlet,ohiocapitaljournal.com,ohiocapitaljournal.com,ohio-governor-republican-primary-winner,Ohio Governor Republican Primary Winner,Ramaswamy announces withdrawal from Instagram and X due to online attacks;,16.0,13.0,-3.0,Casey Putsch,2026-01-20 12:00:00+00,https://ohiocapitaljournal.com/2020/10/05/i-just-dont-trust-the-system-any-more-voters-on-edge-as-election-nears/,Claimed 'ohiocapitaljournal.com' but URL goes to ohiocapitaljournal.com
wrong_outlet,ohiocapitaljournal.com,ohiocapitaljournal.com,ohio-governor-republican-primary-winner,Ohio Governor Republican Primary Winner,"Ohio Governor’s race set to become most expensive in state history reports that Republican Philip Funderburg did not report any campaign funds, underscoring his financial weakness",10.0,0.0,-10.0,Philip Funderburg,2026-02-04 12:00:00+00,https://ohiocapitaljournal.com/2026/02/04/ohio-governors-race-set-to-become-most-expensive-in-state-history/,Claimed 'ohiocapitaljournal.com' but URL goes to ohiocapitaljournal.com
wrong_outlet,ohiocapitaljournal.com,ohiocapitaljournal.com,ohio-governor-republican-primary-winner,Ohio Governor Republican Primary Winner,"WKYC reports Ramaswamy’s announcement of State Senate President Rob McColley as his running mate, cementing the frontrunner’s dominance and further marginalising minor candidates",0.0,0.0,0.0,Philip Funderburg,2026-02-07 12:00:00+00,https://ohiocapitaljournal.com/2026/02/04/ohio-governors-race-set-to-become-most-expensive-in-state-history/,Claimed 'ohiocapitaljournal.com' but URL goes to ohiocapitaljournal.com
wrong_outlet,ohiocapitaljournal.com,ohiocapitaljournal.com,ohio-governor-republican-primary-winner,Ohio Governor Republican Primary Winner,"Vivek Ramaswamy selects State Senate President Rob McColley as running mate, solidifying front‑runner status – The announcement further marginalized remaining challengers,",0.0,0.0,0.0,Philip Funderburg,2026-02-09 12:00:00+00,https://ohiocapitaljournal.com/2026/02/04/ohio-governors-race-set-to-become-most-expensive-in-state-history/,Claimed 'ohiocapitaljournal.com' but URL goes to ohiocapitaljournal.com
wrong_outlet,ohiocapitaljournal.com,ohiocapitaljournal.com,ohio-governor-republican-primary-winner,Ohio Governor Republican Primary Winner,Putsch’s provocative YouTube videos and public criticism of GOP establishment and Ramaswamy’s heritage gain some conservative attention but fail to translate into significant,7.0,10.0,3.0,Casey Putsch,2026-02-10 12:00:00+00,https://ohiocapitaljournal.com/2020/10/05/i-just-dont-trust-the-system-any-more-voters-on-edge-as-election-nears/,Claimed 'ohiocapitaljournal.com' but URL goes to ohiocapitaljournal.com
wrong_outlet,ohiocapitaljournal.com,ohiocapitaljournal.com,ohio-governor-republican-primary-winner,Ohio Governor Republican Primary Winner,"Vivek Ramaswamy announces State Senate President Rob McColley as his running mate, confirming his dominant position and leaving only Funderburg and Casey Putsch as minor",1.0,0.0,-1.0,Philip Funderburg,2026-03-06 12:00:00+00,https://ohiocapitaljournal.com/2026/02/04/ohio-governors-race-set-to-become-most-expensive-in-state-history/,Claimed 'ohiocapitaljournal.com' but URL goes to ohiocapitaljournal.com
wrong_outlet,ohiocapitaljournal.com,ohiocapitaljournal.com,ohio-governor-republican-primary-winner,Ohio Governor Republican Primary Winner,"The Dispatch’s candidate‑profile guide listed Funderburg among the “conditionally qualified” Republican contenders but noted he had no reported funds or campaign activity,",0.0,0.0,0.0,Philip Funderburg,2026-04-06 12:00:00+00,https://ohiocapitaljournal.com/2026/02/04/ohio-governors-race-set-to-become-most-expensive-in-state-history/,Claimed 'ohiocapitaljournal.com' but URL goes to ohiocapitaljournal.com
wrong_outlet,ohiocapitaljournal.com,ohiocapitaljournal.com,ohio-governor-republican-primary-winner,Ohio Governor Republican Primary Winner,"Putsch posts a widely condemned video firing a rifle while using racist slurs against Ramaswamy, drawing accusations of threats and xenophobia, further damaging his campaign",2.0,1.0,-1.0,Casey Putsch,2026-04-17 12:00:00+00,https://ohiocapitaljournal.com/2020/10/05/i-just-dont-trust-the-system-any-more-voters-on-edge-as-election-nears/,Claimed 'ohiocapitaljournal.com' but URL goes to ohiocapitaljournal.com
wrong_outlet,ohiocapitaljournal.com,ohiocapitaljournal.com,ohio-governor-republican-primary-winner,Ohio Governor Republican Primary Winner,“Polymarket analysis lists Funderburg at a negligible 0.1 % implied probability”,0.0,0.0,0.0,Philip Funderburg,2026-04-29 12:00:00+00,https://ohiocapitaljournal.com/2026/02/04/ohio-governors-race-set-to-become-most-expensive-in-state-history/,Claimed 'ohiocapitaljournal.com' but URL goes to ohiocapitaljournal.com
wrong_outlet,ohiocapitaljournal.com,ohiocapitaljournal.com,ohio-governor-republican-primary-winner,Ohio Governor Republican Primary Winner,Vivek Ramaswamy wins Ohio Republican primary;,0.0,0.0,0.0,Philip Funderburg,2026-05-05 12:00:00+00,https://ohiocapitaljournal.com/2026/02/04/ohio-governors-race-set-to-become-most-expensive-in-state-history/,Claimed 'ohiocapitaljournal.com' but URL goes to ohiocapitaljournal.com
wrong_outlet,PeaPAC,peapac.org,iran-agrees-to-surrender-enriched-uranium-stockpile-by,Iran agrees to surrender enriched uranium stockpile by...?,Trump announces Iran has agreed to surrender enriched uranium in emerging US deal,22.0,41.0,19.0,June 30,2026-04-23 12:00:00+00,https://peapac.org/article/breaking-iran-agrees-to-surrender-enriched-uranium-in-emerging-us-deal-trump-announces,Claimed 'PeaPAC' but URL goes to peapac.org
wrong_outlet,Politico,politico.eu,next-french-presidential-election,Next French Presidential Election,Investigation opened into Dominique de Villepin over gifts received as foreign minister,8.0,3.0,-5.0,Dominique de Villepin,2025-12-03 12:00:00+00,https://www.politico.eu/article/french-presidential-candidate-de-villepin-investigated-gifts-received-as-foreign-minister/,Claimed 'Politico' but URL goes to politico.eu
wrong_outlet,Politico,politico.eu,next-french-presidential-election,Next French Presidential Election,Dominique de Villepin investigated over gifts received as foreign minister,41.0,8.0,-33.0,Dominique de Villepin,2025-12-17 12:00:00+00,https://www.politico.eu/article/french-presidential-candidate-de-villepin-investigated-gifts-received-as-foreign-minister/,Claimed 'Politico' but URL goes to politico.eu
wrong_outlet,POLITICO,politico.eu,next-french-presidential-election,Next French Presidential Election,"Edouard Philippe reelected mayor of Le Havre, strengthening presidential bid",18.0,21.0,3.0,Ãdouard Philippe,2026-01-19 12:00:00+00,https://www.politico.eu/article/former-french-pm-edouard-philippe-fortifies-presidential-bid-with-strong-showing-in-municipal-race-le-havre/,Claimed 'POLITICO' but URL goes to politico.eu
wrong_outlet,POLITICO,politico.eu,next-french-presidential-election,Next French Presidential Election,"Ãdouard Philippe wins re-election as mayor of Le Havre, boosting presidential bid",14.0,21.0,7.0,Ãdouard Philippe,2026-03-22 12:00:00+00,https://www.politico.eu/article/former-french-pm-edouard-philippe-fortifies-presidential-bid-with-strong-showing-in-municipal-race-le-havre/,Claimed 'POLITICO' but URL goes to politico.eu
wrong_outlet,Politico,politico.eu,next-french-presidential-election,Next French Presidential Election,Ãdouard Philippe launches presidential campaign with major rally in Paris,19.0,24.0,5.0,Ãdouard Philippe,2026-07-05 12:00:00+00,https://www.politico.eu/article/edouard-philippe-far-right-national-rally-france-president-election/,Claimed 'Politico' but URL goes to politico.eu
wrong_outlet,Politico,politico.eu,next-french-presidential-election,Next French Presidential Election,Jordan Bardella faces legal uncertainty as Marine Le Pen's appeal proceeds,26.0,5.0,-21.0,Jordan Bardella,2026-07-07 12:00:00+00,https://www.politico.eu/article/jordan-bardella-frances-far-right-favorite-waiting-in-the-wings/,Claimed 'Politico' but URL goes to politico.eu
wrong_outlet,Politico,politico.eu,will-any-country-leave-nato-in-2025,Will any country leave NATO by...?,Swedish Chief of Defense warns Russia likely to test NATOâs collective defense soon,7.0,6.0,-1.0,"June 30, 2026",2025-11-19 12:00:00+00,https://www.politico.eu/article/russia-prepared-to-take-enormous-strategic-risks-to-test-nato-top-swedish-general-michael-claesson-warns/,Claimed 'Politico' but URL goes to politico.eu
wrong_outlet,Politico,politico.eu,will-any-country-leave-nato-in-2025,Will any country leave NATO by...?,NATO chief Mark Rutte rejects Russian veto over Ukraineâs NATO membership,6.0,6.0,0.0,"June 30, 2026",2025-11-26 12:00:00+00,https://www.politico.eu/article/mark-rutte-rules-russia-veto-ukraine-joining-nato/,Claimed 'Politico' but URL goes to politico.eu
wrong_outlet,POLITICO,politico.eu,will-any-country-leave-nato-in-2025,Will any country leave NATO by...?,Spanish Prime Minister dismisses US notion of suspending Spain from NATO,1.0,0.0,-1.0,"June 30, 2026",2026-06-10 12:00:00+00,https://www.politico.eu/article/pedro-sanchez-donald-trump-nato-spain-nato-membership/,Claimed 'POLITICO' but URL goes to politico.eu
wrong_outlet,POLITICO,politico.eu,will-any-country-leave-nato-in-2025,Will any country leave NATO by...?,Finnish Parliament Votes to Lift Decades-Old Ban on Nuclear Weapons,1.0,0.0,-1.0,"June 30, 2026",2026-06-17 12:00:00+00,https://www.politico.eu/article/finland-lifts-nuclear-weapons-ban-nato-security-shift/,Claimed 'POLITICO' but URL goes to politico.eu
wrong_outlet,POLITICO,politico.eu,will-any-country-leave-nato-in-2025,Will any country leave NATO by...?,"Finland lifts decades-old nuclear weapons ban, deepening NATO integration",7.0,5.0,-2.0,"December 31, 2026",2026-06-17 12:00:00+00,https://www.politico.eu/article/finland-lifts-nuclear-weapons-ban-nato-security-shift/,Claimed 'POLITICO' but URL goes to politico.eu
wrong_outlet,POLITICO,politico.eu,will-ukraine-recapture-crimean-territory-by-june-30-2026,Will Ukraine recapture Crimean territory by...?,Russia breaks Trump-brokered energy ceasefire with massive drone and missile attacks,10.0,4.0,-6.0,June 30,2026-02-03 12:00:00+00,https://www.politico.eu/article/russia-breaks-donald-trump-brokered-ukraine-energy-ceasefire/,Claimed 'POLITICO' but URL goes to politico.eu
wrong_outlet,POLITICO,politico.eu,will-russia-invade-a-nato-country-in-2025,Will Russia invade a NATO country by...?,Swedish Chief of Defense warns Russia likely to test NATO's Article 5 soon,8.0,8.0,0.0,"June 30, 2026",2025-11-19 12:00:00+00,https://www.politico.eu/article/russia-prepared-to-take-enormous-strategic-risks-to-test-nato-top-swedish-general-michael-claesson-warns/,Claimed 'POLITICO' but URL goes to politico.eu
wrong_outlet,Politico,politico.eu,berlin-state-election-winner,Berlin State Election Winner,CDU wins Rhineland-Palatinate state election amid AfD surge,10.0,19.0,9.0,AfD,2026-03-22 12:00:00+00,https://www.politico.eu/article/friedrich-merz-cdu-rhineland-palatinate-germany-election-afd/,Claimed 'Politico' but URL goes to politico.eu
wrong_outlet,Politico,politico.eu,berlin-state-election-winner,Berlin State Election Winner,"CDU wins Rhineland-Palatinate state election, providing boost to Chancellor Merz",53.0,59.0,6.0,CDU,2026-03-22 12:00:00+00,https://www.politico.eu/article/friedrich-merz-cdu-rhineland-palatinate-germany-election-afd/,Claimed 'Politico' but URL goes to politico.eu
wrong_outlet,CNBC via PricePredictions,pricepredictions.com,fed-decision-in-july-181,Fed Decision in July?,Fed Chair Warsh Expected to Withhold Dot from Central Bank's Interest Rate Outlook,95.0,92.0,-3.0,No change,2026-06-16 12:00:00+00,https://pricepredictions.com/news/fed-warsh-withhold-dot-plot-june-fomc-2026-4w4yatfu,Claimed 'CNBC via PricePredictions' but URL goes to pricepredictions.com
wrong_outlet,RapidGamingExpress,rapidgamingexpress.com,netanyahu-out-before-2027,Netanyahu out by...?,Netanyahu departs for US to meet President Trump amid regional security concerns,53.0,64.0,11.0,December 31,2026-06-19 12:00:00+00,https://rapidgamingexpress.com/israeli-prime-minister-benjamin-netanyahu-to-confer-with-president-donald-trump-in-us-amid-apprehensions-of-israels-regional-campaigns/,Claimed 'RapidGamingExpress' but URL goes to rapidgamingexpress.com
wrong_outlet,Financial Times via Reuters,reuters.com,ukraine-election-called-in-2025,Ukraine election called by...?,FT says Zelenskyy will announce election and referendum plan on Febâ¯24â¯2026,42.0,65.0,23.0,"December 31, 2026",2025-10-11 12:00:00+00,https://www.reuters.com/world/europe/ukraines-zelenskiy-intends-announce-election-plan-february-24-ft-reports-2026-02-11/,Claimed 'Financial Times via Reuters' but URL goes to reuters.com
wrong_outlet,Reuters,reuters.org,us-x-russia-military-clash-by,US x Russia military clash by...?,Ukraine Strikes Military Targets Inside Russia Using US-Supplied ATACMS Missiles,10.0,9.0,-1.0,"June 30, 2026",2025-11-18 12:00:00+00,https://www.reuters.org/world/europe/ukraine-hits-targets-russia-with-atacms-military-says-2025-11-18/,Claimed 'Reuters' but URL goes to reuters.org
wrong_outlet,Reuters,riotimesonline.com,brazil-presidential-election,Brazil Presidential Election,FlÃ¡vio Bolsonaro leads Lula in Datafolha runoff poll for first time,26.0,31.0,5.0,FlÃ¡vio Bolsonaro,2026-04-28 12:00:00+00,https://www.riotimesonline.com/datafolha-flavio-leads-lula-runoff-brazil-election-2026/,Claimed 'Reuters' but URL goes to riotimesonline.com
wrong_outlet,The Hill,rokksolutions.com,democratic-presidential-nominee-2028,Democratic Presidential Nominee 2028,Alexandria Ocasio-Cortez weighs presidential bid options,14.0,9.0,-5.0,Alexandria Ocasio-Cortez,2025-09-23 12:00:00+00,https://rokksolutions.com/news/the-hill-ocasio-cortez-eyeing-senate-or-white-house-bid/,Claimed 'The Hill' but URL goes to rokksolutions.com
wrong_outlet,Soundvapors,soundvapors.com,what-will-happen-before-gta-vi,What will happen before GTA VI?,Playboi Carti announces new album 'Whole Lotta Red' to release on Christmas Day,47.0,74.0,27.0,New Playboi Carti Album ,2025-07-03 12:00:00+00,https://soundvapors.com/playboi-carti-announces-new-album-whole-lotta-red-on-christmas-day/,Claimed 'Soundvapors' but URL goes to soundvapors.com
wrong_outlet,SoundVapors,soundvapors.com,what-will-happen-before-gta-vi,What will happen before GTA VI?,Playboi Carti announces new album âMusicâ for Christmas Day,31.0,71.0,40.0,New Playboi Carti Album ,2025-12-25 12:00:00+00,https://soundvapors.com/playboi-carti-announces-new-album-whole-lotta-red-on-christmas-day/,Claimed 'SoundVapors' but URL goes to soundvapors.com
wrong_outlet,Sunday Guardian Live,sundayguardianlive.com,starmer-out-in-2025,Starmer out by...?,"Andy Burnham wins Makerfield by-election, strengthening leadership challenge",40.0,85.0,45.0,June 30,2026-06-18 12:00:00+00,https://sundayguardianlive.com/world/explained-how-andy-burnhams-by-election-win-could-challenge-keir-starmers-leadership-can-he-become-uk-prime-minister-what-path-does-he-need-inside-the-labour-party-to-reach-no10-downing-street-209711/,Claimed 'Sunday Guardian Live' but URL goes to sundayguardianlive.com
wrong_outlet,The Telegraph,telegraph.co.uk,democratic-presidential-nominee-2028,Democratic Presidential Nominee 2028,Kamala Harris signals potential 2028 presidential run after 2024 defeat,39.0,39.0,0.0,Kamala Harris,2025-07-11 12:00:00+00,https://www.telegraph.co.uk/us/politics/2025/10/26/gavin-newsom-run-president-2028/,Claimed 'The Telegraph' but URL goes to telegraph.co.uk
wrong_outlet,The Telegraph,telegraph.co.uk,democratic-presidential-nominee-2028,Democratic Presidential Nominee 2028,"Kamala Harris announces she is 'not done' with politics, hints at 2028 run",39.0,6.0,-33.0,Kamala Harris,2025-10-25 12:00:00+00,https://www.telegraph.co.uk/us/politics/2025/10/26/gavin-newsom-run-president-2028/,Claimed 'The Telegraph' but URL goes to telegraph.co.uk
wrong_outlet,The Telegraph,telegraph.co.uk,starmer-out-in-2025,Starmer out by...?,Starmer named least‑popular UK prime minister in historic poll,54.0,63.0,9.0,December 31,2025-09-27 12:00:00+00,https://www.telegraph.co.uk/politics/2025/09/27/starmer-least-popular-uk-prime-minister-poll/,Claimed 'The Telegraph' but URL goes to telegraph.co.uk
wrong_outlet,The Telegraph,telegraph.co.uk,starmer-out-in-2025,Starmer out by...?,Starmer's chief of staff Morgan McSweeney faces scrutiny over hidden donations,33.0,33.0,0.0,June 30,2025-09-23 12:00:00+00,https://www.telegraph.co.uk/politics/2025/09/23/starmers-chief-of-staff-was-told-to-describe-700k-donations/,Claimed 'The Telegraph' but URL goes to telegraph.co.uk
wrong_outlet,The Telegraph,telegraph.co.uk,starmer-out-in-2025,Starmer out by...?,Andy Burnham announces leadership challenge against Starmer,69.0,74.0,5.0,December 31,2026-06-04 12:00:00+00,https://www.telegraph.co.uk/politics/2026/06/04/andy-burnham-latest-question-time-reform-makerfield-nowak/,Claimed 'The Telegraph' but URL goes to telegraph.co.uk
wrong_outlet,The Telegraph,telegraph.co.uk,starmer-out-in-2025,Starmer out by...?,Wes Streeting calls for Starmer to resign after Makerfield by-election,79.0,85.0,6.0,December 31,2026-06-15 12:00:00+00,https://www.telegraph.co.uk/politics/2026/06/16/keir-starmer-live-andy-burnham-makerfield-streeting-rayner/,Claimed 'The Telegraph' but URL goes to telegraph.co.uk
wrong_outlet,The Telegraph,telegraph.co.uk,starmer-out-in-2025,Starmer out by...?,Starmer insists he will fight any leadership challenge as Makerfield vote begins,52.0,75.0,23.0,July 31,2026-06-18 12:00:00+00,https://www.telegraph.co.uk/politics/2026/06/18/the-four-ways-starmer-could-be-ousted/,Claimed 'The Telegraph' but URL goes to telegraph.co.uk
wrong_outlet,The Telegraph,telegraph.co.uk,starmer-out-in-2025,Starmer out by...?,Poll shows Keir Starmer as least popular UK Prime Minister on record,,,0.0,,2025-09-27 12:00:00+00,https://www.telegraph.co.uk/politics/2025/09/27/starmer-least-popular-uk-prime-minister-poll/,Claimed 'The Telegraph' but URL goes to telegraph.co.uk
wrong_outlet,The Telegraph,telegraph.co.uk,putin-out-before-2027,"Putin out as President of Russia by December 31, 2026?","Putin addresses fuel shortages, downplays crisis in Moscow interview",7.0,4.0,-3.0,"September 30, 2026",2026-06-28 12:00:00+00,https://www.telegraph.co.uk/world-news/2026/07/06/vladimir-putin-faces-fork-in-road-russia-ukraine/,Claimed 'The Telegraph' but URL goes to telegraph.co.uk
wrong_outlet,The Telegraph,telegraph.co.uk,will-the-us-confirm-that-aliens-exist-before-2027,Will the US confirm that aliens exist by...?,White House launches alien-themed website focusing on immigration enforcement,18.0,13.0,-5.0,December 31,2026-05-29 12:00:00+00,https://www.telegraph.co.uk/us/news/2026/05/29/us-politics-science-aliens/,Claimed 'The Telegraph' but URL goes to telegraph.co.uk
wrong_outlet,The Telegraph,telegraph.co.uk,next-uk-prime-minister-in-2026-122,Next UK Prime Minister in 2026?,Ed Miliband pushes to be Chancellor under potential Burnham premiership,9.0,9.0,0.0,Ed Miliband,2026-06-11 12:00:00+00,https://www.telegraph.co.uk/politics/2026/06/12/ed-miliband-front-runner-to-be-andy-burnham-chancellor/,Claimed 'The Telegraph' but URL goes to telegraph.co.uk
wrong_outlet,The Telegraph,telegraph.co.uk,next-uk-prime-minister-in-2026-122,Next UK Prime Minister in 2026?,Andy Burnham Outlines Devolution-Led Economic Vision for Britain,93.0,98.0,5.0,Andy Burnham,2026-06-28 12:00:00+00,https://www.telegraph.co.uk/politics/2026/06/28/andy-burnham-give-me-10-years-to-transform-britain/,Claimed 'The Telegraph' but URL goes to telegraph.co.uk
wrong_outlet,The Telegraph,telegraph.co.uk,will-ukraine-recapture-crimean-territory-by-june-30-2026,Will Ukraine recapture Crimean territory by...?,"Ukraine recaptures territory at fastest pace since summer 2023, but not in Crimea",3.0,3.0,0.0,June 30,2026-02-17 12:00:00+00,https://www.telegraph.co.uk/world-news/2026/02/17/ukraine-recaptures-most-land-since-summer-2023/,Claimed 'The Telegraph' but URL goes to telegraph.co.uk
wrong_outlet,The Telegraph,telegraph.co.uk,iran-agrees-to-surrender-enriched-uranium-stockpile-by,Iran agrees to surrender enriched uranium stockpile by...?,Trump urges negotiators not to rush into an Iran deal,34.0,27.0,-7.0,July 31,2026-05-28 12:00:00+00,https://www.telegraph.co.uk/world-news/2026/05/24/iran-uranium-stockpile-nuclear-weapons-us-war-deal-hormuz/,Claimed 'The Telegraph' but URL goes to telegraph.co.uk
wrong_outlet,thebiographybytes.com,thebiographybytes.com,ohio-governor-republican-primary-winner,Ohio Governor Republican Primary Winner,"Vivek Ramaswamy officially launches Ohio governor campaign with endorsements from Donald Trump and Elon Musk, positioning himself as a strong outsider candidate focused on",50.0,87.0,37.0,Vivek Ramaswamy,2025-02-24 12:00:00+00,https://thebiographybytes.com/vivek-ramaswamy/,Claimed 'thebiographybytes.com' but URL goes to thebiographybytes.com
wrong_outlet,thebiographybytes.com,thebiographybytes.com,ohio-governor-republican-primary-winner,Ohio Governor Republican Primary Winner,"Ramaswamy reports record-breaking fundraising of $9.88 million in the second half of 2025, setting a new Ohio gubernatorial fundraising record and demonstrating strong campaign",91.0,95.0,4.0,Vivek Ramaswamy,2025-07-31 12:00:00+00,https://thebiographybytes.com/vivek-ramaswamy/,Claimed 'thebiographybytes.com' but URL goes to thebiographybytes.com
wrong_outlet,The City Paper Bogotá,thecitypaperbogota.com,colombia-presidential-election,Colombia Presidential Election,Poll shows right-wing Abelardo de la Espriella leading Colombia presidential race,50.0,56.0,6.0,Abelardo de la Espriella,2025-08-01 12:00:00+00,https://thecitypaperbogota.com/news/right-wing-candidate-de-la-espriella-leads-colombia-presidential-race-shows-latest-poll/,Claimed 'The City Paper Bogotá' but URL goes to thecitypaperbogota.com
wrong_outlet,The City Paper Bogotá,thecitypaperbogota.com,colombia-presidential-election,Colombia Presidential Election,Luis Gilberto Murillo's support falls to near zero in polls,3.0,0.0,-3.0,Luis Gilberto Murillo (CRB),2025-11-28 12:00:00+00,https://thecitypaperbogota.com/news/right-wing-candidate-de-la-espriella-leads-colombia-presidential-race-shows-latest-poll/,Claimed 'The City Paper Bogotá' but URL goes to thecitypaperbogota.com
wrong_outlet,The City Paper Bogotá,thecitypaperbogota.com,colombia-presidential-election,Colombia Presidential Election,Poll shows Iván Cepeda leading Colombia's 2026 presidential race with 31.9%,36.0,40.0,4.0,Iván Cepeda Castro,2025-12-31 12:00:00+00,https://thecitypaperbogota.com/news/hard-left-candidate-ivan-cepeda-leads-poll-for-colombias-2026-election/,Claimed 'The City Paper Bogotá' but URL goes to thecitypaperbogota.com
wrong_outlet,The Green Papers,thegreenpapers.com,which-party-will-win-the-house-in-2026,Which party will win the House in 2026?,Primary runoff elections in key states shape House candidate field,82.0,83.0,1.0,Democratic Party,2026-06-16 12:00:00+00,https://www.thegreenpapers.com/G26/events.phtml?type=ef,Claimed 'The Green Papers' but URL goes to thegreenpapers.com
wrong_outlet,thejakartapost.com,thejakartapost.com,israel-and-indonesia-normalize-relations-by,Israel and Indonesia normalize relations by...?,"Indonesia reaffirms support for Palestine as Israel joins Gaza peace board, with no policy shift toward normalization",15.0,14.0,-1.0,"December 31, 2026",2026-02-13 12:00:00+00,https://www.thejakartapost.com/world/2026/02/13/no-policy-shift-for-indonesia-as-israel-joins-gaza-peace-board.html,Claimed 'thejakartapost.com' but URL goes to thejakartapost.com
wrong_outlet,The Left Berlin,theleftberlin.com,berlin-state-election-winner,Berlin State Election Winner,AfD lead candidate Kristin Brinker designated for Berlin Governing Mayor,20.0,25.0,5.0,AfD,2026-06-03 12:00:00+00,https://theleftberlin.com/news-from-berlin-and-germany-3rd-june-2026/,Claimed 'The Left Berlin' but URL goes to theleftberlin.com
wrong_outlet,Newsweek,thestarnewsnetwork.com,democratic-presidential-nominee-2028,Democratic Presidential Nominee 2028,Alexandria Ocasio-Cortez leads JD Vance in hypothetical 2028 matchup poll,8.0,9.0,1.0,Alexandria Ocasio-Cortez,2025-12-17 12:00:00+00,https://thestarnewsnetwork.com/2025/12/17/aoc-leads-jd-vance-for-first-time-in-2028-election-matchup-poll/?redirected=1,Claimed 'Newsweek' but URL goes to thestarnewsnetwork.com
wrong_outlet,Reuters,thisisbeirut.com.lb,iran-agrees-to-surrender-enriched-uranium-stockpile-by,Iran agrees to surrender enriched uranium stockpile by...?,Iranâs Supreme Leader orders enriched uranium stockpile to remain inside Iran,19.0,6.0,-13.0,June 30,2026-06-03 12:00:00+00,https://thisisbeirut.com.lb/articles/1333771/iran-enriched-uranium-to-stay-inside-the-country-as-military-capabilities-recover-faster-than-expected,Claimed 'Reuters' but URL goes to thisisbeirut.com.lb
wrong_outlet,Axios via Townhall,townhall.com,democratic-presidential-nominee-2028,Democratic Presidential Nominee 2028,Kamala Harris Reaches Out to Progressives and Pro-Palestinian Activists,7.0,6.0,-1.0,Kamala Harris,2026-07-01 12:00:00+00,https://townhall.com/tipsheet/amy-curtis/2026/07/01/axios-kamala-harris-reached-out-to-mamdani-n2678649,Claimed 'Axios via Townhall' but URL goes to townhall.com
wrong_outlet,Reuters,tradersunion.com,fed-decision-in-july-181,Fed Decision in July?,Federal Reserve Chair Kevin Warsh to testify before Congress on July 14,,,0.0,No change,2026-06-22 12:00:00+00,https://tradersunion.com/news/financial-news/show/2446717-federal-reserve-monetary-policy-testimony-july/,Claimed 'Reuters' but URL goes to tradersunion.com
wrong_outlet,Atlas/Bloomberg,tribunademinas.com.br,brazil-presidential-election,Brazil Presidential Election,Poll shows Lula leading FlÃ¡vio Bolsonaro in second-round matchup,50.0,56.0,6.0,Luiz InÃ¡cio Lula da Silva,2026-06-30 12:00:00+00,https://tribunademinas.com.br/noticias/politica/eleicoes-2026/01-07-2026/eleicoes-2026-lula-tem-488-e-flavio-bolsonaro-423-no-segundo-turno-aponta-atlas-bloomberg.html,Claimed 'Atlas/Bloomberg' but URL goes to tribunademinas.com.br
wrong_outlet,Reuters via TÃ¼rkiye Today,turkiyetoday.com,next-round-of-us-iran-peace-talks-byptptpt-20260623022722982,Next round of US-Iran peace talks by...?,"Reports indicate no firm date set yet for next round of US-Iran talks, possible weekend window",45.0,13.0,-32.0,July 3,2026-06-26 12:00:00+00,https://www.turkiyetoday.com/world/us-iran-could-return-to-islamabad-this-week-for-new-peace-talks-3218078,Claimed 'Reuters via TÃ¼rkiye Today' but URL goes to turkiyetoday.com
wrong_outlet,Reuters via UA.NEWS,ua.news,nato-x-russia-military-clash-in-2025,NATO x Russia military clash by...?,Russia conducts naval exercises near Kaliningrad amid NATO BALTOPS drills,22.0,25.0,3.0,December 31,2026-06-08 12:00:00+00,https://ua.news/en/war-vs-rf/rf-provela-viiskovo-morski-navchannia-bilia-kaliningrada-reuters,Claimed 'Reuters via UA.NEWS' but URL goes to ua.news
wrong_outlet,UAP Digest,uapdigest.com,will-the-us-confirm-that-aliens-exist-before-2027,Will the US confirm that aliens exist by...?,Congresswoman Anna Paulina Luna demands 46 classified UAP videos from Pentagon,6.0,3.0,-3.0,May 31,2026-03-31 12:00:00+00,https://www.uapdigest.com/congress-demands-46-uap-videos-pentagon-april-deadline/,Claimed 'UAP Digest' but URL goes to uapdigest.com
wrong_outlet,UAP Digest,uapdigest.com,will-the-us-confirm-that-aliens-exist-before-2027,Will the US confirm that aliens exist by...?,Congress demands Pentagon deliver 46 classified UAP videos by April 14 deadline,14.0,19.0,5.0,December 31,2026-04-14 12:00:00+00,https://www.uapdigest.com/congress-demands-46-uap-videos-pentagon-april-deadline/,Claimed 'UAP Digest' but URL goes to uapdigest.com
wrong_outlet,WSJ,usa.news-pravda.com,ukraine-election-called-in-2025,Ukraine election called by...?,Ukraine and US discuss election schedule during talks in Florida,28.0,50.0,22.0,"June 30, 2026",2025-11-30 12:00:00+00,https://usa.news-pravda.com/ukraine/2025/11/30/573128.html,Claimed 'WSJ' but URL goes to usa.news-pravda.com
wrong_outlet,Reuters,wdez.com,brazil-presidential-election,Brazil Presidential Election,Jair Bolsonaro undergoes double hernia surgery while in prison,24.0,29.0,5.0,FlÃ¡vio Bolsonaro,2026-05-01 12:00:00+00,https://wdez.com/2026/05/01/bolsonaro-leaves-house-arrest-for-shoulder-surgery-wife-says/,Claimed 'Reuters' but URL goes to wdez.com
wrong_outlet,Reuters,wncy.com,brazil-presidential-election,Brazil Presidential Election,Brazil proposes bill to cut working hours without reducing salaries,46.0,46.0,0.0,Luiz InÃ¡cio Lula da Silva,2026-04-08 12:00:00+00,https://wncy.com/2026/04/08/brazil-government-to-propose-bill-cutting-working-hours-this-week-says-lula/,Claimed 'Reuters' but URL goes to wncy.com
wrong_outlet,NHK WORLD-JAPAN News,www3.nhk.or.jp,ukraine-election-called-in-2025,Ukraine election called by...?,Zelenskyy rules out elections in Russian-occupied territories,39.0,39.0,0.0,"June 30, 2026",2025-12-20 12:00:00+00,https://www3.nhk.or.jp/nhkworld/en/news/20251221_05/,Claimed 'NHK WORLD-JAPAN News' but URL goes to www3.nhk.or.jp
wrong_outlet,NHK WORLD-JAPAN News,www3.nhk.or.jp,ukraine-election-called-in-2025,Ukraine election called by...?,Zelensky says elections impossible in Russian-occupied territories,41.0,35.0,-6.0,"June 30, 2026",2025-12-21 12:00:00+00,https://www3.nhk.or.jp/nhkworld/en/news/20251221_05/,Claimed 'NHK WORLD-JAPAN News' but URL goes to www3.nhk.or.jp
wrong_outlet,NHK WORLD-JAPAN News,www3.nhk.or.jp,ukraine-election-called-in-2025,Ukraine election called by...?,Zelenskyy reiterates elections impossible under martial law and in occupied territories,13.0,11.0,-2.0,"June 30, 2026",2026-03-18 12:00:00+00,https://www3.nhk.or.jp/nhkworld/en/news/20251221_05/,Claimed 'NHK WORLD-JAPAN News' but URL goes to www3.nhk.or.jp
